ID,English Common Name,Latin Name,Wikipedia Link,Translated Name (Mylène),Translated Name (...)
377,Wattle,Acacia,http://en.wikipedia.org/wiki/Acacia,Akazie,
327,True mulga,Acacia aneura,http://en.wikipedia.org/wiki/Acacia_aneura,Mulga,
579,Needle bush,Acacia farnesiana,http://en.wikipedia.org/wiki/Vachellia_farnesiana,Süsse Akazie,
298,Sydney golden wattle,Acacia longifolia,http://en.wikipedia.org/wiki/Acacia_longifolia,,
49,Feijoa,Acca sellowiana,http://en.wikipedia.org/wiki/Acca_sellowiana,"Brasillianische Guave, Feijoa, Ananas-Guave",
175,Maple,Acer,http://en.wikipedia.org/wiki/Acer_(genus),Ahorn,
289,Black maple,Acer nigrum,http://en.wikipedia.org/wiki/Acer_nigrum,Schwarzer Zucker-Ahorn,
272,Silver maple,Acer saccharinum,http://en.wikipedia.org/wiki/Acer_saccharinum,Silber-Ahorn,
136,Sugar maple,Acer saccharum,http://en.wikipedia.org/wiki/Acer_saccharum,Zucker-Ahorn,
422,Common yarrow,Achillea millefolium,http://en.wikipedia.org/wiki/Achillea_millefolium,Gemeine Schafgarbe,
87,Kiwifruit,Actinidia,http://en.wikipedia.org/wiki/Kiwifruit,Kiwi,
530,Ground elder,Aegopodium podagraria,http://en.wikipedia.org/wiki/Goutweed,Giersch,
686,Goutweed,Aegopodium podagraria,http://en.wikipedia.org/wiki/Aegopodium_podagraria,Giersch,
290,Yellow buckeye,Aesculus flava,http://en.wikipedia.org/wiki/Aesculus_flava,Gelbe Rosskastanie,
224,Horse chestnut,Aesculus hippocastanum,http://en.wikipedia.org/wiki/Aesculus_hippocastanum,Gewöhnliche Rosskastanie,
794,Horse mushroom,Agaricus arvensis,http://en.wikipedia.org/wiki/Agaricus_arvensis,Weisser Anis-Champignon,
785,The prince,Agaricus augustus,http://en.wikipedia.org/wiki/Agaricus_augustus,Riesen-Champignon,
800,Field mushroom,Agaricus campestris,http://en.wikipedia.org/wiki/Agaricus_campestris,Wiesen-Champignon,
276,Agave,Agave,http://en.wikipedia.org/wiki/Agave,Agave,
435,Silk tree,Albizia,http://en.wikipedia.org/wiki/Albizia,Ablizie,
509,Persian silk tree,Albizia julibrissin,http://en.wikipedia.org/wiki/Albizia_julibrissin,Seidenbaum,
730,Lady's mantle,Alchemilla,http://en.wikipedia.org/wiki/Alchemilla,Frauenmantel,
157,Garlic mustard,Alliaria petiolata,http://en.wikipedia.org/wiki/Alliaria_petiolata,Knoblauchsrauke,
152,Onion,Allium,http://en.wikipedia.org/wiki/Allium,Zwiebel,
639,Leek,Allium ampeloprasum,http://en.wikipedia.org/wiki/Leek,Lauch,
131,Mouse garlic,Allium angulosum,,Kanten-Lauch,
202,Garlic,Allium sativum,http://en.wikipedia.org/wiki/Allium_sativum,Knoblauch,
585,Chives,Allium schoenoprasum,http://en.wikipedia.org/wiki/Chives,Schnittlauch,
690,Ramps,Allium tricoccum,http://en.wikipedia.org/wiki/Allium_tricoccum,,
486,Three-cornered leek,Allium triquetrum,http://en.wikipedia.org/wiki/Allium_triquetrum,Glöckchen-Lauch,
707,Garlic chives,Allium tuberosum,http://en.wikipedia.org/wiki/Allium_tuberosum,Knoblauch-Schnittlauch,
542,Wild garlic,Allium ursinum,http://en.wikipedia.org/wiki/Allium_ursinum,Bärlauch,
184,Tree onion,Allium x proliferum,http://en.wikipedia.org/wiki/Allium_proliferum,,
772,Aloe,Aloe,http://en.wikipedia.org/wiki/Aloe,Aloe,
709,Aloe vera,Aloe vera,http://en.wikipedia.org/wiki/Aloe_vera,Echte Aloe,
459,Lemon verbena,Aloysia citrodora,http://en.wikipedia.org/wiki/Aloysia_citrodora,Zitronenverbene,
115,Serviceberry,Amelanchier,http://en.wikipedia.org/wiki/Amelanchier,Felsbirne,
396,Saskatoon,Amelanchier alnifolia,http://en.wikipedia.org/wiki/Amelanchier_alnifolia,Elenblättrige Felsenbirne,
141,Downy serviceberry,Amelanchier arborea,http://en.wikipedia.org/wiki/Amelanchier_arborea,Schnee-Felsenbirne,
337,Canadian serviceberry,Amelanchier canadensis,http://en.wikipedia.org/wiki/Amelanchier_canadensis,Kanadische Felsenbirne,
291,Allegheny serviceberry,Amelanchier laevis,http://en.wikipedia.org/wiki/Amelanchier_laevis,Kahle Felsenbirne,
354,Apple serviceberry,Amelanchier x grandiflora,http://en.wikipedia.org/wiki/Amelanchier_grandiflora,,
699,Pineapple,Ananas comosus,http://en.wikipedia.org/wiki/Pineapple,Ananas,
429,Dill,Anethum graveolens,http://en.wikipedia.org/wiki/Anethum_graveolens,Dill,
561,Cherimoya,Annona cherimola,http://en.wikipedia.org/wiki/Cherimoya,Cherimoya,
464,Soursop,Annona muricata,http://en.wikipedia.org/wiki/Annona_muricata,Stachelannone,
599,Cow parsley,Anthriscus sylvestris,http://en.wikipedia.org/wiki/Anthriscus_sylvestris,Wiesen-Kerbel,
742,Columbine,Aquilegia,http://en.wikipedia.org/wiki/Aquilegia,Akeleie,
397,Chinese angelica tree,Aralia chinensis,http://en.wikipedia.org/wiki/Aralia_chinensis,Chinesische Aralie,
344,Japanese angelica tree,Aralia elata,http://en.wikipedia.org/wiki/Aralia_elata,Japanische Aralie,
292,Devil's walkingstick,Aralia spinosa,http://en.wikipedia.org/wiki/Aralia_spinosa,"Herkuleskeule, Aralia spinosa",
576,Araucaria species,Araucaria,http://en.wikipedia.org/wiki/Araucaria,Araukarien,
200,Monkey puzzle,Araucaria araucana,http://en.wikipedia.org/wiki/Araucaria_araucana,Chilenische Araukarie,
468,Bunya pine,Araucaria bidwillii,http://en.wikipedia.org/wiki/Araucaria_bidwillii,Queensland-Araukarie,
299,Norfolk island pine,Araucaria heterophylla,http://en.wikipedia.org/wiki/Araucaria_heterophylla,Zimmertanne,
300,Pacific madrone,Arbutus menziesii,http://en.wikipedia.org/wiki/Arbutus_menziesii,Amerikanischer Erdbeerbaum,
60,Strawberry tree,Arbutus unedo,http://en.wikipedia.org/wiki/Arbutus_unedo,Westlicher Erberrbaum,
169,Burdock,Arctium,http://en.wikipedia.org/wiki/Arctium,Klette,
83,Manzanita,Arctostaphylos,http://en.wikipedia.org/wiki/Manzanita,Bärentraube,
398,Whiteleaf manzanita,Arctostaphylos manzanita,http://en.wikipedia.org/wiki/Arctostaphylos_manzanita,,
527,Horseradish,Armoracia rusticana,http://en.wikipedia.org/wiki/Horseradish,Meerrettich,
119,Chokeberry,Aronia,http://en.wikipedia.org/wiki/Aronia,Apfelbeere,
219,Black chokeberry,Aronia melanocarpa,http://en.wikipedia.org/wiki/Aronia_melanocarpa,Scharze Apfelbeere,
752,Mugwort,Artemisia,http://en.wikipedia.org/wiki/Mugwort,Artemisia,
556,Silver wormwood,Artemisia ludoviciana,http://en.wikipedia.org/wiki/Artemisia_ludoviciana,,
537,Breadfruit,Artocarpus altilis,http://en.wikipedia.org/wiki/Breadfruit,Brotfruchtbaum,
467,Jackfruit,Artocarpus heterophyllus,http://en.wikipedia.org/wiki/Jackfruit,Jackfrucht,
165,Milkweed,Asclepias,http://en.wikipedia.org/wiki/Asclepias,Seidenpflanzen,
116,Pawpaw,Asimina triloba,http://en.wikipedia.org/wiki/Asimina_triloba,Dreilappige Papau,
156,Asparagus,Asparagus officinalis,http://en.wikipedia.org/wiki/Asparagus_officinalis,Spargel,
724,Triangle orache,Atriplex prostrata,,Spiess-Melde,
798,Jelly ear fungus,Auricularia auricula-judae,http://en.wikipedia.org/wiki/Auricularia_auricula-judae,Judasohr,
797,Cloud ear fungus,Auricularia polytricha,http://en.wikipedia.org/wiki/Cloud_ear,,
419,Starfruit,Averrhoa carambola,http://en.wikipedia.org/wiki/Averrhoa_carambola,Sternfrucht,
455,Neem,Azadirachta indica,http://en.wikipedia.org/wiki/Azadirachta_indica,Niembaum,
833,Lemon myrtle,Backhousia citriodora,http://en.wikipedia.org/wiki/Backhousia_citriodora,,
758,Malabar spinach,Basella alba,http://en.wikipedia.org/wiki/Basella_alba,Indischer Spinat,
605,Barberry,Berberis,http://en.wikipedia.org/wiki/Berberis,Berberitze,
511,Beet,Beta vulgaris,http://en.wikipedia.org/wiki/Beet,Gemeine Rübe,
689,Chard,Beta vulgaris subsp. cicla,http://en.wikipedia.org/wiki/Chard,Mangold,
608,Sea beet,Beta vulgaris subsp. maritima,http://en.wikipedia.org/wiki/Sea_beet,Wilde Rübe,
524,Birch,Betula,http://en.wikipedia.org/wiki/Birch,Birke,
811,River birch,Betula nigra,http://en.wikipedia.org/wiki/Betula_nigra,Schwarz-Birke,
715,Paper birch,Betula papyrifera,http://en.wikipedia.org/wiki/Betula_papyrifera,"Papier-Birke, Kanu-Birke, Amerikanische Weiss-Birke",
814,Silver birch,Betula pendula,http://en.wikipedia.org/wiki/Betula_pendula,Hänge-Birke,
783,Bolete,Boletus,http://en.wikipedia.org/wiki/Boletus,Dickröhrling,
784,King bolete,Boletus edulis,http://en.wikipedia.org/wiki/Boletus_edulis,Steinpilz,
207,Borage,Borago officinalis,http://en.wikipedia.org/wiki/Borago_officinalis,"Boretsch, Borretsch, Gurkenkraut",
810,Palymra palm,Borassus,http://en.wikipedia.org/wiki/Borassus,Borassus,
389,Illawarra flame tree,Brachychiton acerifolius,http://en.wikipedia.org/wiki/Brachychiton_acerifolius,Australischer Flammenbaum,
271,Kurrajong,Brachychiton populneus,http://en.wikipedia.org/wiki/Brachychiton_populneus,,
328,Mexican blue palm,Brahea armata,http://en.wikipedia.org/wiki/Brahea_armata,,
301,Guadalupe palm,Brahea edulis,http://en.wikipedia.org/wiki/Brahea_edulis,,
615,Black mustard,Brassica nigra,http://en.wikipedia.org/wiki/Brassica_nigra,Schwarzer Senf,
50,Kale,Brassica oleracea var. acephala,http://en.wikipedia.org/wiki/Kale,Zierkohl,
767,Red cabbage,Brassica oleracea var. capitata f. rubra,http://en.wikipedia.org/wiki/Red_cabbage,Rotkohl,
729,Brussels sprout,Brassica oleracea var. gemmifera,http://en.wikipedia.org/wiki/Brussels_sprout,Rosenkohl,
721,Broccoli,Brassica oleracea var. italica,http://en.wikipedia.org/wiki/Broccoli,Broccoli,
302,Paper mulberry,Broussonetia papyrifera,http://en.wikipedia.org/wiki/Broussonetia_papyrifera,Papiermaulbeerbaum,
560,Butia palm,Butia,http://en.wikipedia.org/wiki/Butia,Geleepalmen,
303,Jelly palm,Butia capitata,http://en.wikipedia.org/wiki/Butia_capitata,Gemeine Geleepalme,
474,Pigeon pea,Cajanus cajan,http://en.wikipedia.org/wiki/Pigeon_pea,,
484,Marigold,Calendula,http://en.wikipedia.org/wiki/Calendula,Ringelblume,
488,Calendula,Calendula,http://en.wikipedia.org/wiki/Calendula,Ringelblume,
370,Beautyberry,Callicarpa,http://en.wikipedia.org/wiki/Callicarpa,Schönfrucht,
382,Cape chestnut,Calodendrum capense,http://en.wikipedia.org/wiki/Calodendrum_capense,Kapkastanie,
799,Giant puffball,Calvatia gigantea,http://en.wikipedia.org/wiki/Calvatia_gigantea,Riesenbovist,
371,Camellia,Camellia,http://en.wikipedia.org/wiki/Camellia,Kamelien,
304,Japanese camellia,Camellia japonica,http://en.wikipedia.org/wiki/Camellia_japonica,Kamelie,
452,Cannabis,Cannabis,http://en.wikipedia.org/wiki/Cannabis,Hanf,
719,Chanterelle,Cantharellus,http://en.wikipedia.org/wiki/Cantharellus,Pfifferlinge,
790,Yellow chanterelle,Cantharellus cibarius,http://en.wikipedia.org/wiki/Cantharellus_cibarius,Echter Pfifferling,
791,White chanterelle,Cantharellus subalbidus,http://en.wikipedia.org/wiki/Cantharellus_subalbidus,,
541,Shepherd's purse,Capsella bursa-pastoris,http://en.wikipedia.org/wiki/Capsella_bursa-pastoris,Gewöhnliches Hirtentäschel,
55,Chili pepper,Capsicum,http://en.wikipedia.org/wiki/Chili_pepper,"Paprika, Chillischoten, Peperoncini",
102,Bell pepper,Capsicum annuum,http://en.wikipedia.org/wiki/Bell_pepper,"Paprika, Spanischer Pfeffer",
633,Siberian peashrub,Caragana arborescens,http://en.wikipedia.org/wiki/Caragana_arborescens,"Gemeiner Erbsenstrauch, gewöhnlicher Erbsenstrauch",
233,Hairy bittercress,Cardamine hirsuta,http://en.wikipedia.org/wiki/Cardamine_hirsuta,"Behaartes Schaumkraut, Gartenschaumkraut, Ruderal-Schaumkraut",
222,Papaya,Carica papaya,http://en.wikipedia.org/wiki/Carica_papaya,Papaya,
829,Carissa,Carissa,http://en.wikipedia.org/wiki/Carissa,Wachsbaum,
731,Natal plum,Carissa macrocarpa,http://en.wikipedia.org/wiki/Carissa_macrocarpa,Natalpflaume,
492,Conkerberry,Carissa spinarum,http://en.wikipedia.org/wiki/Carissa_spinarum,Karandapflaume,
483,Pigface,Carpobrotus,http://en.wikipedia.org/wiki/Carpobrotus,Mittagsblumen,
778,Highway ice plant,Carpobrotus edulis,http://en.wikipedia.org/wiki/Carpobrotus_edulis,"Gelbe Mittagsblume, essbare Mittagsblume, Hexenfinger",
144,Hickory,Carya,http://en.wikipedia.org/wiki/Carya,Hickory,
503,Bitternut hickory,Carya cordiformis,http://en.wikipedia.org/wiki/Carya_cordiformis,Bitternuss,
352,Pignut hickory,Carya glabra,http://en.wikipedia.org/wiki/Carya_glabra,Ferkelnuss,
93,Pecan,Carya illinoinensis,http://en.wikipedia.org/wiki/Carya_illinoinensis,Pekannuss,
362,Shellbark hickory,Carya laciniosa,http://en.wikipedia.org/wiki/Carya_laciniosa,Königsnuss,
281,Shagbark hickory,Carya ovata,http://en.wikipedia.org/wiki/Carya_ovata,Schuppenrinden-Hickory,
356,Mockernut hickory,Carya tomentosa,http://en.wikipedia.org/wiki/Carya_tomentosa,Spottnuss-Hickory,
95,White sapote,Casimiroa edulis,http://en.wikipedia.org/wiki/Casimiroa_edulis,Weisse Sapote,
70,Chestnut,Castanea,http://en.wikipedia.org/wiki/Castanea_(genus),Kastanie,
414,Japanese chestnut,Castanea crenata,http://en.wikipedia.org/wiki/Castanea_crenata,Japanische Kastanie,
343,American chestnut,Castanea dentata,http://en.wikipedia.org/wiki/Castanea_dentata,Amerikanische Kastanie,
155,Chinese chestnut,Castanea mollissima,http://en.wikipedia.org/wiki/Castanea_mollissima,Chinesische Kastanie,
345,Dwarf chestnut,Castanea pumila,http://en.wikipedia.org/wiki/Castanea_pumila,Zwergkastanie,
363,Sweet chestnut,Castanea sativa,http://en.wikipedia.org/wiki/Castanea_sativa,Edelkastanie,
182,Hackberry,Celtis,http://en.wikipedia.org/wiki/Celtis,"Zürgelbäume, Nesselbäume",
305,Mediterranean hackberry,Celtis australis,http://en.wikipedia.org/wiki/Celtis_australis,Europäischer Zürgelbaum,
293,Common hackberry,Celtis occidentalis,http://en.wikipedia.org/wiki/Celtis_occidentalis,Amerikanischer Zürgelbaum,
306,Netleaf hackberry,Celtis reticulata,http://en.wikipedia.org/wiki/Celtis_reticulata,,
329,Chinese hackberry,Celtis sinensis,http://en.wikipedia.org/wiki/Celtis_sinensis,Chinesischer Zürgelbaum,
275,Carob,Ceratonia siliqua,http://en.wikipedia.org/wiki/Ceratonia_siliqua,"Johannisbrotbaum, Karobbaum",
340,Redbud,Cercis,http://en.wikipedia.org/wiki/Cercis,Judasbaum,
138,Eastern redbud,Cercis canadensis,http://en.wikipedia.org/wiki/Cercis_canadensis,Kanadischer Judasbaum,
307,Western redbud,Cercis occidentalis,http://en.wikipedia.org/wiki/Cercis_occidentalis,Westlicher Judasbaum,
364,Judas tree,Cercis siliquastrum,http://en.wikipedia.org/wiki/Cercis_siliquastrum,Gewöhnlicher Judasbaum,
704,Japanese quince,Chaenomeles japonica,http://en.wikipedia.org/wiki/Chaenomeles_japonica,Japanische Zierquitte,
378,Dwarf fan palm,Chamaerops humilis,http://en.wikipedia.org/wiki/Chamaerops_humilis,Zwergpalme,
188,Pitseed goosefoot,Chenopodium berlandieri,http://en.wikipedia.org/wiki/Chenopodium_berlandieri,Berlandiers Gänsefuss,
787,Shaggy parasol,Chlorophyllum,http://en.wikipedia.org/wiki/Shaggy_parasol,"Safranschirmlinge, Grünsporschirmlinge",
444,Cocoplum,Chrysobalanus icaco,http://en.wikipedia.org/wiki/Chrysobalanus_icaco,Kokospflaume,
221,Star apple,Chrysophyllum cainito,http://en.wikipedia.org/wiki/Chrysophyllum_cainito,Sternapfel,
515,Endive,Cichorium,http://en.wikipedia.org/wiki/Endive,Endivie,
697,Common chicory,Cichorium intybus,http://en.wikipedia.org/wiki/Chicory,Gemeine Wegwarte,
77,Calamondin,Citrofortunella microcarpa,http://en.wikipedia.org/wiki/Citrofortunella_microcarpa,Calamondinorange,
573,Musk lime,Citrofortunella mitis,http://en.wikipedia.org/wiki/%C3%97_Citrofortunella_mitis,Calamondinorange,
720,Watermelon,Citrullus lanatus,http://en.wikipedia.org/wiki/Watermelon,Wassermelone,
263,Citrus,Citrus,http://en.wikipedia.org/wiki/Citrus,Zitruspflanze,
26,Lime,Citrus,http://en.wikipedia.org/wiki/Lime_(fruit),Limette,
81,Bitter orange,Citrus aurantium,http://en.wikipedia.org/wiki/Citrus_aurantium,Bitterorange,
831,Kaffir lime,Citrus hystrix,http://en.wikipedia.org/wiki/Kaffir_lime,Kaffernlimette,
19,Kumquat,Citrus japonica,http://en.wikipedia.org/wiki/Citrus_japonica,Kumquat,
771,Sweet lime,Citrus limetta,http://en.wikipedia.org/wiki/Citrus_limetta,Süsse Limette,
4,Lemon,Citrus limon,http://en.wikipedia.org/wiki/Citrus_limon,Zitrone,
485,Lemonade tree,Citrus limon x reticulata,,,
11,Pomelo,Citrus maxima,http://en.wikipedia.org/wiki/Citrus_maxima,Pampelmuse,
25,Buddha's hand,Citrus medica var. sarcodactyli,http://en.wikipedia.org/wiki/Buddha%27s_hand,,
5,Grapefruit,Citrus paradisi,http://en.wikipedia.org/wiki/Citrus_paradisi,Grapefruit,
23,Mandarin,Citrus reticulata,http://en.wikipedia.org/wiki/Mandarin_orange,Mandarine,
308,Key lime,Citrus x aurantifolia,http://en.wikipedia.org/wiki/Citrus_aurantifolia,Echte Limette,
551,Mandarin-lime,Citrus x limonia,http://en.wikipedia.org/wiki/Rangpur_(fruit),,
27,Meyer lemon,Citrus x meyeri,http://en.wikipedia.org/wiki/Citrus_meyeri,,
3,Orange,Citrus x sinensis,http://en.wikipedia.org/wiki/Citrus_sinensis,Orange,
57,Miner's lettuce,Claytonia perfoliata,http://en.wikipedia.org/wiki/Claytonia_perfoliata,Gewöhnliches Tellerkraut,
94,Chaya,Cnidoscolus aconitifolius,http://en.wikipedia.org/wiki/Cnidoscolus_aconitifolius,Baumspinat,
743,Seagrape,Coccoloba uvifera,http://en.wikipedia.org/wiki/Coccoloba_uvifera,"Meertraubenbaum, Seetraube",
460,Coconut palm,Cocos nucifera,http://en.wikipedia.org/wiki/Coconut,Kokospalme,
793,Shaggy mane,Coprinus comatus,http://en.wikipedia.org/wiki/Coprinus_comatus,"Schopf-Tintling, Spargelpilz",
759,Corchorus,Corchorus,http://en.wikipedia.org/wiki/Corchorus,Chorchorus,
309,Cabbage tree,Cordyline australis,http://en.wikipedia.org/wiki/Cordyline_australis,,
277,Dogwood,Cornus,http://en.wikipedia.org/wiki/Cornus_(genus),Hartriegel,
118,Kousa dogwood,Cornus kousa,http://en.wikipedia.org/wiki/Cornus_kousa,Asiatischer Blüten-Hartriegel,
248,Cornelian cherry dogwood,Cornus mas,http://en.wikipedia.org/wiki/Cornus_mas,Kornelkirsche,
134,Red osier dogwood,Cornus sericea,http://en.wikipedia.org/wiki/Cornus_sericea,Seidiger Hartriegel,
120,Hazel,Corylus,http://en.wikipedia.org/wiki/Corylus,Hasel,
294,Common hazel,Corylus avellana,http://en.wikipedia.org/wiki/Corylus_avellana,Gemeine Hasel,
251,Turkish hazel,Corylus colurna,http://en.wikipedia.org/wiki/Corylus_colurna,Baum-Hasel,
391,Beaked hazel,Corylus cornuta,http://en.wikipedia.org/wiki/Corylus_cornuta,Schnabel-Hasel,
395,Filbert,Corylus maxima,http://en.wikipedia.org/wiki/Corylus_maxima,Lambertshasel,
570,Karaka,Corynocarpus laevigatus,http://en.wikipedia.org/wiki/Karaka_(tree),Karaka Baum,
804,Talipot palm,Corypha umbraculifera,http://en.wikipedia.org/wiki/Corypha_umbraculifera,Talipot Palme,
172,Hawthorn,Crataegus,http://en.wikipedia.org/wiki/Crataegus,Weissdorn,
342,Russian hawthorn,Crataegus ambigua,http://en.wikipedia.org/wiki/Crataegus_ambigua,,
350,Grand rapids hawthorn,Crataegus ambitiosa,http://en.wikipedia.org/wiki/Crataegus_ambitiosa,,
417,Arnold hawthorn,Crataegus arnoldiana,http://en.wikipedia.org/wiki/Crataegus_arnoldiana,,
718,Azarole hawthorn,Crataegus azarolus,http://en.wikipedia.org/wiki/Crataegus_azarolus,,
310,Black hawthorn,Crataegus douglasii,http://en.wikipedia.org/wiki/Crataegus_douglasii,"Douglas-Weissdorn, Oregon-Weissdorn",
346,Midland hawthorn,Crataegus laevigata,http://en.wikipedia.org/wiki/Crataegus_laevigata,Zweigriffeliger Weissdorn,
365,Lavalle hawthorn,Crataegus lavallei,http://en.wikipedia.org/wiki/Crataegus_lavallei,,
774,Tejocote,Crataegus mexicana,http://en.wikipedia.org/wiki/Crataegus_mexicana,,
341,Downy hawthorn,Crataegus mollis,http://en.wikipedia.org/wiki/Crataegus_mollis,,
399,Common hawthorn,Crataegus monogyna,http://en.wikipedia.org/wiki/Crataegus_monogyna,,
357,Washington hawthorn,Crataegus phaenopyrum,http://en.wikipedia.org/wiki/Crataegus_phaenopyrum,,
548,Chinese hawthorn,Crataegus pinnatifida,http://en.wikipedia.org/wiki/Crataegus_pinnatifida,,
760,Mayhaw,Crataegus series Aestivales,http://en.wikipedia.org/wiki/Mayhaw,,
587,Rock samphire,Crithmum maritimum,http://en.wikipedia.org/wiki/Crithmum,Meerfenchel,
65,Squash,Cucurbita,http://en.wikipedia.org/wiki/Cucurbita,Kürbis,
67,Pumpkin,Cucurbita,http://en.wikipedia.org/wiki/Cucurbita,Kürbis,
475,Spaghetti squash,Cucurbita pepo,http://en.wikipedia.org/wiki/Spaghetti_squash,Spaghettikürbis,
850,Zucchini,Cucurbita pepo,http://en.wikipedia.org/wiki/Zucchini,"Zucchini, Zucchetti",
69,Quince,Cydonia oblonga,http://en.wikipedia.org/wiki/Cydonia_oblonga,Quitte,
461,Lemongrass,Cymbopogon,http://en.wikipedia.org/wiki/Cymbopogon,Zitronengras,
765,Palmarosa,Cymbopogon martinii,http://en.wikipedia.org/wiki/Cymbopogon_martinii,,
85,Globe artichoke,Cynara cardunculus var. scolymus,http://en.wikipedia.org/wiki/Artichoke,Artischocke,
526,Wild carrot,Daucus carota,http://en.wikipedia.org/wiki/Daucus_carota,Wilde Möhre,
513,Flax lily,Dianella,http://en.wikipedia.org/wiki/Dianella_(genus),Flachslilie,
133,Gasplant,Dictamnus albus,http://en.wikipedia.org/wiki/Dictamnus,"Diptam, Aschwurz, Brennender Busch",
828,Longan,Dimocarpus longan,http://en.wikipedia.org/wiki/Longan,Longan Baum,
447,Yam,Dioscorea,http://en.wikipedia.org/wiki/Yam_(vegetable),Yamswurzel,
12,Persimmon,Diospyros,http://en.wikipedia.org/wiki/Persimmon,"Kaki, Persimone, Götterfrucht",
462,Chocolate persimmon,Diospyros digyna,http://en.wikipedia.org/wiki/Diospyros_digyna,Schwarze Sapote,
280,Japanese persimmon,Diospyros kaki,http://en.wikipedia.org/wiki/Diospyros_kaki,Kaki,
400,Date-plum,Diospyros lotus,http://en.wikipedia.org/wiki/Diospyros_lotus,Lotuspflaume,
246,American persimmon,Diospyros virginiana,http://en.wikipedia.org/wiki/Diospyros_virginiana,Amerikanische Persimone,
600,Wild rocket,Diplotaxis tenuifolia,http://en.wikipedia.org/wiki/Diplotaxis_tenuifolia,"Wilde Rauke, Rucola, Schmalblättrige Doppelsame",
832,Kei apple,Dovyalis caffra,http://en.wikipedia.org/wiki/Dovyalis_caffra,,
522,Durian,Durio,http://en.wikipedia.org/wiki/Durian,"Durianbaum, Zibetbaum",
773,Epazote,Dysphania ambrosioides,http://en.wikipedia.org/wiki/Dysphania_ambrosioides,"Epazote, Mexikanische Drüsengänsefuss, Wohlriechender Gänsefuss",
201,Echinacea,Echinacea,http://en.wikipedia.org/wiki/Echinacea,"Echinacea, Sonnenhüte, Scheinsonnenhüte, Igelköpfe",
609,Silverberry,Elaeagnus,http://en.wikipedia.org/wiki/Elaeagnus,Ölweide,
242,Russian-olive,Elaeagnus angustifolia,http://en.wikipedia.org/wiki/Elaeagnus_angustifolia,Schmalblättrige Ölweide,
358,Autumn-olive,Elaeagnus umbellata,http://en.wikipedia.org/wiki/Elaeagnus_umbellata,"Korallen-Ölweide, Schirm-Ölweide",
830,Blue quandong,Elaeocarpus angustifolius,http://en.wikipedia.org/wiki/Elaeocarpus_angustifolius,"Ganiterbäume, Ölfrüchte (genus elaeocarpus)",
18,Loquat,Eriobotrya japonica,http://en.wikipedia.org/wiki/Eriobotrya_japonica,Japanische Wollmispel,
553,Golden yarrow,Eriophyllum confertiflorum,http://en.wikipedia.org/wiki/Eriophyllum_confertiflorum,,
8,Eucalyptus,Eucalyptus,http://en.wikipedia.org/wiki/Eucalyptus,Eukalyptus,
311,Cider gum,Eucalyptus gunnii,http://en.wikipedia.org/wiki/Eucalyptus_gunnii,Mostgummi-Eukalyptus,
575,Manna gum,Eucalyptus viminalis,http://en.wikipedia.org/wiki/Eucalyptus_viminalis,Rutenförmiger Eukalyptus,
451,Surinam cherry,Eugenia uniflora,http://en.wikipedia.org/wiki/Eugenia_uniflora,Surinamkirsche,
725,Açai palm,Euterpe oleracea,http://en.wikipedia.org/wiki/A%C3%A7a%C3%AD_palm,Kohlpalme,
580,Beech,Fagus,http://en.wikipedia.org/wiki/Beech,Buche,
710,American beech,Fagus grandifolia,http://en.wikipedia.org/wiki/Fagus_grandifolia,Amerikanische Buche,
241,European beech,Fagus sylvatica,http://en.wikipedia.org/wiki/Fagus_sylvatica,Rotbuche,
170,Japanese knotweed,Fallopia japonica,http://en.wikipedia.org/wiki/Fallopia_japonica,Japanischer Staudenknöterich,
445,Fig,Ficus,http://en.wikipedia.org/wiki/Ficus,Feige,
20,Common fig,Ficus carica,http://en.wikipedia.org/wiki/Ficus_carica,Echte Feige,
469,Governor's plum,Flacourtia indica,http://en.wikipedia.org/wiki/Flacourtia_indica,,
63,Fennel,Foeniculum vulgare,http://en.wikipedia.org/wiki/Foeniculum_vulgare,Fenchel,
105,Strawberry,Fragaria,http://en.wikipedia.org/wiki/Fragaria,Erdbeere,
359,Manna ash,Fraxinus ornus,http://en.wikipedia.org/wiki/Fraxinus_ornus,Manna Esche,
109,Cleavers,Galium aparine,http://en.wikipedia.org/wiki/Galium_aparine,Kletten-Labkraut,
217,Salal,Gaultheria shallon,http://en.wikipedia.org/wiki/Gaultheria_shallon,"Salal, Schallon-Scheinbeere, Hohe Rebhuhnbeere",
146,Ginkgo,Ginkgo biloba,http://en.wikipedia.org/wiki/Ginkgo_biloba,"Ginko, Ginkgo",
528,Ground ivy,Glechoma hederacea,http://en.wikipedia.org/wiki/Glechoma_hederacea,"Gundermann, Echt-Gundelrebe",
252,Honey locust,Gleditsia triacanthos,http://en.wikipedia.org/wiki/Gleditsia_triacanthos,"Falscher Christusdorn, Amerikanische Gleditschie",
789,Spike-cap,Gomphidius,http://en.wikipedia.org/wiki/Gomphidius,Schmierling,
754,Hen-of-the-woods,Grifola frondosa,http://en.wikipedia.org/wiki/Grifola_frondosa,"Laubporling, Gemeiner Klapperschwamm, Maitake",
218,Kentucky coffeetree,Gymnocladus dioicus,http://en.wikipedia.org/wiki/Gymnocladus_dioicus,Geweihbaum,
137,Witch-hazel,Hamamelis,http://en.wikipedia.org/wiki/Hamamelis,Zaubernuss,
756,Mangaba,Hancornia speciosa,http://en.wikipedia.org/wiki/Hancornia_speciosa,,
381,Kaffir plum,Harpephyllum caffrum,,,
187,Sunflower,Helianthus annuus,http://en.wikipedia.org/wiki/Helianthus_annuus,Sonnenblume,
209,Jerusalem artichoke,Helianthus tuberosus,http://en.wikipedia.org/wiki/Helianthus_tuberosus,Topinambur,
127,Daylily,Hemerocallis,http://en.wikipedia.org/wiki/Hemerocallis,Taglilie,
769,Toyon,Heteromeles arbutifolia,http://en.wikipedia.org/wiki/Heteromeles,"Rote Apfelbeere, Filzige Apfelbeere",
312,Rose of sharon,Hibiscus syriacus,http://en.wikipedia.org/wiki/Hibiscus_syriacus,"Straucheibisch, Scharonrose",
214,Sea hibiscus,Hibiscus tiliaceus,http://en.wikipedia.org/wiki/Hibiscus_tiliaceus,Lindenblättriger-Eibisch,
545,Sea-buckthorn,Hippophae,http://en.wikipedia.org/wiki/Hippophae,Sanddorn,
610,Common sea-buckthorn,Hippophae rhamnoides,http://en.wikipedia.org/wiki/Hippophae_rhamnoides,Sanddorn,
549,Oriental raisin tree,Hovenia dulcis,http://en.wikipedia.org/wiki/Hovenia_dulcis,Japanischer Rosinenbaum,
185,Hop,Humulus lupulus,http://en.wikipedia.org/wiki/Hops,Hopfen,
563,St John's wort,Hypericum perforatum,http://en.wikipedia.org/wiki/St_John's_wort,Echtes Johanniskraut,
664,Holly,Ilex,http://en.wikipedia.org/wiki/Holly,"Stechpalme, Christdorn",
500,Yaupon holly,Ilex vomitoria,http://en.wikipedia.org/wiki/Yaupon_holly,,
465,Pacay,Inga feuilleei,http://en.wikipedia.org/wiki/Inga_feuilleei,,
471,Sweet potato,Ipomoea batatas,http://en.wikipedia.org/wiki/Sweet_potato,Süsskartoffel,
73,Walnut,Juglans,http://en.wikipedia.org/wiki/Juglans,"Walnuss, Baumnuss",
413,Japanese walnut,Juglans ailantifolia,http://en.wikipedia.org/wiki/Juglans_ailantifolia,Japanische Walnuss,
297,Southern california walnut,Juglans californica,http://en.wikipedia.org/wiki/Juglans_californica,,
180,Butternut,Juglans cinerea,http://en.wikipedia.org/wiki/Juglans_cinerea,Butternuss,
376,Northern california walnut,Juglans hindsii,http://en.wikipedia.org/wiki/Juglans_hindsii,,
330,Arizona black walnut,Juglans major,http://en.wikipedia.org/wiki/Juglans_major,,
111,Black walnut,Juglans nigra,http://en.wikipedia.org/wiki/Juglans_nigra,Schwarznuss,
112,Persian walnut,Juglans regia,http://en.wikipedia.org/wiki/Juglans_regia,"Echte Walnuss, Baumnuss, Persische Waluss",
227,Juniper,Juniperus,http://en.wikipedia.org/wiki/Juniperus,Wacholder,
313,California juniper,Juniperus californica,http://en.wikipedia.org/wiki/Juniperus_californica,Kalifornischer Wacholder,
401,Common juniper,Juniperus communis,http://en.wikipedia.org/wiki/Juniperus_communis,Gemeiner Wacholder,
392,Rocky mountain juniper,Juniperus scopulorum,http://en.wikipedia.org/wiki/Juniperus_scopulorum,Rocky-Mountain Wacholder,
283,Eastern red-cedar,Juniperus virginiana,http://en.wikipedia.org/wiki/Juniperus_virginiana,Virginischer Wacholder,
788,Saffron milk cap,Lactarius deliciosus,http://en.wikipedia.org/wiki/Lactarius_deliciosus,Edel Reizker,
749,Hygrophorus milky,Lactarius hygrophoroides,http://en.wikipedia.org/wiki/Lactarius_hygrophoroides,,
552,Lettuce,Lactuca sativa,http://en.wikipedia.org/wiki/Lettuce,Gartensalat,
430,Prickly lettuce,Lactuca serriola,http://en.wikipedia.org/wiki/Lactuca_serriola,Stachel-Lattich,
781,Chicken-of-the-woods,Laetiporus sulphureus,http://en.wikipedia.org/wiki/Laetiporus_sulphureus,Gemeiner Schwefelporling,
602,Deadnettle,Lamium,http://en.wikipedia.org/wiki/Lamium,Taubnessel,
531,White deadnettle,Lamium album,http://en.wikipedia.org/wiki/Lamium_album,Weisse Taubnessel,
159,Henbit,Lamium amplexicaule,http://en.wikipedia.org/wiki/Lamium_amplexicaule,Stängelumfassende Taubnessel,
525,Purple deadnettle,Lamium purpureum,http://en.wikipedia.org/wiki/Lamium_purpureum,Purpurrote Taubnessel,
177,Toothwort,Lathraea,http://en.wikipedia.org/wiki/Lathraea,Schuppwurz,
770,Perennial sweet pea,Lathyrus latifolius,http://en.wikipedia.org/wiki/Lathyrus_latifolius,Breitblättrige Platterbse,
438,Sweet pea,Lathyrus odoratus,http://en.wikipedia.org/wiki/Lathyrus_odoratus,Duftende Platterbse,
268,Bay laurel,Laurus nobilis,http://en.wikipedia.org/wiki/Laurus_nobilis,"Echter Lorbeer, Gewürzlorbeer",
17,Lavender,Lavandula,http://en.wikipedia.org/wiki/Lavandula,Lavendel,
792,Birch bolete,Leccinum scabrum,http://en.wikipedia.org/wiki/Leccinum_scabrum,"Gemeiner Birkenpilz, Birken-Röhrling, Kapuziner, Geisspilz",
386,Lemon-scented teatree,Leptospermum petersonii,http://en.wikipedia.org/wiki/Leptospermum_petersonii,Zitronenmyrte,
387,Teatree,Leptospermum scoparium,http://en.wikipedia.org/wiki/Leptospermum_scoparium,"Südseemyrte, Neuseelandmyrte, Manuka",
148,Spicebush,Lindera,http://en.wikipedia.org/wiki/Lindera,Fieberstrauch,
498,Sweetgum,Liquidambar,http://en.wikipedia.org/wiki/Liquidambar,Amberbaum,
536,Lychee,Litchi chinensis,http://en.wikipedia.org/wiki/Lychee,Litschi,
594,Ryegrass,Lolium,http://en.wikipedia.org/wiki/Ryegrass,Weidelgras,
360,Honeysuckle,Lonicera,http://en.wikipedia.org/wiki/Lonicera,,
597,Smallflower bird's-foot trefoil,Lotus parviflorus,,,
604,Goji,Lycium,http://en.wikipedia.org/wiki/Goji,Bocksdorne,
383,Macadamia,Macadamia,http://en.wikipedia.org/wiki/Macadamia,Macadamianuss,
145,Osage-orange,Maclura pomifera,http://en.wikipedia.org/wiki/Maclura_pomifera,"Milchorangenbaum, Osagedorn",
796,Parasol mushroom,Macrolepiota procera,http://en.wikipedia.org/wiki/Macrolepiota_procera,"Gemeiner Riesenschirmling, Parasol, Riesenschirmpilz",
595,Mahonia species,Mahonia,http://en.wikipedia.org/wiki/Mahonia,Mahonie,
197,Oregon-grape,Mahonia aquifolium,http://en.wikipedia.org/wiki/Mahonia_aquifolium,Gewöhnliche Mahonie,
700,Agarita,Mahonia trifoliolata,http://en.wikipedia.org/wiki/Mahonia_trifoliolata,,
114,Crabapple,Malus,http://en.wikipedia.org/wiki/Malus,Äpfel,
351,Siberian crabapple,Malus baccata,http://en.wikipedia.org/wiki/Malus_baccata,"Kirschapfel, Sibirischer Wildapfel, Beerenapfel",
402,Sweet crabapple,Malus coronaria,http://en.wikipedia.org/wiki/Malus_coronaria,Süssel wildapfel,
14,Apple,Malus domestica,http://en.wikipedia.org/wiki/Malus_domestica,"Apfel, Kulturapfel",
270,Japanese flowering crabapple,Malus floribunda,http://en.wikipedia.org/wiki/Malus_floribunda,Japanischer Wildapfel,
403,Oregon crabapple,Malus fusca,http://en.wikipedia.org/wiki/Malus_fusca,Oregon Wildapfel,
416,Tea crabapple,Malus hupehensis,http://en.wikipedia.org/wiki/Malus_hupehensis,Teeapfel,
314,Prairie crabapple,Malus ioensis,http://en.wikipedia.org/wiki/Malus_ioensis,Savannen- oder Prärie-Wildapfel,
404,Sargent crabapple,Malus sargentii,http://en.wikipedia.org/wiki/Malus_sargentii,,
331,European crabapple,Malus sylvestris,http://en.wikipedia.org/wiki/Malus_sylvestris,"Holzapfel, Europäischer Wildapfel",
394,Cut-leaf crabapple,Malus transitoria,http://en.wikipedia.org/wiki/Malus_transitoria,,
361,Pillar crabapple,Malus tschonoskii,http://en.wikipedia.org/wiki/Malus_tschonoskii,Wollapfel,
554,Mallow,Malva,http://en.wikipedia.org/wiki/Malva,Malve,
418,Mango,Mangifera indica,http://en.wikipedia.org/wiki/Mangifera_indica,Mango,
523,Cassava,Manihot esculenta,http://en.wikipedia.org/wiki/Cassava,Maniok,
708,Sapodilla,Manilkara zapota,http://en.wikipedia.org/wiki/Manilkara_zapota,"Sapote, Gummibaum, Breiapfelbaum",
801,Scotch bonnet,Marasmius oreades,http://en.wikipedia.org/wiki/Marasmius_oreades,Nelken-Schwindling,
567,White horehound,Marrubium vulgare,http://en.wikipedia.org/wiki/Marrubium_vulgare,"Gemeiner Andorn, Weisser Andorn, Helfkraut",
539,Disc mayweed,Matricaria discoidea,http://en.wikipedia.org/wiki/Matricaria_discoidea,Strahlenlose Kamille,
746,Ostrich fern,Matteuccia struthiopteris,http://en.wikipedia.org/wiki/Matteuccia_struthiopteris,Straussenfarn,
703,Buriti,Mauritia flexuosa,http://en.wikipedia.org/wiki/Mauritia_flexuosa,Buriti-Palme,
206,Lemon balm,Melissa officinalis,http://en.wikipedia.org/wiki/Melissa_officinalis,Zitronenmelisse,
99,Mint,Mentha,http://en.wikipedia.org/wiki/Mentha,Minzen,
586,Water mint,Mentha aquatica,http://en.wikipedia.org/wiki/Mentha_aquatica,Wasser Minze,
204,Spearmint,Mentha spicata,http://en.wikipedia.org/wiki/Mentha_spicata,Grüne Minze,
228,Medlar,Mespilus,http://en.wikipedia.org/wiki/Mespilus,Mispel,
405,Common medlar,Mespilus germanica,http://en.wikipedia.org/wiki/Mespilus_germanica,"Deutsche Mispel, Echte Mispel",
476,Fruit salad plant,Monstera deliciosa,http://en.wikipedia.org/wiki/Monstera_deliciosa,Köstliches Fensterblatt,
779,Black morel,Morchella,http://en.wikipedia.org/wiki/Black_morel,Morchel,
702,Noni,Morinda citrifolia,http://en.wikipedia.org/wiki/Morinda_citrifolia,Noni-Baum,
693,Malunggay,Moringa oleifera,http://en.wikipedia.org/wiki/Moringa_oleifera,Meerrettichbaum,
92,Mulberry,Morus,http://en.wikipedia.org/wiki/Morus_(plant),Maulbeere,
97,White mulberry,Morus alba,http://en.wikipedia.org/wiki/Morus_alba,Weisse Maulbeere,
96,Black mulberry,Morus nigra,http://en.wikipedia.org/wiki/Morus_nigra,Schwarze Maulbeere,
173,Red mulberry,Morus rubra,http://en.wikipedia.org/wiki/Morus_rubra,Rote Maulbeere,
711,Aratilis,Muntingia calabura,http://en.wikipedia.org/wiki/Muntingia,Erbeerbaum,
466,Curry tree,Murraya koenigii,http://en.wikipedia.org/wiki/Curry_tree,Currybaum,
75,Banana,Musa,http://en.wikipedia.org/wiki/Banana,Banane,
160,Plantain,Musa,http://en.wikipedia.org/wiki/Plantains,Banane,
132,Northern bayberry,Myrica pensylvanica,http://en.wikipedia.org/wiki/Myrica_pensylvanica,"Myrica, Gagelstrauch",
332,Common myrtle,Myrtus communis,http://en.wikipedia.org/wiki/Myrtus_communis,"Myrte, Gemeine Myrte, Brautmyrte",
564,Watercress,Nasturtium officinale,http://en.wikipedia.org/wiki/Watercress,Brunnenkresse,
189,American lotus,Nelumbo lutea,http://en.wikipedia.org/wiki/Nelumbo_lutea,Amerikanische Lotosblume,
158,Catnip,Nepeta cataria,http://en.wikipedia.org/wiki/Nepeta_cataria,Katzenminze,
521,Rambutan,Nephelium lappaceum,http://en.wikipedia.org/wiki/Rambutan,Rambutan,
266,Black tupelo,Nyssa sylvatica,http://en.wikipedia.org/wiki/Nyssa_sylvatica,Schwarzer Tupelobaum,
696,Basil,Ocimum,http://en.wikipedia.org/wiki/Basil,Basilikum,
231,Indian plum,Oemleria cerasiformis,http://en.wikipedia.org/wiki/Oemleria_cerasiformis,Oregonpflaume,
167,Evening primrose,Oenothera,http://en.wikipedia.org/wiki/Oenothera,Nachtkerze,
59,Olive,Olea europaea,http://en.wikipedia.org/wiki/Olea_europaea,Olive,
56,Prickly pear,Opuntia,http://en.wikipedia.org/wiki/Opuntia,Feigenkaktus,
516,Marjoram,Origanum majorana,http://en.wikipedia.org/wiki/Marjoram,Majoran,
193,Oregano,Origanum vulgare,http://en.wikipedia.org/wiki/Origanum_vulgare,Oregano,
366,Sweet osmanthus,Osmanthus fragrans,http://en.wikipedia.org/wiki/Osmanthus_fragrans,Süsse Duftblüte,
100,Wood sorrel,Oxalis,http://en.wikipedia.org/wiki/Oxalis,Sauerklee,
502,Sourwood,Oxydendrum arboreum,http://en.wikipedia.org/wiki/Oxydendrum,Sauerbaum,
463,Pumpo,Pachira aquatica,http://en.wikipedia.org/wiki/Pachira_aquatica,"Wilder Kakaobaum, Glückskastanie",
806,Mexican palo verde,Parkinsonia aculeata,http://en.wikipedia.org/wiki/Parkinsonia_aculeata,Jerusalemsdorn,
78,Passionfruit,Passiflora edulis,http://en.wikipedia.org/wiki/Passiflora_edulis,"Passionsfrucht, Maracuja",
190,Maypop,Passiflora incarnata,http://en.wikipedia.org/wiki/Passiflora_incarnata,"Maypop, Winterharte Passionsblume",
761,Rose geranium,Pelargonium graveolens,http://en.wikipedia.org/wiki/Pelargonium_graveolens,Rosengeranie,
7,Avocado,Persea americana,http://en.wikipedia.org/wiki/Persea_americana,Avocado,
532,Water pepper,Persicaria hydropiper,http://en.wikipedia.org/wiki/Persicaria_hydropiper,"Wasserpfeffer, Pfefferknöterich",
457,Garden parsley,Petroselinum crispum,http://en.wikipedia.org/wiki/Petroselinum_crispum,"Petersilie, Peterli",
64,Green bean,Phaseolus vulgaris,http://en.wikipedia.org/wiki/Green_bean,"Gartenbohne, Grüne Bohne",
315,Date palm,Phoenix dactylifera,http://en.wikipedia.org/wiki/Phoenix_dactylifera,Dattelpalme,
166,Pokeweed,Phytolacca,http://en.wikipedia.org/wiki/Phytolacca,Kermesbeere,
501,White pine,Pinus,http://en.wikipedia.org/wiki/White_pine,Weyouth-Kiefer,
198,Pinyon pine,Pinus,http://en.wikipedia.org/wiki/Pinyon_pine,,
569,Pine,Pinus,http://en.wikipedia.org/wiki/Pine,"Kiefer, Föhre",
347,Lacebark pine,Pinus bungeana,http://en.wikipedia.org/wiki/Pinus_bungeana,Bunges Kiefer,
338,Swiss pine,Pinus cembra,http://en.wikipedia.org/wiki/Pinus_cembra,Zirbel-Kiefer,
316,Mexican pinyon,Pinus cembroides,http://en.wikipedia.org/wiki/Pinus_cembroides,,
317,Coulter pine,Pinus coulteri,http://en.wikipedia.org/wiki/Pinus_coulteri,Coulter-Kiefer,
238,Colorado pinyon,Pinus edulis,http://en.wikipedia.org/wiki/Pinus_edulis,,
139,Limber pine,Pinus flexilis,http://en.wikipedia.org/wiki/Pinus_flexilis,Biegsame Kiefer,
240,Jeffrey pine,Pinus jeffreyi,http://en.wikipedia.org/wiki/Pinus_jeffreyi,Jefferys Kiefer,
348,Korean pine,Pinus koraiensis,http://en.wikipedia.org/wiki/Pinus_koraiensis,Korea Kiefer,
367,Single-leaf pinyon,Pinus monophylla,http://en.wikipedia.org/wiki/Pinus_monophylla,Einblättrige Kiefer,
295,Japanese white pine,Pinus parviflora,http://en.wikipedia.org/wiki/Pinus_parviflora,Mädchen-Kiefer,
269,Stone pine,Pinus pinea,http://en.wikipedia.org/wiki/Pinus_pinea,Pinie,
768,Ponderosa pine,Pinus ponderosa,http://en.wikipedia.org/wiki/Pinus_ponderosa,Gelb-Kiefer,
368,Gray pine,Pinus sabiniana,http://en.wikipedia.org/wiki/Pinus_sabiniana,Weiss-Kiefer,
282,Eastern white pine,Pinus strobus,http://en.wikipedia.org/wiki/Pinus_strobus,Weymouth-Kiefer,
318,Torrey pine,Pinus torreyana,http://en.wikipedia.org/wiki/Pinus_torreyana,,
379,Mount atlas pistache,Pistacia atlantica,http://en.wikipedia.org/wiki/Pistacia_atlantica,Atlantische Pistazie,
71,Pistachio,Pistacia vera,http://en.wikipedia.org/wiki/Pistacia_vera,Pistazie,
776,Madras thorn,Pithecellobium dulce,http://en.wikipedia.org/wiki/Pithecellobium_dulce,,
535,Plantain (plant),Plantago,http://en.wikipedia.org/wiki/Plantago,Wegerich,
538,English plantain,Plantago lanceolata,http://en.wikipedia.org/wiki/Plantago_lanceolata,Spitzwegerich,
598,Common plantain,Plantago major,http://en.wikipedia.org/wiki/Plantago_major,Breitwegerich,
782,Oyster mushroom,Pleurotus,http://en.wikipedia.org/wiki/Pleurotus,Seitling,
780,Pearl oyster mushroom,Pleurotus ostreatus,http://en.wikipedia.org/wiki/Pleurotus_ostreatus,Austern-Seitling,
334,Plum-pine,Podocarpus,http://en.wikipedia.org/wiki/Podocarpus,Steineibe,
333,Yew plum-pine,Podocarpus macrophyllus,http://en.wikipedia.org/wiki/Podocarpus_macrophyllus,Grossblättrige Steineibe,
692,Mayapple,Podophyllum peltatum,http://en.wikipedia.org/wiki/Podophyllum_peltatum,"Schildförmiges Fussblatt, Maiapfel",
631,Trifoliate orange,Poncirus trifoliata,http://en.wikipedia.org/wiki/Trifoliate_orange,"Bitterorange, Dreiblättrige Orange",
766,Black poplar,Populus nigra,http://en.wikipedia.org/wiki/Populus_nigra,Schwarz-Pappel,
236,Common purslane,Portulaca oleracea,http://en.wikipedia.org/wiki/Portulaca_oleracea,Portulak,
51,Lucuma,Pouteria lucuma,http://en.wikipedia.org/wiki/Pouteria_lucuma,,
807,Mesquite,Prosopis,http://en.wikipedia.org/wiki/Mesquite,"Mesquitebaum, Süsshülsenbaum",
62,Cherry,Prunus,http://en.wikipedia.org/wiki/Cherry,Kirsche,
285,Stone fruit,Prunus,http://en.wikipedia.org/wiki/Prunus,Steinfrucht,
1,Plum,Prunus,http://en.wikipedia.org/wiki/Plum,"Pflaume, Zwetschge",
284,American plum,Prunus americana,http://en.wikipedia.org/wiki/Prunus_americana,Amerikanische Wildpflaume,
68,Almond,Prunus amygdalus,http://en.wikipedia.org/wiki/Prunus_amygdalus,Mandeln,
723,Chickasaw plum,Prunus angustifolia,http://en.wikipedia.org/wiki/Prunus_angustifolia,,
79,Apricot,Prunus armeniaca,http://en.wikipedia.org/wiki/Prunus_armeniaca,Aprikose,
296,Sweet cherry,Prunus avium,http://en.wikipedia.org/wiki/Prunus_avium,Vogelkirtsche,
113,Cherry plum,Prunus cerasifera,http://en.wikipedia.org/wiki/Prunus_cerasifera,Kirschpflaume,
121,Sour cherry,Prunus cerasus,http://en.wikipedia.org/wiki/Prunus_cerasus,Sauerkirsche,
441,European plum,Prunus domestica,http://en.wikipedia.org/wiki/Prunus_domestica,"Pflaume, Zwetschge",
748,Greengage plum,Prunus domestica subsp. italica var. claudiana,http://en.wikipedia.org/wiki/Greengage,Reineclaude,
691,Mirabelle plum,Prunus domestica subsp. syriaca,http://en.wikipedia.org/wiki/Mirabelle_plum,Mirabelle,
744,Damson plum,Prunus domestica var. insititia,http://en.wikipedia.org/wiki/Damson,Damaszenerpflaume,
319,Hollyleaf cherry,Prunus ilicifolia,http://en.wikipedia.org/wiki/Prunus_ilicifolia,,
578,Catalina cherry,Prunus ilicifolia lyonii,http://en.wikipedia.org/wiki/Prunus_ilicifolia,,
349,Fuji cherry,Prunus incisa,http://en.wikipedia.org/wiki/Prunus_incisa,,
237,Mahaleb cherry,Prunus mahaleb,http://en.wikipedia.org/wiki/Prunus_mahaleb,Steinweichsel,
698,Beach plum,Prunus maritima,http://en.wikipedia.org/wiki/Prunus_maritima,,
443,Mexican plum,Prunus mexicana,http://en.wikipedia.org/wiki/Prunus_mexicana,,
373,Japanese apricot,Prunus mume,http://en.wikipedia.org/wiki/Prunus_mume,Ume,
504,Wild goose plum,Prunus munsoniana,,,
339,Canada plum,Prunus nigra,http://en.wikipedia.org/wiki/Prunus_nigra,,
154,European bird cherry,Prunus padus,http://en.wikipedia.org/wiki/Prunus_padus,Gewöhnliche Traubenkirsche,
412,Pin cherry,Prunus pensylvanica,http://en.wikipedia.org/wiki/Prunus_pensylvanica,,
52,Peach,Prunus persica,http://en.wikipedia.org/wiki/Prunus_persica,Pfirsich,
54,Nectarine,Prunus persica var. nucipersica,http://en.wikipedia.org/wiki/Nectarine#Nectarines,Nektarine,
220,Sand cherry,Prunus pumila,http://en.wikipedia.org/wiki/Prunus_pumila,Sand-Kirsche,
406,Japanese plum,Prunus salicina,http://en.wikipedia.org/wiki/Prunus_salicina,Chinesischer Pflaumenbaum,
636,Sargent cherry,Prunus sargentii,http://en.wikipedia.org/wiki/Prunus_sargentii,Berg-Krische,
168,Black cherry,Prunus serotina,http://en.wikipedia.org/wiki/Prunus_serotina,Späte Traubenkirsche,
388,Blackthorn,Prunus spinosa,http://en.wikipedia.org/wiki/Prunus_spinosa,Schlehdorn,
407,Klamath plum,Prunus subcordata,http://en.wikipedia.org/wiki/Prunus_subcordata,,
372,Higan cherry,Prunus subhirtella,http://en.wikipedia.org/wiki/Prunus_subhirtella,Higan-Kirsche,
442,Hog plum,Prunus umbellata,,,
186,Chokecherry,Prunus virginiana,http://en.wikipedia.org/wiki/Prunus_virginiana,Virginische Traubenkirsche,
408,Chinese quince,Pseudocydonia sinensis,http://en.wikipedia.org/wiki/Pseudocydonia_sinensis,Chinesische Scheinquitte,
76,Guava,Psidium,http://en.wikipedia.org/wiki/Psidium,Guave,
58,Strawberry guava,Psidium cattleianum,http://en.wikipedia.org/wiki/Psidium_cattleianum,Erdbeer Guave,
458,Common guava,Psidium guajava,http://en.wikipedia.org/wiki/Psidium_guajava,Echte Guave,
747,Bracken fern,Pteridium,http://en.wikipedia.org/wiki/Bracken,Adlerfarn,
103,Kudzu,Pueraria lobata,http://en.wikipedia.org/wiki/Pueraria_lobata,Kudzu,
13,Pomegranate,Punica granatum,http://en.wikipedia.org/wiki/Punica_granatum,Granatapfel,
588,Firethorn,Pyracantha,http://en.wikipedia.org/wiki/Pyracantha,Feuerdorn,
733,Scarlet firethorn,Pyracantha coccinea,http://en.wikipedia.org/wiki/Pyracantha_coccinea,Mittelmeer-Feuerdorn,
15,Pear,Pyrus,http://en.wikipedia.org/wiki/Pyrus,Birne,
286,European pear,Pyrus communis,http://en.wikipedia.org/wiki/Pyrus_communis,Kultur-Birne,
632,European wild pear,Pyrus pyraster,http://en.wikipedia.org/wiki/Pyrus_pyraster,"Wildbirne, Holzbirne",
124,Asian pear,Pyrus pyrifolia,http://en.wikipedia.org/wiki/Pyrus_pyrifolia,"Nashi-Birne, Kumoi, Asiatische Birne, Apfel-Birne",
72,Oak,Quercus,http://en.wikipedia.org/wiki/Quercus,Eiche,
808,Coast live oak,Quercus agrifolia,http://en.wikipedia.org/wiki/Quercus_agrifolia,,
142,White oak,Quercus alba,http://en.wikipedia.org/wiki/Quercus_alba,Amerikanische Weiss-Eiche,
288,Swamp white oak,Quercus bicolor,http://en.wikipedia.org/wiki/Quercus_bicolor,Zweifarbige Eiche,
245,Turkey oak,Quercus cerris,http://en.wikipedia.org/wiki/Quercus_cerris,Zerr-Eiche,
274,Holm oak,Quercus ilex,http://en.wikipedia.org/wiki/Quercus_ilex,Steineiche,
559,Overcup oak,Quercus lyrata,http://en.wikipedia.org/wiki/Quercus_lyrata,Leierblättrige Eiche,
179,Bur oak,Quercus macrocarpa,http://en.wikipedia.org/wiki/Quercus_macrocarpa,Bur-Eiche,
247,Chinkapin oak,Quercus muehlenbergii,http://en.wikipedia.org/wiki/Quercus_muehlenbergii,Gelbe Eiche,
287,Chestnut oak,Quercus prinus,http://en.wikipedia.org/wiki/Quercus_prinus,,
249,English oak,Quercus robur,http://en.wikipedia.org/wiki/Quercus_robur,Stieleiche,
135,Northern red oak,Quercus rubra,http://en.wikipedia.org/wiki/Quercus_rubra,Roteiche,
129,Cork oak,Quercus suber,http://en.wikipedia.org/wiki/Quercus_suber,Korkeiche,
849,Radish,Raphanus sativus,http://en.wikipedia.org/wiki/Radish,Radieschen,
24,Rhubarb,Rheum rhabarbarum,http://en.wikipedia.org/wiki/Rheum_rhabarbarum,Rhabarber,
117,Sumac,Rhus,http://en.wikipedia.org/wiki/Rhus,Sumach,
140,Fragrant sumac,Rhus aromatica,http://en.wikipedia.org/wiki/Rhus_aromatica,Duftender Sumach,
409,Smooth sumac,Rhus glabra,http://en.wikipedia.org/wiki/Rhus_glabra,Glatter Sumach,
321,Sugar sumac,Rhus ovata,http://en.wikipedia.org/wiki/Rhus_ovata,Zucker Sumach,
191,Staghorn sumac,Rhus typhina,http://en.wikipedia.org/wiki/Rhus_typhina,Essigbaum,
106,Currant,Ribes,http://en.wikipedia.org/wiki/Ribes,Johannisbeere,
649,Jostaberry,Ribes Ă nidigrolaria,http://en.wikipedia.org/wiki/Jostaberry,Jostabeere,
107,Golden currant,Ribes aureum,http://en.wikipedia.org/wiki/Ribes_aureum,Gold-Johannisbeere,
630,Blackcurrant,Ribes nigrum,http://en.wikipedia.org/wiki/Blackcurrant,"Schwarze Johannisbeere, Cassis",
432,Redcurrant,Ribes rubrum,http://en.wikipedia.org/wiki/Ribes_rubrum,Rote Johannisbeere,
650,Whitecurrant,Ribes rubrum,http://en.wikipedia.org/wiki/White_currant,Weisse Johannisbeere,
126,Gooseberry,Ribes uva-crispa,http://en.wikipedia.org/wiki/Ribes_uva-crispa,Stachelbeere,
755,Sticky currant,Ribes viscosissimum,http://en.wikipedia.org/wiki/Ribes_viscosissimum,,
110,Black locust,Robinia pseudoacacia,http://en.wikipedia.org/wiki/Robinia_pseudoacacia,"Gewöhnliche Robinie, Silberregen",
82,Rose,Rosa,http://en.wikipedia.org/wiki/Rose,Rosen,
520,Dog rose,Rosa canina,http://en.wikipedia.org/wiki/Dog_rose,Hundsrose,
547,Sweetbriar rose,Rosa rubiginosa,http://en.wikipedia.org/wiki/Rosa_rubiginosa,Weinrose,
757,Rugosa rose,Rosa rugosa,http://en.wikipedia.org/wiki/Rosa_rugosa,Kartoffel-Rose,
10,Rosemary,Rosmarinus officinalis,http://en.wikipedia.org/wiki/Rosmarinus_officinalis,Rosmarin,
48,Blackberry,Rubus,http://en.wikipedia.org/wiki/Blackberry,Brombeere,
98,Dewberry,Rubus,http://en.wikipedia.org/wiki/Dewberry,Kratzbeere,
122,Raspberry,Rubus,http://en.wikipedia.org/wiki/Raspberry,Himbeere,
123,Black raspberry,Rubus,http://en.wikipedia.org/wiki/Black_raspberry,Oregon-Himbeere,
566,Loganberry,Rubus Ă loganobaccus,http://en.wikipedia.org/wiki/Loganberry,Loganbeere,
420,Cloudberry,Rubus chamaemorus,http://en.wikipedia.org/wiki/Rubus_chamaemorus,Moltebeere,
196,Thimbleberry,Rubus parviflorus,http://en.wikipedia.org/wiki/Rubus_parviflorus,Weisse Zimt-Himbeere,
701,Wine raspberry,Rubus phoenicolasius,http://en.wikipedia.org/wiki/Rubus_phoenicolasius,Japanische Weinbeere,
230,Salmonberry,Rubus spectabilis,http://en.wikipedia.org/wiki/Rubus_spectabilis,Pracht-Himbeere,
210,Dock,Rumex,http://en.wikipedia.org/wiki/Rumex,Ampfel,
437,Common sorrel,Rumex acetosa,http://en.wikipedia.org/wiki/Rumex_acetosa,Wiesen-Sauerampfer,
171,Curly dock,Rumex crispus,http://en.wikipedia.org/wiki/Rumex_crispus,Krauser Ampfer,
809,Mexican palmetto,Sabal mexicana,http://en.wikipedia.org/wiki/Sabal_mexicana,Mexikanische Palmettopalme,
125,Arrowhead,Sagittaria,http://en.wikipedia.org/wiki/Sagittaria,Pfeilkraut,
706,Broadleaf arrowhead,Sagittaria latifolia,http://en.wikipedia.org/wiki/Sagittaria_latifolia,Breitblättriges Pfeilkraut,
213,Black willow,Salix nigra,http://en.wikipedia.org/wiki/Salix_nigra,Schwarzweide,
9,Sage,Salvia,http://en.wikipedia.org/wiki/Salvia,Salbei,
777,White sage,Salvia apiana,http://en.wikipedia.org/wiki/Salvia_apiana,Indianischer Räuchersalbei,
74,Elderberry,Sambucus,http://en.wikipedia.org/wiki/Sambucus,Holunder,
433,Blue elderberry,Sambucus cerulea,http://en.wikipedia.org/wiki/Sambucus_cerulea,Blauer Holunder,
322,Black elderberry,Sambucus nigra,http://en.wikipedia.org/wiki/Sambucus_nigra,Schwarzer Holunder,
514,Desert quandong,Santalum acuminatum,http://en.wikipedia.org/wiki/Santalum_acuminatum,Sandelholz,
212,Soapberry,Sapindus,http://en.wikipedia.org/wiki/Sapindus,Seifenbaum,
147,Sassafras,Sassafras albidum,http://en.wikipedia.org/wiki/Sassafras_albidum,"Sassafrasbaum, Fenchelholzbaum",
762,Satureja species,Satureja,http://en.wikipedia.org/wiki/Satureja,Bohnenkräuter,
421,Summer savory,Satureja hortensis,http://en.wikipedia.org/wiki/Satureja_hortensis,Sommer-Bohnenkraut,
335,Peruvian pepper,Schinus molle,http://en.wikipedia.org/wiki/Schinus_molle,Preruvianischer Pfefferbaum,
262,Brazilian pepper,Schinus terebinthifolius,http://en.wikipedia.org/wiki/Schinus_terebinthifolius,Brasilianischer Pfefferbaum,
427,Eastern gray squirrel,Sciurus carolinensis,http://en.wikipedia.org/wiki/Sciurus_carolinensis,Eichhörnchen,
518,Chayote,Sechium edule,http://en.wikipedia.org/wiki/Chayote,Chayote,
540,Wallpepper,Sedum acre,http://en.wikipedia.org/wiki/Sedum_acre,"Scharfer Mauerpfeffer, Scharfe Fetthenne",
695,White mustard,Sinapis alba,http://en.wikipedia.org/wiki/White_mustard,Weisser Senf,
601,London rocket,Sisymbrium irio,http://en.wikipedia.org/wiki/Sisymbrium_irio,,
591,Hedge mustard,Sisymbrium officinale,http://en.wikipedia.org/wiki/Sisymbrium_officinale,Weg-Rauke,
614,Alexanders,Smyrnium olusatrum,http://en.wikipedia.org/wiki/Smyrnium_olusatrum,"Pferdeeppich, Alisander",
470,Tamarillo,Solanum betaceum,http://en.wikipedia.org/wiki/Tamarillo,"Tamarillo, Baumtomate",
61,Tomato,Solanum lycopersicum,http://en.wikipedia.org/wiki/Solanum_lycopersicum,Tomate,
732,Eggplant,Solanum melongena,http://en.wikipedia.org/wiki/Eggplant,Aubergine,
638,Potato,Solanum tuberosum,http://en.wikipedia.org/wiki/Potato,Kartoffel,
683,Rowan,Sorbus,http://en.wikipedia.org/wiki/Rowan,"Mehlbeere, Vogelbeere",
410,Common whitebeam,Sorbus aria,http://en.wikipedia.org/wiki/Sorbus_aria,Echte Mehlbeere,
278,European rowan,Sorbus aucuparia,http://en.wikipedia.org/wiki/Sorbus_aucuparia,Vogelbeere,
411,True service tree,Sorbus domestica,http://en.wikipedia.org/wiki/Sorbus_domestica,Speierling,
590,Swedish whitebeam,Sorbus intermedia,http://en.wikipedia.org/wiki/Sorbus_%C3%97_intermedia,Schwedische Mehlbeere,
736,Mombin,Spondias,http://en.wikipedia.org/wiki/Spondias,Mombinpflaume,
740,Yellow mombin,Spondias mombin,http://en.wikipedia.org/wiki/Spondias_mombin,Gelbe Mombinpflaume,
555,Lamb's ear,Stachys byzantina,http://en.wikipedia.org/wiki/Stachys_byzantina,Woll-Ziest,
229,Common chickweed,Stellaria media,http://en.wikipedia.org/wiki/Stellaria_media,"Gewöhnliche Vogelmiere, Hustdarm",
817,Sterculia species,Sterculia,http://en.wikipedia.org/wiki/Sterculia,Stinkbäume,
786,Slippery jack,Suillus luteus,http://en.wikipedia.org/wiki/Suillus_luteus,"Butterpilz, Butterröhrling",
273,Queen palm,Syagrus romanzoffiana,http://en.wikipedia.org/wiki/Syagrus_romanzoffiana,,
473,Comfrey,Symphytum,http://en.wikipedia.org/wiki/Symphytum,"Beinwell, Wallwurz",
380,Lilly pilly,Syzygium,http://en.wikipedia.org/wiki/Syzygium,,
454,Jambul,Syzygium cumini,http://en.wikipedia.org/wiki/Jambul,"Rosenapfel, Jambulbaum",
265,Magenta lilly pilly,Syzygium paniculatum,http://en.wikipedia.org/wiki/Syzygium_paniculatum,,
834,Wax apple,Syzygium samarangense,http://en.wikipedia.org/wiki/Syzygium_samarangense,Javaapfel,
453,Tamarind,Tamarindus indica,http://en.wikipedia.org/wiki/Tamarind,"Tamarindenbaum, Indische Dattel",
565,Feverfew,Tanacetum parthenium,http://en.wikipedia.org/wiki/Feverfew,"Mutterkraut, Fieberkraut",
543,Common tansy,Tanacetum vulgare,http://en.wikipedia.org/wiki/Tanacetum_vulgare,Rainfarn,
90,Dandelion,Taraxacum,http://en.wikipedia.org/wiki/Taraxacum,Löwenzahn,
726,CupuaĂ§u,Theobroma grandiflorum,http://en.wikipedia.org/wiki/Cupua%C3%A7u,"Cupuaçu, Grossblütiger Kakao",
192,Thyme,Thymus,http://en.wikipedia.org/wiki/Thymus_(genus),Thymian,
764,Silverleafed princess flower,Tibouchina heteromalla,http://en.wikipedia.org/wiki/Tibouchina_heteromalla,,
163,Linden,Tilia,http://en.wikipedia.org/wiki/Tilia,Linde,
143,American linden,Tilia americana,http://en.wikipedia.org/wiki/Tilia_americana,Amerikanische Linde,
253,Small-leaved linden,Tilia cordata,http://en.wikipedia.org/wiki/Tilia_cordata,"Steinlinde, Winterlinde",
369,Large-leaved linden,Tilia platyphyllos,http://en.wikipedia.org/wiki/Tilia_platyphyllos,Sommerlinde,
239,Silver linden,Tilia tomentosa,http://en.wikipedia.org/wiki/Tilia_tomentosa,Silberlinde,
243,European linden,Tilia x europaea,http://en.wikipedia.org/wiki/Tilia_europaea,Holländische Linde,
244,Chinese toon,Toona sinensis,http://en.wikipedia.org/wiki/Toona_sinensis,,
374,California nutmeg,Torreya californica,http://en.wikipedia.org/wiki/Torreya_californica,Kalifornische Nusseibe,
722,Common salsify,Tragopogon porrifolius,http://en.wikipedia.org/wiki/Tragopogon_porrifolius,Haferwurzel,
596,Clover,Trifolium,http://en.wikipedia.org/wiki/Clover,Klee,
728,Red clover,Trifolium pratense,http://en.wikipedia.org/wiki/Trifolium_pratense,Wiesen-Klee,
727,White clover,Trifolium repens,http://en.wikipedia.org/wiki/Trifolium_repens,Weiss-Klee,
66,Nasturtium,Tropaeolum,http://en.wikipedia.org/wiki/Tropaeolum,Kapuzinerkresse,
108,Cattail,Typha,http://en.wikipedia.org/wiki/Typha,Rohrkolben,
589,Gorse,Ulex,http://en.wikipedia.org/wiki/Ulex,Stechginster,
164,Elm,Ulmus,http://en.wikipedia.org/wiki/Ulmus,Ulme,
279,California laurel,Umbellularia californica,http://en.wikipedia.org/wiki/Umbellularia_californica,Kalifornischer Lorbeer,
149,Nettle,Urtica,http://en.wikipedia.org/wiki/Urtica,Brennessel,
232,Stinging nettle,Urtica dioica,http://en.wikipedia.org/wiki/Urtica_dioica,Grosse Brennessel,
88,Blueberry,Vaccinium,http://en.wikipedia.org/wiki/Blueberry,"Heidelbeere, Blaubeere",
223,Cranberry,Vaccinium,http://en.wikipedia.org/wiki/Cranberry,Moosbeere,
613,Whortleberry,Vaccinium,http://en.wikipedia.org/wiki/Whortleberry,,
558,Darrow's blueberry,Vaccinium darrowii,http://en.wikipedia.org/wiki/Vaccinium_darrowii,,
529,Common bilberry,Vaccinium myrtillus,http://en.wikipedia.org/wiki/Vaccinium_myrtillus,"Heidelbeere, Blaubeere",
713,Red huckleberry,Vaccinium parvifolium,http://en.wikipedia.org/wiki/Vaccinium_parvifolium,,
425,Lingonberry,Vaccinium vitis-idaea,http://en.wikipedia.org/wiki/Vaccinium_vitis-idaea,Preiselbeere,
415,Nannyberry,Viburnum lentago,http://en.wikipedia.org/wiki/Viburnum_lentago,,
607,Guelder rose,Viburnum opulus,http://en.wikipedia.org/wiki/Viburnum_opulus,Gemeiner Schneeball,
355,Black haw,Viburnum prunifolium,http://en.wikipedia.org/wiki/Viburnum_prunifolium,,
176,American cranberrybush,Viburnum trilobum,http://en.wikipedia.org/wiki/Viburnum_trilobum,"Amerikanischer Schneeball, Cranberrystrauch",
506,Fava bean,Vicia faba,http://en.wikipedia.org/wiki/Vicia_faba,"Ackerbohne, Favabohne, Viehbohne",
456,Mung bean,Vigna radiata,http://en.wikipedia.org/wiki/Vigna_radiata,"Mungbohne, Mungobohne",
424,Violet,Viola,http://en.wikipedia.org/wiki/Viola_(plant),Veilchen,
336,Chaste tree,Vitex agnus-castus,http://en.wikipedia.org/wiki/Vitex_agnus-castus,Mönchspfeffer,
16,Grape,Vitis,http://en.wikipedia.org/wiki/Vitis,Traube,
128,Fox grape,Vitis labrusca,http://en.wikipedia.org/wiki/Vitis_labrusca,"Fuchstraube, Fuchsrebe",
753,Concord grape,Vitis labrusca 'Concord',http://en.wikipedia.org/wiki/Concord_(grape),Concordrebe,
705,Mustang grape,Vitis mustangensis,http://en.wikipedia.org/wiki/Vitis_mustangensis,Mustangrebe,
101,Muscadine,Vitis rotundifolia,http://en.wikipedia.org/wiki/Vitis_rotundifolia,,
629,Common grape,Vitis vinifera,https://en.wikipedia.org/wiki/Vitis_vinifera,Weinrebe,
324,Desert fan palm,Washingtonia filifera,http://en.wikipedia.org/wiki/Washingtonia_filifera,Kalifornische Washingtonpalme,
325,Mexican fan palm,Washingtonia robusta,http://en.wikipedia.org/wiki/Washingtonia_robusta,Mexikanische Washingtonpalme,
550,Yellowhorn,Xanthoceras sorbifolium,http://en.wikipedia.org/wiki/Xanthoceras,Gelbhorn,
741,Yucca,Yucca,http://en.wikipedia.org/wiki/Yucca,"Yucca, Palmlilie",
375,Faxon yucca,Yucca faxoniana,http://en.wikipedia.org/wiki/Yucca_faxoniana,,
385,Spineless yucca,Yucca gigantea,http://en.wikipedia.org/wiki/Yucca_gigantea,,
393,Moundlily yucca,Yucca gloriosa,http://en.wikipedia.org/wiki/Yucca_gloriosa,Kerzen-Palmlilie,
577,Curve-leaf yucca,Yucca recurvifolia,http://en.wikipedia.org/wiki/Curve-leaf_yucca,,
645,Corn,Zea mays,http://en.wikipedia.org/wiki/Maize,Mais,
104,Jujube,Ziziphus jujuba,http://en.wikipedia.org/wiki/Ziziphus_jujuba,"Chinesische Jujube, Chinesische Dattel",
86,Community garden,,http://en.wikipedia.org/wiki/Community_garden,Gemeinschaftsgarten,
195,Huckleberry,,http://en.wikipedia.org/wiki/Huckleberry,Heidelbeere,
205,Chamomile,,http://en.wikipedia.org/wiki/Chamomile,Kamille,
450,Community nursery,,http://en.wikipedia.org/wiki/Community_gardening,Gärtnerei,
517,Vegetable,,http://en.wikipedia.org/wiki/Vegetable,Gemüse,
482,Monkey fruit,,http://en.wikipedia.org/wiki/Monkey_fruit,,
508,Urban farm,,http://en.wikipedia.org/wiki/Urban_farm,"Urban farm, Schrebergarten",
2,Dumpster,,http://en.wikipedia.org/wiki/Garbage_picking,Müllcontainer,
533,Water well,,http://en.wikipedia.org/wiki/Water_well,Wasserbrunnen,
534,Fish,,http://en.wikipedia.org/wiki/Fish,Fisch,
426,Herb,,http://en.wikipedia.org/wiki/Herb,Kräuter,
161,Bamboo,,http://en.wikipedia.org/wiki/Bamboo,Bambus,
211,Beehive,,http://en.wikipedia.org/wiki/Beehive,Bienenstock,
234,Fruit tree,,http://en.wikipedia.org/wiki/Fruit_tree,Obstbaum,
264,Palm,,http://en.wikipedia.org/wiki/Palm_(plant),Palme,
384,Nut tree,,http://en.wikipedia.org/wiki/Nut_(fruit),Nussbaum,
446,Berry,,http://en.wikipedia.org/wiki/Berry,Beeren,
562,Water spring,,http://en.wikipedia.org/wiki/Spring_(hydrology),Quelle,
611,Orchard,,http://en.wikipedia.org/wiki/Orchard,Obstgarten,
612,Forest garden,,http://en.wikipedia.org/wiki/Forest_garden,Waldgarten,
616,Compost,,http://en.wikipedia.org/wiki/Compost,Kompost,
660,Campsite,,http://en.wikipedia.org/wiki/Campsite,Zeltplatz,
641,Guerilla garden,,http://en.wikipedia.org/wiki/Guerrilla_gardening,Guerillagärtnerei,
663,Tree swing,,http://en.wikipedia.org/wiki/Swing_(seat),Baumschaukel,
674,Growing space,,http://en.wikipedia.org/wiki/Urban_agriculture,"Wuchsraum, ",
687,Fruit,,http://en.wikipedia.org/wiki/Fruit,Frucht,
688,Crayfish,,http://en.wikipedia.org/wiki/Crayfish,Krebse,
694,Medicinal plant,,http://en.wikipedia.org/wiki/List_of_plants_used_in_herbalism,Heilpflanze,
712,Rabbit,,http://en.wikipedia.org/wiki/Rabbit,Kaninchen,
734,Daisy,,http://en.wikipedia.org/wiki/Daisy,Gänseblümchen,
745,Fern,,http://en.wikipedia.org/wiki/Fern,Farn,
750,Plant,,http://en.wikipedia.org/wiki/Plant,Pflanze,
751,Straw,,http://en.wikipedia.org/wiki/Straw,Stroh,
735,Drinking fountain,,http://en.wikipedia.org/wiki/Water_fountain#Drinking_fountain,Trinkbrunnen,
763,Cactus,,http://en.wikipedia.org/wiki/Cactus,Kaktus,
795,Puffball,,http://en.wikipedia.org/wiki/Puffball,"Stäubling, Bovist",
775,Sapote,,http://en.wikipedia.org/wiki/Sapote,Sapote,
839,Free store,,http://en.wikipedia.org/wiki/Give-away_shop,"Umsonstladen, Kost-nix-Laden",
821,Free box,,http://en.wikipedia.org/wiki/Free_box,"Umsonstkiste, Gratis zum mitnehmen",
836,Dumpster non-edible,,http://en.wikipedia.org/wiki/Garbage_picking,Müllcontainer (nicht essbar),
826,Locust tree,,http://en.wikipedia.org/wiki/Locust_tree,Robinie,
89,Mushroom,,http://en.wikipedia.org/wiki/Mushroom,Pilze,
837,Market,,http://en.wikipedia.org/wiki/Garbage_picking,Markt,
838,Market non-edible,,http://en.wikipedia.org/wiki/Garbage_picking,Markt (nicht essbar),
844,U-pick,,http://en.wikipedia.org/wiki/U-pick,zum selber pflücken,
843,Freegan,,http://en.wikipedia.org/wiki/Freeganism,"Freeganer, ",
840,Table,,http://en.wikipedia.org/wiki/Garbage_picking,Tisch,
845,Leftovers,,http://en.wikipedia.org/wiki/Leftovers,Resten,
846,Meal,,http://en.wikipedia.org/wiki/Meal,Mahlzeit,
848,Public bench,,http://en.wikipedia.org/wiki/Bench_(furniture),Bank,