ID,English Common Name,Latin Name,Wikipedia Link,Translated Name (Ethan),Translated Name (Kira),Translated Name (Maria)
377,Wattle,Acacia,http://en.wikipedia.org/wiki/Acacia,,Mimoso,
327,True mulga,Acacia aneura,http://en.wikipedia.org/wiki/Acacia_aneura,,Mulga,
579,Needle bush,Acacia farnesiana,http://en.wikipedia.org/wiki/Vachellia_farnesiana,,Huizache,
298,Sydney golden wattle,Acacia longifolia,http://en.wikipedia.org/wiki/Acacia_longifolia,,Mimosa dorada,
49,Feijoa,Acca sellowiana,http://en.wikipedia.org/wiki/Acca_sellowiana,,Guayaba del Brasil,Guayabo 
175,Maple,Acer,http://en.wikipedia.org/wiki/Acer_(genus),Arce,Arce azucarero,
289,Black maple,Acer nigrum,http://en.wikipedia.org/wiki/Acer_nigrum,,Arce negro,
272,Silver maple,Acer saccharinum,http://en.wikipedia.org/wiki/Acer_saccharinum,,Arce plateado,
136,Sugar maple,Acer saccharum,http://en.wikipedia.org/wiki/Acer_saccharum,Arce azucarero,Arce de azúcar,
422,Common yarrow,Achillea millefolium,http://en.wikipedia.org/wiki/Achillea_millefolium,,Milenrama,
87,Kiwifruit,Actinidia,http://en.wikipedia.org/wiki/Kiwifruit,,Kiwi,
530,Ground elder,Aegopodium podagraria,http://en.wikipedia.org/wiki/Goutweed,,Pie de cabra,
686,Goutweed,Aegopodium podagraria,http://en.wikipedia.org/wiki/Aegopodium_podagraria,,Pie de cabra,
290,Yellow buckeye,Aesculus flava,http://en.wikipedia.org/wiki/Aesculus_flava,,Falso castaño amarillo,
224,Horse chestnut,Aesculus hippocastanum,http://en.wikipedia.org/wiki/Aesculus_hippocastanum,Castaña de indias,Castaño de caballo,"Castaña de indias, castaña"
794,Horse mushroom,Agaricus arvensis,http://en.wikipedia.org/wiki/Agaricus_arvensis,,Bola de nieve,
785,The prince,Agaricus augustus,http://en.wikipedia.org/wiki/Agaricus_augustus,,,
800,Field mushroom,Agaricus campestris,http://en.wikipedia.org/wiki/Agaricus_campestris,,Champiñon silvestre,
276,Agave,Agave,http://en.wikipedia.org/wiki/Agave,,Agave,
435,Silk tree,Albizia,http://en.wikipedia.org/wiki/Albizia,,Árbol de seda,
509,Persian silk tree,Albizia julibrissin,http://en.wikipedia.org/wiki/Albizia_julibrissin,,Acacia de Persia,
730,Lady's mantle,Alchemilla,http://en.wikipedia.org/wiki/Alchemilla,,Alquimila alpina,
157,Garlic mustard,Alliaria petiolata,http://en.wikipedia.org/wiki/Alliaria_petiolata,,Hierba del ajo,
152,Onion,Allium,http://en.wikipedia.org/wiki/Allium,,Cebolla,
639,Leek,Allium ampeloprasum,http://en.wikipedia.org/wiki/Leek,,Poro,Puerro
131,Mouse garlic,Allium angulosum,,Ajo salvaje,Ajo de ratón,
202,Garlic,Allium sativum,http://en.wikipedia.org/wiki/Allium_sativum,,Ajo,
585,Chives,Allium schoenoprasum,http://en.wikipedia.org/wiki/Chives,,Cebolletas,"Cebolla de verdeo, cibullete"
690,Ramps,Allium tricoccum,http://en.wikipedia.org/wiki/Allium_tricoccum,,Cebollino chino,
486,Three-cornered leek,Allium triquetrum,http://en.wikipedia.org/wiki/Allium_triquetrum,,Ajetes,
707,Garlic chives,Allium tuberosum,http://en.wikipedia.org/wiki/Allium_tuberosum,,Ajo chino,
542,Wild garlic,Allium ursinum,http://en.wikipedia.org/wiki/Allium_ursinum,,Ajo de oso,
184,Tree onion,Allium x proliferum,http://en.wikipedia.org/wiki/Allium_proliferum,,,
772,Aloe,Aloe,http://en.wikipedia.org/wiki/Aloe,,Áloe,
709,Aloe vera,Aloe vera,http://en.wikipedia.org/wiki/Aloe_vera,,Áloe vera,
459,Lemon verbena,Aloysia citrodora,http://en.wikipedia.org/wiki/Aloysia_citrodora,,Hierba Luisa,
115,Serviceberry,Amelanchier,http://en.wikipedia.org/wiki/Amelanchier,,Guillomo,
396,Saskatoon,Amelanchier alnifolia,http://en.wikipedia.org/wiki/Amelanchier_alnifolia,,,"Guillomo de Saskatchewan, saskatun, fresa de junio"
141,Downy serviceberry,Amelanchier arborea,http://en.wikipedia.org/wiki/Amelanchier_arborea,,,
337,Canadian serviceberry,Amelanchier canadensis,http://en.wikipedia.org/wiki/Amelanchier_canadensis,,Guillomo de Canadá,
291,Allegheny serviceberry,Amelanchier laevis,http://en.wikipedia.org/wiki/Amelanchier_laevis,,,
354,Apple serviceberry,Amelanchier x grandiflora,http://en.wikipedia.org/wiki/Amelanchier_grandiflora,,Cornijuelo,
699,Pineapple,Ananas comosus,http://en.wikipedia.org/wiki/Pineapple,,Piña,
429,Dill,Anethum graveolens,http://en.wikipedia.org/wiki/Anethum_graveolens,,Eneldo,
561,Cherimoya,Annona cherimola,http://en.wikipedia.org/wiki/Cherimoya,,,"Chirimoya, chirimoyo"
464,Soursop,Annona muricata,http://en.wikipedia.org/wiki/Annona_muricata,,"Guanábana, guanábano, sinini, anona, catche, catoche, catuche, zapote agrio",
599,Cow parsley,Anthriscus sylvestris,http://en.wikipedia.org/wiki/Anthriscus_sylvestris,, perifollo verde,"arbolato, argulacho, cañigarro, cañiguerra, cañito, cicutaria, hierba cicutaria, mardiasca, mardiasco, mardiazco, mardiazgo, mastrancho, perifollo borde, perifollo de asno, perifollo silvestre, yerba cicutaria, zecuta, zibuda"
742,Columbine,Aquilegia,http://en.wikipedia.org/wiki/Aquilegia,,,Aquilegia
397,Chinese angelica tree,Aralia chinensis,http://en.wikipedia.org/wiki/Aralia_chinensis,,"árbol de angélica china, Dimorphanthus",
344,Japanese angelica tree,Aralia elata,http://en.wikipedia.org/wiki/Aralia_elata,,Aralia,
292,Devil's walkingstick,Aralia spinosa,http://en.wikipedia.org/wiki/Aralia_spinosa,,,
576,Araucaria species,Araucaria,http://en.wikipedia.org/wiki/Araucaria,,,Araucaria
200,Monkey puzzle,Araucaria araucana,http://en.wikipedia.org/wiki/Araucaria_araucana,,," piñonero, pino araucaria, pino chileno, pino de brazos"
468,Bunya pine,Araucaria bidwillii,http://en.wikipedia.org/wiki/Araucaria_bidwillii,,,Araucaria australiana
299,Norfolk island pine,Araucaria heterophylla,http://en.wikipedia.org/wiki/Araucaria_heterophylla,,,"araucaria excelsa, araucaria, pino de la isla Norfolk"
300,Pacific madrone,Arbutus menziesii,http://en.wikipedia.org/wiki/Arbutus_menziesii,,"Madroño del Pacífico, Madroña",
60,Strawberry tree,Arbutus unedo,http://en.wikipedia.org/wiki/Arbutus_unedo,,,Madroño
169,Burdock,Arctium,http://en.wikipedia.org/wiki/Arctium,,,
83,Manzanita,Arctostaphylos,http://en.wikipedia.org/wiki/Manzanita,,"Gayuba, Uva de oso, Manzanita, Aguavilla, Manzanera",
398,Whiteleaf manzanita,Arctostaphylos manzanita,http://en.wikipedia.org/wiki/Arctostaphylos_manzanita,,,
527,Horseradish,Armoracia rusticana,http://en.wikipedia.org/wiki/Horseradish,,Rábano picante,
119,Chokeberry,Aronia,http://en.wikipedia.org/wiki/Aronia,,Aronia,
219,Black chokeberry,Aronia melanocarpa,http://en.wikipedia.org/wiki/Aronia_melanocarpa,,Aronia negra,
752,Mugwort,Artemisia,http://en.wikipedia.org/wiki/Mugwort,,Ajenjo,
556,Silver wormwood,Artemisia ludoviciana,http://en.wikipedia.org/wiki/Artemisia_ludoviciana,,estafiate,
537,Breadfruit,Artocarpus altilis,http://en.wikipedia.org/wiki/Breadfruit,,Árbol de pan,
467,Jackfruit,Artocarpus heterophyllus,http://en.wikipedia.org/wiki/Jackfruit,,,"árbol de jack, yaca, panapén "
165,Milkweed,Asclepias,http://en.wikipedia.org/wiki/Asclepias,,Algodoncillo,
116,Pawpaw,Asimina triloba,http://en.wikipedia.org/wiki/Asimina_triloba,,," asimina, pawpaw, banano de montaña"
156,Asparagus,Asparagus officinalis,http://en.wikipedia.org/wiki/Asparagus_officinalis,,Espárrago,
724,Triangle orache,Atriplex prostrata,,,"arrastradera, acelga falsa, armuelle,armuelle silvestre",
798,Jelly ear fungus,Auricularia auricula-judae,http://en.wikipedia.org/wiki/Auricularia_auricula-judae,,oreja de Judas,
797,Cloud ear fungus,Auricularia polytricha,http://en.wikipedia.org/wiki/Cloud_ear,,"Hongo de saúco, Hongo negro, Oreja de árbol, Oreja de lana, Oreja de madera",
419,Starfruit,Averrhoa carambola,http://en.wikipedia.org/wiki/Averrhoa_carambola,,Fruta estrella,Carambola
455,Neem,Azadirachta indica,http://en.wikipedia.org/wiki/Azadirachta_indica,," nim, margosa, lila india",
833,Lemon myrtle,Backhousia citriodora,http://en.wikipedia.org/wiki/Backhousia_citriodora,,,
758,Malabar spinach,Basella alba,http://en.wikipedia.org/wiki/Basella_alba,,"espinaca de Malabar, espinaca china ",
605,Barberry,Berberis,http://en.wikipedia.org/wiki/Berberis,,,
511,Beet,Beta vulgaris,http://en.wikipedia.org/wiki/Beet,,Betabel,"Remolacha, Beterrada, Betarraga, Beterraga, Acelga blanca, Beteraba, Betarava"
689,Chard,Beta vulgaris subsp. cicla,http://en.wikipedia.org/wiki/Chard,,Acelga,
608,Sea beet,Beta vulgaris subsp. maritima,http://en.wikipedia.org/wiki/Sea_beet,,acelga marina,
524,Birch,Betula,http://en.wikipedia.org/wiki/Birch,,Abedul,
811,River birch,Betula nigra,http://en.wikipedia.org/wiki/Betula_nigra,,Abedul de río,
715,Paper birch,Betula papyrifera,http://en.wikipedia.org/wiki/Betula_papyrifera,,Abedul Americano,
814,Silver birch,Betula pendula,http://en.wikipedia.org/wiki/Betula_pendula,,Abedul común,
783,Bolete,Boletus,http://en.wikipedia.org/wiki/Boletus,,,
784,King bolete,Boletus edulis,http://en.wikipedia.org/wiki/Boletus_edulis,,"seta calabaza, seta de calabaza",
207,Borage,Borago officinalis,http://en.wikipedia.org/wiki/Borago_officinalis,,borraja,
810,Palymra palm,Borassus,http://en.wikipedia.org/wiki/Borassus,,,
389,Illawarra flame tree,Brachychiton acerifolius,http://en.wikipedia.org/wiki/Brachychiton_acerifolius,,árbol de fuego illawarra,
271,Kurrajong,Brachychiton populneus,http://en.wikipedia.org/wiki/Brachychiton_populneus,,"Árbol botella, braquiquito, kurrajong",
328,Mexican blue palm,Brahea armata,http://en.wikipedia.org/wiki/Brahea_armata,,"Palmera azul, Palma gris, Palma azul de Méjico, Palmera azul mejicana",
301,Guadalupe palm,Brahea edulis,http://en.wikipedia.org/wiki/Brahea_edulis,,"Palmera de Guadalupe, Palma de Guadalupe",
615,Black mustard,Brassica nigra,http://en.wikipedia.org/wiki/Brassica_nigra,,"mostaza negra, ajenabe",
50,Kale,Brassica oleracea var. acephala,http://en.wikipedia.org/wiki/Kale,,"Col crespa, col rizada",
767,Red cabbage,Brassica oleracea var. capitata f. rubra,http://en.wikipedia.org/wiki/Red_cabbage,,,Repollo colorado.
729,Brussels sprout,Brassica oleracea var. gemmifera,http://en.wikipedia.org/wiki/Brussels_sprout,,Coles de Bruselas,Repollitos de bruselas.
721,Broccoli,Brassica oleracea var. italica,http://en.wikipedia.org/wiki/Broccoli,,Brócoli,
302,Paper mulberry,Broussonetia papyrifera,http://en.wikipedia.org/wiki/Broussonetia_papyrifera,," Morera del papel, Mora turca",
560,Butia palm,Butia,http://en.wikipedia.org/wiki/Butia,,,Butiá
303,Jelly palm,Butia capitata,http://en.wikipedia.org/wiki/Butia_capitata,,,Butiá.
474,Pigeon pea,Cajanus cajan,http://en.wikipedia.org/wiki/Pigeon_pea,,,
484,Marigold,Calendula,http://en.wikipedia.org/wiki/Calendula,,Caléndula,
488,Calendula,Calendula,http://en.wikipedia.org/wiki/Calendula,,Caléndula,
370,Beautyberry,Callicarpa,http://en.wikipedia.org/wiki/Callicarpa,,Bayas bonitas,
382,Cape chestnut,Calodendrum capense,http://en.wikipedia.org/wiki/Calodendrum_capense,,Castaño del Cabo,
799,Giant puffball,Calvatia gigantea,http://en.wikipedia.org/wiki/Calvatia_gigantea,,"Bejín gigante, pedo de lobo gigante, artaputz erraldoi, bufa del diable",
371,Camellia,Camellia,http://en.wikipedia.org/wiki/Camellia,,Camelia,
304,Japanese camellia,Camellia japonica,http://en.wikipedia.org/wiki/Camellia_japonica,,"Camelia, Camelio común",
452,Cannabis,Cannabis,http://en.wikipedia.org/wiki/Cannabis,,Cannabis,
719,Chanterelle,Cantharellus,http://en.wikipedia.org/wiki/Cantharellus,,,
790,Yellow chanterelle,Cantharellus cibarius,http://en.wikipedia.org/wiki/Cantharellus_cibarius,,"rebozuelo, anacate, chantarela",
791,White chanterelle,Cantharellus subalbidus,http://en.wikipedia.org/wiki/Cantharellus_subalbidus,,,
541,Shepherd's purse,Capsella bursa-pastoris,http://en.wikipedia.org/wiki/Capsella_bursa-pastoris,,Bolsa de pastor,
55,Chili pepper,Capsicum,http://en.wikipedia.org/wiki/Chili_pepper,,,"Chile, Ají, Pimiento, Putaparió"
102,Bell pepper,Capsicum annuum,http://en.wikipedia.org/wiki/Bell_pepper,,Pimiento morrón,
633,Siberian peashrub,Caragana arborescens,http://en.wikipedia.org/wiki/Caragana_arborescens,,"Caragana, Acacia de Rusia, Arbusto del guisante",
233,Hairy bittercress,Cardamine hirsuta,http://en.wikipedia.org/wiki/Cardamine_hirsuta,,"berro amargo, mastuerzo amargo, mastuerzo menor",
222,Papaya,Carica papaya,http://en.wikipedia.org/wiki/Carica_papaya,,"Papaya, papayón, papayo en Canarias, mamón, melón papaya, lechosa, melón de árbol, fruta bomba.",Papaya
829,Carissa,Carissa,http://en.wikipedia.org/wiki/Carissa,,,
731,Natal plum,Carissa macrocarpa,http://en.wikipedia.org/wiki/Carissa_macrocarpa,,,
492,Conkerberry,Carissa spinarum,http://en.wikipedia.org/wiki/Carissa_spinarum,,,
483,Pigface,Carpobrotus,http://en.wikipedia.org/wiki/Carpobrotus,,flor del cuchillo,
778,Highway ice plant,Carpobrotus edulis,http://en.wikipedia.org/wiki/Carpobrotus_edulis,,uña de gato,
144,Hickory,Carya,http://en.wikipedia.org/wiki/Carya,,Pacana,
503,Bitternut hickory,Carya cordiformis,http://en.wikipedia.org/wiki/Carya_cordiformis,,nogal americano de nuez amarga,
352,Pignut hickory,Carya glabra,http://en.wikipedia.org/wiki/Carya_glabra,,"nogal de pantano, nogal pacana",
93,Pecan,Carya illinoinensis,http://en.wikipedia.org/wiki/Carya_illinoinensis,,Pacanan nuez encarcelada,Pecan
362,Shellbark hickory,Carya laciniosa,http://en.wikipedia.org/wiki/Carya_laciniosa,,Nogal americano shellbark,
281,Shagbark hickory,Carya ovata,http://en.wikipedia.org/wiki/Carya_ovata,,"Jicoria ovada, hicoria ovada",
356,Mockernut hickory,Carya tomentosa,http://en.wikipedia.org/wiki/Carya_tomentosa,,,
95,White sapote,Casimiroa edulis,http://en.wikipedia.org/wiki/Casimiroa_edulis,, zapote blanco,
70,Chestnut,Castanea,http://en.wikipedia.org/wiki/Castanea_(genus),,,Castaños
414,Japanese chestnut,Castanea crenata,http://en.wikipedia.org/wiki/Castanea_crenata,,,Castaño japonés
343,American chestnut,Castanea dentata,http://en.wikipedia.org/wiki/Castanea_dentata,,,Castaño americano
155,Chinese chestnut,Castanea mollissima,http://en.wikipedia.org/wiki/Castanea_mollissima,,,Castaño chino
345,Dwarf chestnut,Castanea pumila,http://en.wikipedia.org/wiki/Castanea_pumila,,,Castaño enano
363,Sweet chestnut,Castanea sativa,http://en.wikipedia.org/wiki/Castanea_sativa,,castaño,
182,Hackberry,Celtis,http://en.wikipedia.org/wiki/Celtis,,Almez,
305,Mediterranean hackberry,Celtis australis,http://en.wikipedia.org/wiki/Celtis_australis,,"almez, aligonero, latonero ",
293,Common hackberry,Celtis occidentalis,http://en.wikipedia.org/wiki/Celtis_occidentalis,,Almez americano,
306,Netleaf hackberry,Celtis reticulata,http://en.wikipedia.org/wiki/Celtis_reticulata,,almez del oeste,
329,Chinese hackberry,Celtis sinensis,http://en.wikipedia.org/wiki/Celtis_sinensis,,"almez de china, almez chino",
275,Carob,Ceratonia siliqua,http://en.wikipedia.org/wiki/Ceratonia_siliqua,,,Algarrobo.
340,Redbud,Cercis,http://en.wikipedia.org/wiki/Cercis,,Árbol del amor,
138,Eastern redbud,Cercis canadensis,http://en.wikipedia.org/wiki/Cercis_canadensis,,"ciclamor del canadá, ciclamor del este",
307,Western redbud,Cercis occidentalis,http://en.wikipedia.org/wiki/Cercis_occidentalis,,"cercis de california, ciclamor del oeste",
364,Judas tree,Cercis siliquastrum,http://en.wikipedia.org/wiki/Cercis_siliquastrum,,"Árbol del amor, Ciclamor, algarrobo loco, árbol de Judas",
704,Japanese quince,Chaenomeles japonica,http://en.wikipedia.org/wiki/Chaenomeles_japonica,,,Membrillo japonés.
378,Dwarf fan palm,Chamaerops humilis,http://en.wikipedia.org/wiki/Chamaerops_humilis,,palmito ,
188,Pitseed goosefoot,Chenopodium berlandieri,http://en.wikipedia.org/wiki/Chenopodium_berlandieri,,Huauzontle,
787,Shaggy parasol,Chlorophyllum,http://en.wikipedia.org/wiki/Shaggy_parasol,,apagador menor,
444,Cocoplum,Chrysobalanus icaco,http://en.wikipedia.org/wiki/Chrysobalanus_icaco,,icaco,
221,Star apple,Chrysophyllum cainito,http://en.wikipedia.org/wiki/Chrysophyllum_cainito,,"cainito, caimito, cayumito, abiaba, aguay",
515,Endive,Cichorium,http://en.wikipedia.org/wiki/Endive,,,
697,Common chicory,Cichorium intybus,http://en.wikipedia.org/wiki/Chicory,,"escarola, achicoria común, radicheta",
77,Calamondin,Citrofortunella microcarpa,http://en.wikipedia.org/wiki/Citrofortunella_microcarpa,,"calamondina, calamansí",
573,Musk lime,Citrofortunella mitis,http://en.wikipedia.org/wiki/%C3%97_Citrofortunella_mitis,,"naranja calamondín, calamonsi",
720,Watermelon,Citrullus lanatus,http://en.wikipedia.org/wiki/Watermelon,,,Sandía
263,Citrus,Citrus,http://en.wikipedia.org/wiki/Citrus,,,Citrus
26,Lime,Citrus,http://en.wikipedia.org/wiki/Lime_(fruit),,,Lima
81,Bitter orange,Citrus aurantium,http://en.wikipedia.org/wiki/Citrus_aurantium,,,Naranja amarga
831,Kaffir lime,Citrus hystrix,http://en.wikipedia.org/wiki/Kaffir_lime,,"combava, lima kafir",
19,Kumquat,Citrus japonica,http://en.wikipedia.org/wiki/Citrus_japonica,,,Quinotos
771,Sweet lime,Citrus limetta,http://en.wikipedia.org/wiki/Citrus_limetta,,"limetta dulce, limón dulce mediterráneo, limón dulce, lima dulce",
4,Lemon,Citrus limon,http://en.wikipedia.org/wiki/Citrus_limon,,,Limón
485,Lemonade tree,Citrus limon x reticulata,,,"mandarino, naranja mandarina, mandarina clementina, tangerina",
11,Pomelo,Citrus maxima,http://en.wikipedia.org/wiki/Citrus_maxima,,,Pomelo
25,Buddha's hand,Citrus medica var. sarcodactyli,http://en.wikipedia.org/wiki/Buddha%27s_hand,,Mano de Buda,
5,Grapefruit,Citrus paradisi,http://en.wikipedia.org/wiki/Citrus_paradisi,,Pomelo,Pomelo
23,Mandarin,Citrus reticulata,http://en.wikipedia.org/wiki/Mandarin_orange,,,Mandarina
308,Key lime,Citrus x aurantifolia,http://en.wikipedia.org/wiki/Citrus_aurantifolia,,"Limero, limonero",
551,Mandarin-lime,Citrus x limonia,http://en.wikipedia.org/wiki/Rangpur_(fruit),,limón mandarina,
27,Meyer lemon,Citrus x meyeri,http://en.wikipedia.org/wiki/Citrus_meyeri,,árbol del limón meyer,
3,Orange,Citrus x sinensis,http://en.wikipedia.org/wiki/Citrus_sinensis,,,Naranja
57,Miner's lettuce,Claytonia perfoliata,http://en.wikipedia.org/wiki/Claytonia_perfoliata,,"lechuga del minero, invierno verdolaga, lechuga de la india",
94,Chaya,Cnidoscolus aconitifolius,http://en.wikipedia.org/wiki/Cnidoscolus_aconitifolius,,"Chaya, árbol espinaca",
743,Seagrape,Coccoloba uvifera,http://en.wikipedia.org/wiki/Coccoloba_uvifera,,"uva de playa, uvero de playa, icaco, uva caleta",
460,Coconut palm,Cocos nucifera,http://en.wikipedia.org/wiki/Coconut,,Cocotero,
793,Shaggy mane,Coprinus comatus,http://en.wikipedia.org/wiki/Coprinus_comatus,,"matacandil, apagador, barbuda, chipirón de monte",
759,Corchorus,Corchorus,http://en.wikipedia.org/wiki/Corchorus,,yute,
309,Cabbage tree,Cordyline australis,http://en.wikipedia.org/wiki/Cordyline_australis,,Cordiline,
277,Dogwood,Cornus,http://en.wikipedia.org/wiki/Cornus_(genus),,Cornejo,
118,Kousa dogwood,Cornus kousa,http://en.wikipedia.org/wiki/Cornus_kousa,,"Cornejo de kousa, cornejo del Japón",
248,Cornelian cherry dogwood,Cornus mas,http://en.wikipedia.org/wiki/Cornus_mas,,"Cornejo macho, corneho de cornelia",
134,Red osier dogwood,Cornus sericea,http://en.wikipedia.org/wiki/Cornus_sericea,,"cornejo mimbre rojo, cornejo siberiano",
120,Hazel,Corylus,http://en.wikipedia.org/wiki/Corylus,,Avellano,
294,Common hazel,Corylus avellana,http://en.wikipedia.org/wiki/Corylus_avellana,,"Avellana, avellanas, avellano, avellanera, avellanero, ablano, nochizo, troncho",
251,Turkish hazel,Corylus colurna,http://en.wikipedia.org/wiki/Corylus_colurna,,"Avellano turco, avellano arbóreo, avellano mediterráneo",
391,Beaked hazel,Corylus cornuta,http://en.wikipedia.org/wiki/Corylus_cornuta,,Avellana picuda,
395,Filbert,Corylus maxima,http://en.wikipedia.org/wiki/Corylus_maxima,,Avellano de lambert,
570,Karaka,Corynocarpus laevigatus,http://en.wikipedia.org/wiki/Karaka_(tree),,"Karaka, laurel de nueva zelanda",
804,Talipot palm,Corypha umbraculifera,http://en.wikipedia.org/wiki/Corypha_umbraculifera,,Palma de Ceilán,
172,Hawthorn,Crataegus,http://en.wikipedia.org/wiki/Crataegus,,Espino,
342,Russian hawthorn,Crataegus ambigua,http://en.wikipedia.org/wiki/Crataegus_ambigua,,,
350,Grand rapids hawthorn,Crataegus ambitiosa,http://en.wikipedia.org/wiki/Crataegus_ambitiosa,,,
417,Arnold hawthorn,Crataegus arnoldiana,http://en.wikipedia.org/wiki/Crataegus_arnoldiana,,,
718,Azarole hawthorn,Crataegus azarolus,http://en.wikipedia.org/wiki/Crataegus_azarolus,,Acerolo,
310,Black hawthorn,Crataegus douglasii,http://en.wikipedia.org/wiki/Crataegus_douglasii,,"Espino de río, espino negro",
346,Midland hawthorn,Crataegus laevigata,http://en.wikipedia.org/wiki/Crataegus_laevigata,,"Espino blanco, espino ardiente, espino navarro, majuelo de dos huesos, majuelo navarro",
365,Lavalle hawthorn,Crataegus lavallei,http://en.wikipedia.org/wiki/Crataegus_lavallei,,,
774,Tejocote,Crataegus mexicana,http://en.wikipedia.org/wiki/Crataegus_mexicana,,,
341,Downy hawthorn,Crataegus mollis,http://en.wikipedia.org/wiki/Crataegus_mollis,,Espino rojo,
399,Common hawthorn,Crataegus monogyna,http://en.wikipedia.org/wiki/Crataegus_monogyna,,"Espino albar, majuelo, espino majuelo, espinera, majoleto",
357,Washington hawthorn,Crataegus phaenopyrum,http://en.wikipedia.org/wiki/Crataegus_phaenopyrum,,Espino de Washington,
548,Chinese hawthorn,Crataegus pinnatifida,http://en.wikipedia.org/wiki/Crataegus_pinnatifida,,Espino Chino,
760,Mayhaw,Crataegus series Aestivales,http://en.wikipedia.org/wiki/Mayhaw,,Espino de mayo,
587,Rock samphire,Crithmum maritimum,http://en.wikipedia.org/wiki/Crithmum,,"Cenojo de mar, cresta marina, fenoll marí, hinojo de mar, hinojo marino, pastanaga, pastinaca marina, perejil de la isla, perejil de mar, perejil marino, perejil marítimo, uña de perro",
65,Squash,Cucurbita,http://en.wikipedia.org/wiki/Cucurbita,,"Calabacín, calabacita",
67,Pumpkin,Cucurbita,http://en.wikipedia.org/wiki/Cucurbita,,"Calabaza, ayote",
475,Spaghetti squash,Cucurbita pepo,http://en.wikipedia.org/wiki/Spaghetti_squash,,"Bubango, calabacera, calabacilla, calabacín, zapallito italiano",
850,Zucchini,Cucurbita pepo,http://en.wikipedia.org/wiki/Zucchini,,"Calabacín, zapallito ",
69,Quince,Cydonia oblonga,http://en.wikipedia.org/wiki/Cydonia_oblonga,,"Bubango, calabacera, calabacilla, calabacín, zapallito italiano",
461,Lemongrass,Cymbopogon,http://en.wikipedia.org/wiki/Cymbopogon,,"Hierba de limón, citronela, limoncillo, verbena india, hierba limón",
765,Palmarosa,Cymbopogon martinii,http://en.wikipedia.org/wiki/Cymbopogon_martinii,,"Yerbalimón, hierba luisa, limonaria, cedrón, paja cedrón, mal ojillo, malojillo, zacate limón, limoncillo, cedrón pasto, caña santa, yerba de calentura",
85,Globe artichoke,Cynara cardunculus var. scolymus,http://en.wikipedia.org/wiki/Artichoke,,"Cardo, cardillos, capacaballo, alcaucil silvestre, cardo de castilla, cardo de comer, cardo penquero, cardo de huerta",
526,Wild carrot,Daucus carota,http://en.wikipedia.org/wiki/Daucus_carota,,"Zanahoria, zanahoria silvestre",
513,Flax lily,Dianella,http://en.wikipedia.org/wiki/Dianella_(genus),,Lirio de lino,
133,Gasplant,Dictamnus albus,http://en.wikipedia.org/wiki/Dictamnus,,"Chitán, dictamno blanco, díctamo, dictamo blanco, díctamo blanco, dictamo real, fraxinela, fraxinella, fresnedilla, fresnilla, fresnillo, tarraguilla, tarraguillo y yerba del puerto",
828,Longan,Dimocarpus longan,http://en.wikipedia.org/wiki/Longan,,"Ojo de dragon, Longan, Lichi",
447,Yam,Dioscorea,http://en.wikipedia.org/wiki/Yam_(vegetable),,ñame,
12,Persimmon,Diospyros,http://en.wikipedia.org/wiki/Persimmon,,Caqui,
462,Chocolate persimmon,Diospyros digyna,http://en.wikipedia.org/wiki/Diospyros_digyna,,Zapote negro,
280,Japanese persimmon,Diospyros kaki,http://en.wikipedia.org/wiki/Diospyros_kaki,,Caqui asiático,
400,Date-plum,Diospyros lotus,http://en.wikipedia.org/wiki/Diospyros_lotus,,Caqui silvestre,
246,American persimmon,Diospyros virginiana,http://en.wikipedia.org/wiki/Diospyros_virginiana,,Caqui Americano,
600,Wild rocket,Diplotaxis tenuifolia,http://en.wikipedia.org/wiki/Diplotaxis_tenuifolia,,Rúcula,
832,Kei apple,Dovyalis caffra,http://en.wikipedia.org/wiki/Dovyalis_caffra,,"Umkokola, manzana Kei",
522,Durian,Durio,http://en.wikipedia.org/wiki/Durian,,Durián,
773,Epazote,Dysphania ambrosioides,http://en.wikipedia.org/wiki/Dysphania_ambrosioides,,"epazote, paico, epazotl",
201,Echinacea,Echinacea,http://en.wikipedia.org/wiki/Echinacea,, Equinácea,
609,Silverberry,Elaeagnus,http://en.wikipedia.org/wiki/Elaeagnus,,Baya de plata ,
242,Russian-olive,Elaeagnus angustifolia,http://en.wikipedia.org/wiki/Elaeagnus_angustifolia,,árbol del paraíso,
358,Autumn-olive,Elaeagnus umbellata,http://en.wikipedia.org/wiki/Elaeagnus_umbellata,,"baya plateada japonesa, olivo de otoño",
830,Blue quandong,Elaeocarpus angustifolius,http://en.wikipedia.org/wiki/Elaeocarpus_angustifolius,,"Árbol mármol azul, higo azul, quandong azul",
18,Loquat,Eriobotrya japonica,http://en.wikipedia.org/wiki/Eriobotrya_japonica,,Nisperero de Japón,
553,Golden yarrow,Eriophyllum confertiflorum,http://en.wikipedia.org/wiki/Eriophyllum_confertiflorum,,,
8,Eucalyptus,Eucalyptus,http://en.wikipedia.org/wiki/Eucalyptus,,,Eucalipto
311,Cider gum,Eucalyptus gunnii,http://en.wikipedia.org/wiki/Eucalyptus_gunnii,,"Eucalipto de Gunn, gunnii, eucalipto sidra",
575,Manna gum,Eucalyptus viminalis,http://en.wikipedia.org/wiki/Eucalyptus_viminalis,,eucalipto viminalis,
451,Surinam cherry,Eugenia uniflora,http://en.wikipedia.org/wiki/Eugenia_uniflora,," ñangapiry, capulí, pitanga, grosella, cereza de Cayena ",
725,AĂ§aĂ­ palm,Euterpe oleracea,http://en.wikipedia.org/wiki/A%C3%A7a%C3%AD_palm,,"palmera de asaí, azaí, huasaí, palma murrapo, naidí, açaí",
580,Beech,Fagus,http://en.wikipedia.org/wiki/Beech,,Haya,
710,American beech,Fagus grandifolia,http://en.wikipedia.org/wiki/Fagus_grandifolia,,Haya americana,
241,European beech,Fagus sylvatica,http://en.wikipedia.org/wiki/Fagus_sylvatica,,Haya común,
170,Japanese knotweed,Fallopia japonica,http://en.wikipedia.org/wiki/Fallopia_japonica,,Hierba nudosa japonesa,
445,Fig,Ficus,http://en.wikipedia.org/wiki/Ficus,,,Higo
20,Common fig,Ficus carica,http://en.wikipedia.org/wiki/Ficus_carica,,,Higo común
469,Governor's plum,Flacourtia indica,http://en.wikipedia.org/wiki/Flacourtia_indica,,ciruela gobernadora,
63,Fennel,Foeniculum vulgare,http://en.wikipedia.org/wiki/Foeniculum_vulgare,,"acinojo, anís, anís bravo, anisete silvestre, arinojo, cañiguera, cenojo, cenoyo, esmeldo, fanoyo, fenículo, fenojo, fenol, fenollo, finojo, fiúncho, hacinojo, hierba santa, hinojo, hinojo amargo, hinojo común, hinojo doméstico, hinojo hortense, hinojo salvaje, hinojo vulgar, jenoyo, jinojo, linojo, mellu, millu, millua, milu, perejil de gitano",Hinojo
105,Strawberry,Fragaria,http://en.wikipedia.org/wiki/Fragaria,,Fresa,"Frutilla, fresa"
359,Manna ash,Fraxinus ornus,http://en.wikipedia.org/wiki/Fraxinus_ornus,,"Fresno de flor, orno, fresno del maná, fresno florido",
109,Cleavers,Galium aparine,http://en.wikipedia.org/wiki/Galium_aparine,,"amor de hortelano, azotalenguas, lapa",
217,Salal,Gaultheria shallon,http://en.wikipedia.org/wiki/Gaultheria_shallon,,"salal, shallon, gaultheria",
146,Ginkgo,Ginkgo biloba,http://en.wikipedia.org/wiki/Ginkgo_biloba,,"Ginko, árbol de los cuarenta escudos",
528,Ground ivy,Glechoma hederacea,http://en.wikipedia.org/wiki/Glechoma_hederacea,,hiedra terrestre,
252,Honey locust,Gleditsia triacanthos,http://en.wikipedia.org/wiki/Gleditsia_triacanthos,,Acacia de tres púas,
789,Spike-cap,Gomphidius,http://en.wikipedia.org/wiki/Gomphidius,,gonfidio,
754,Hen-of-the-woods,Grifola frondosa,http://en.wikipedia.org/wiki/Grifola_frondosa,,Maitake,
218,Kentucky coffeetree,Gymnocladus dioicus,http://en.wikipedia.org/wiki/Gymnocladus_dioicus,,"Cafetero de Kentucky, gimnoclado dioico, raigón del Canadá",
137,Witch-hazel,Hamamelis,http://en.wikipedia.org/wiki/Hamamelis,,"avellana de bruja, escoba de bruja",
756,Mangaba,Hancornia speciosa,http://en.wikipedia.org/wiki/Hancornia_speciosa,,,
381,Kaffir plum,Harpephyllum caffrum,,, Ciruelo de los Cafres,
187,Sunflower,Helianthus annuus,http://en.wikipedia.org/wiki/Helianthus_annuus,,Girasol,
209,Jerusalem artichoke,Helianthus tuberosus,http://en.wikipedia.org/wiki/Helianthus_tuberosus,,"tupinambo, topinambur, pataca",
127,Daylily,Hemerocallis,http://en.wikipedia.org/wiki/Hemerocallis,,lirio de día,
769,Toyon,Heteromeles arbutifolia,http://en.wikipedia.org/wiki/Heteromeles,,baya de navidad,
312,Rose of sharon,Hibiscus syriacus,http://en.wikipedia.org/wiki/Hibiscus_syriacus,,"rosa de siria, altea",
214,Sea hibiscus,Hibiscus tiliaceus,http://en.wikipedia.org/wiki/Hibiscus_tiliaceus,,Hibisco marítimo,
545,Sea-buckthorn,Hippophae,http://en.wikipedia.org/wiki/Hippophae,,"Espino cerval de mar, bayas marítimas",
610,Common sea-buckthorn,Hippophae rhamnoides,http://en.wikipedia.org/wiki/Hippophae_rhamnoides,,espino amarillo,
549,Oriental raisin tree,Hovenia dulcis,http://en.wikipedia.org/wiki/Hovenia_dulcis,,"árbol de las pasas, banana de jón, hovenia, kenan, ovenia, palito dulce, pasa de turco, uva china, uva del diablo, uva japonesa, uva paraguaya, uvenia, chi chuh",
185,Hop,Humulus lupulus,http://en.wikipedia.org/wiki/Hops,,lúpulo,
563,St John's wort,Hypericum perforatum,http://en.wikipedia.org/wiki/St_John's_wort,,Hipérico,
664,Holly,Ilex,http://en.wikipedia.org/wiki/Holly,,Acebo,
500,Yaupon holly,Ilex vomitoria,http://en.wikipedia.org/wiki/Yaupon_holly,,"acebo yaupon, cassina",
465,Pacay,Inga feuilleei,http://en.wikipedia.org/wiki/Inga_feuilleei,,"Pacay, guaba, guamo",
471,Sweet potato,Ipomoea batatas,http://en.wikipedia.org/wiki/Sweet_potato,,Camote,"Boñato, batata, chaco, papa dulce"
73,Walnut,Juglans,http://en.wikipedia.org/wiki/Juglans,,Nogal,
413,Japanese walnut,Juglans ailantifolia,http://en.wikipedia.org/wiki/Juglans_ailantifolia,,nogal japonés,
297,Southern california walnut,Juglans californica,http://en.wikipedia.org/wiki/Juglans_californica,,"nogal negro de california, nogal negro del sur de california, nuez de california",
180,Butternut,Juglans cinerea,http://en.wikipedia.org/wiki/Juglans_cinerea,,Nogal blanco Americano,
376,Northern california walnut,Juglans hindsii,http://en.wikipedia.org/wiki/Juglans_hindsii,,"nogal del norte de california, nogal negro de california del norte",
330,Arizona black walnut,Juglans major,http://en.wikipedia.org/wiki/Juglans_major,,"ogal de arizona, nogal negro de arizona, nogal silvestre, nogal río, nogal montaña",
111,Black walnut,Juglans nigra,http://en.wikipedia.org/wiki/Juglans_nigra,,Nogal negro,
112,Persian walnut,Juglans regia,http://en.wikipedia.org/wiki/Juglans_regia,,"nogal común, nogal europeo, nogal español, nuez de castilla",
227,Juniper,Juniperus,http://en.wikipedia.org/wiki/Juniperus,,Junipero,
313,California juniper,Juniperus californica,http://en.wikipedia.org/wiki/Juniperus_californica,,"enebro de california, cedro blanco de california, cedro de baya dulce, cedro desierto blanco",
401,Common juniper,Juniperus communis,http://en.wikipedia.org/wiki/Juniperus_communis,,"enebro común, jinebro",
392,Rocky mountain juniper,Juniperus scopulorum,http://en.wikipedia.org/wiki/Juniperus_scopulorum,,"enebro montañas rocosas, enebro cielo azul, enebro fulgor de la luna",
283,Eastern red-cedar,Juniperus virginiana,http://en.wikipedia.org/wiki/Juniperus_virginiana,,Enebro de Virginia,
788,Saffron milk cap,Lactarius deliciosus,http://en.wikipedia.org/wiki/Lactarius_deliciosus,,"mízcalo, níscalo",
749,Hygrophorus milky,Lactarius hygrophoroides,http://en.wikipedia.org/wiki/Lactarius_hygrophoroides,,,
552,Lettuce,Lactuca sativa,http://en.wikipedia.org/wiki/Lettuce,,,Lechuga
430,Prickly lettuce,Lactuca serriola,http://en.wikipedia.org/wiki/Lactuca_serriola,,"lechuga espinosa, achicorias, baleas, cardo, cardo lechar, cardo lechero, cardo mantequero, cardo montes, cardocucos, cazapuercos, cerrajones, escarola, lambaza, lecheguetas, lechera, lecherina, lechuga borde, lechuga escarola, lechuga escarolada, lechuga montés, lechuga silvestre, lechugo, lengua de vaca, manzanillones, panes de pastor, pie de pájaro",
781,Chicken-of-the-woods,Laetiporus sulphureus,http://en.wikipedia.org/wiki/Laetiporus_sulphureus,,"Poliporo azufrado, bolo de garrofera, girgola groga",
602,Deadnettle,Lamium,http://en.wikipedia.org/wiki/Lamium,,Ortiga,
531,White deadnettle,Lamium album,http://en.wikipedia.org/wiki/Lamium_album,,Ortiga blanca,
159,Henbit,Lamium amplexicaule,http://en.wikipedia.org/wiki/Lamium_amplexicaule,,"zapatitos, conejitos, ortiga mansa",
525,Purple deadnettle,Lamium purpureum,http://en.wikipedia.org/wiki/Lamium_purpureum,,"lamio púrpura, ortiga roja",
177,Toothwort,Lathraea,http://en.wikipedia.org/wiki/Lathraea,,,
770,Perennial sweet pea,Lathyrus latifolius,http://en.wikipedia.org/wiki/Lathyrus_latifolius,,albejana,
438,Sweet pea,Lathyrus odoratus,http://en.wikipedia.org/wiki/Lathyrus_odoratus,,guisante de olor,
268,Bay laurel,Laurus nobilis,http://en.wikipedia.org/wiki/Laurus_nobilis,,"Laurel, lauro",
17,Lavender,Lavandula,http://en.wikipedia.org/wiki/Lavandula,,"lavanda, alhucema, espliego, cantueso",Lavanda
792,Birch bolete,Leccinum scabrum,http://en.wikipedia.org/wiki/Leccinum_scabrum,,,
386,Lemon-scented teatree,Leptospermum petersonii,http://en.wikipedia.org/wiki/Leptospermum_petersonii,,árbol del té de aroma de limón,
387,Teatree,Leptospermum scoparium,http://en.wikipedia.org/wiki/Leptospermum_scoparium,,"manuka, árbol del te",
148,Spicebush,Lindera,http://en.wikipedia.org/wiki/Lindera,,,
498,Sweetgum,Liquidambar,http://en.wikipedia.org/wiki/Liquidambar,,liquidámbar,
536,Lychee,Litchi chinensis,http://en.wikipedia.org/wiki/Lychee,,lichi,
594,Ryegrass,Lolium,http://en.wikipedia.org/wiki/Ryegrass,,,
360,Honeysuckle,Lonicera,http://en.wikipedia.org/wiki/Lonicera,,Madreselvas,
597,Smallflower bird's-foot trefoil,Lotus parviflorus,,,,
604,Goji,Lycium,http://en.wikipedia.org/wiki/Goji,,bayas de goji,
383,Macadamia,Macadamia,http://en.wikipedia.org/wiki/Macadamia,,"Macadamia, nuez de arbusto, nuez de maroochi",
145,Osage-orange,Maclura pomifera,http://en.wikipedia.org/wiki/Maclura_pomifera,,"naranjo de Luisiana, espino de los osages, naranjo de los osages",
796,Parasol mushroom,Macrolepiota procera,http://en.wikipedia.org/wiki/Macrolepiota_procera,,"apagador, cucurril, choupín, parasol, matacandil, galamperna",
595,Mahonia species,Mahonia,http://en.wikipedia.org/wiki/Mahonia,,Mahonia,
197,Oregon-grape,Mahonia aquifolium,http://en.wikipedia.org/wiki/Mahonia_aquifolium,,"Uva de Oregón, mahonia",
700,Agarita,Mahonia trifoliolata,http://en.wikipedia.org/wiki/Mahonia_trifoliolata,,"agarita, agarito, algerita, agrito, laredo, laredo oregon-uva, grosella de texas, grosella silvestre, grosella de texas, baya chaparral",
114,Crabapple,Malus,http://en.wikipedia.org/wiki/Malus,,Manzana silvestre,
351,Siberian crabapple,Malus baccata,http://en.wikipedia.org/wiki/Malus_baccata,,Manzana silvestre de Siberia,
402,Sweet crabapple,Malus coronaria,http://en.wikipedia.org/wiki/Malus_coronaria,,Manzana silvestre Americano,
14,Apple,Malus domestica,http://en.wikipedia.org/wiki/Malus_domestica,,Manzana,
270,Japanese flowering crabapple,Malus floribunda,http://en.wikipedia.org/wiki/Malus_floribunda,,Manzana japonés,
403,Oregon crabapple,Malus fusca,http://en.wikipedia.org/wiki/Malus_fusca,,Manzana silvestre de Oregón,
416,Tea crabapple,Malus hupehensis,http://en.wikipedia.org/wiki/Malus_hupehensis,,Manzana del té,
314,Prairie crabapple,Malus ioensis,http://en.wikipedia.org/wiki/Malus_ioensis,,Manzana silvestre pradera,
404,Sargent crabapple,Malus sargentii,http://en.wikipedia.org/wiki/Malus_sargentii,,Manzana sargento,
331,European crabapple,Malus sylvestris,http://en.wikipedia.org/wiki/Malus_sylvestris,,Manzana silvestre,
394,Cut-leaf crabapple,Malus transitoria,http://en.wikipedia.org/wiki/Malus_transitoria,,Manzana transitoria,
361,Pillar crabapple,Malus tschonoskii,http://en.wikipedia.org/wiki/Malus_tschonoskii,,Manzana de adorno,
554,Mallow,Malva,http://en.wikipedia.org/wiki/Malva,,Malva,
418,Mango,Mangifera indica,http://en.wikipedia.org/wiki/Mangifera_indica,,Mango,
523,Cassava,Manihot esculenta,http://en.wikipedia.org/wiki/Cassava,,"Mandioca, casava, casabe","Yuca, Guacamota"
708,Sapodilla,Manilkara zapota,http://en.wikipedia.org/wiki/Manilkara_zapota,,"chicle, goma de mascar",
801,Scotch bonnet,Marasmius oreades,http://en.wikipedia.org/wiki/Marasmius_oreades,,"senderuela, Seta de carrerilla, seta de corro, senderina, pucheretes, pucheruelos, Capuchas, setas de rillón, senderillas, culubrujas, carreretes, carrerillas, Gusarones, carretillas, nansaritas, rojillas, seta de corro, corralera, seta de reguerilla, Seta del Cardillo",
567,White horehound,Marrubium vulgare,http://en.wikipedia.org/wiki/Marrubium_vulgare,,marrubio,
539,Disc mayweed,Matricaria discoidea,http://en.wikipedia.org/wiki/Matricaria_discoidea,,"amagarza, camomila, gamarza, lirada, magarza, manzanilla silvestre, manzanillón, marcierza, matricaria",
746,Ostrich fern,Matteuccia struthiopteris,http://en.wikipedia.org/wiki/Matteuccia_struthiopteris,,"helecho, helecho avestruz de jardín ",
703,Buriti,Mauritia flexuosa,http://en.wikipedia.org/wiki/Mauritia_flexuosa,,"Palma de Moriche, Moriche, Aguaje",
206,Lemon balm,Melissa officinalis,http://en.wikipedia.org/wiki/Melissa_officinalis,,"toronjil, melisa, citronela, hoja de limón",
99,Mint,Mentha,http://en.wikipedia.org/wiki/Mentha,,Menta,
586,Water mint,Mentha aquatica,http://en.wikipedia.org/wiki/Mentha_aquatica,,menta acuática,
204,Spearmint,Mentha spicata,http://en.wikipedia.org/wiki/Mentha_spicata,,hierbabuena,
228,Medlar,Mespilus,http://en.wikipedia.org/wiki/Mespilus,,níspero,
405,Common medlar,Mespilus germanica,http://en.wikipedia.org/wiki/Mespilus_germanica,,"níspero, níspero europeo",
476,Fruit salad plant,Monstera deliciosa,http://en.wikipedia.org/wiki/Monstera_deliciosa,,cerimán,
779,Black morel,Morchella,http://en.wikipedia.org/wiki/Black_morel,,"Colmenilla, morilla, karraspina, arigany",
702,Noni,Morinda citrifolia,http://en.wikipedia.org/wiki/Morinda_citrifolia,,"noni, gunábana cimarrona, fruta del diablo, mora de la India",
693,Malunggay,Moringa oleifera,http://en.wikipedia.org/wiki/Moringa_oleifera,,moringa,
92,Mulberry,Morus,http://en.wikipedia.org/wiki/Morus_(plant),,Morera,
97,White mulberry,Morus alba,http://en.wikipedia.org/wiki/Morus_alba,,"Morera, morera blanca",
96,Black mulberry,Morus nigra,http://en.wikipedia.org/wiki/Morus_nigra,,"morera negra, moral negro",
173,Red mulberry,Morus rubra,http://en.wikipedia.org/wiki/Morus_rubra,,mora roja,
711,Aratilis,Muntingia calabura,http://en.wikipedia.org/wiki/Muntingia,,"capulincillo, capulín",
466,Curry tree,Murraya koenigii,http://en.wikipedia.org/wiki/Curry_tree,," árbol del curry, árbol de hojas de curry",
75,Banana,Musa,http://en.wikipedia.org/wiki/Banana,,,Banana
160,Plantain,Musa,http://en.wikipedia.org/wiki/Plantains,,Plátano,
132,Northern bayberry,Myrica pensylvanica,http://en.wikipedia.org/wiki/Myrica_pensylvanica,,"arrayán del norte, laurel del norte ",
332,Common myrtle,Myrtus communis,http://en.wikipedia.org/wiki/Myrtus_communis,,"mirto, arrayán, murta",
564,Watercress,Nasturtium officinale,http://en.wikipedia.org/wiki/Watercress,,"Berro de agua, mastuerzo de agua",
189,American lotus,Nelumbo lutea,http://en.wikipedia.org/wiki/Nelumbo_lutea,,"flor de loto, nelumbio americano, loto americano, loto amarillo, chinquapin de agua",
158,Catnip,Nepeta cataria,http://en.wikipedia.org/wiki/Nepeta_cataria,,Hierba gatera,
521,Rambutan,Nephelium lappaceum,http://en.wikipedia.org/wiki/Rambutan,,Rambután,
266,Black tupelo,Nyssa sylvatica,http://en.wikipedia.org/wiki/Nyssa_sylvatica,,"tupelo, tupelo negro, goma negro, chicle negro, goma agria",
696,Basil,Ocimum,http://en.wikipedia.org/wiki/Basil,,Albahaca,
231,Indian plum,Oemleria cerasiformis,http://en.wikipedia.org/wiki/Oemleria_cerasiformis,,"ciruela india, baya oso, ciruela de oregón, arbusto mofeta",
167,Evening primrose,Oenothera,http://en.wikipedia.org/wiki/Oenothera,,onagra,
59,Olive,Olea europaea,http://en.wikipedia.org/wiki/Olea_europaea,,Aceituna,Olivo
56,Prickly pear,Opuntia,http://en.wikipedia.org/wiki/Opuntia,,Nopal,
516,Marjoram,Origanum majorana,http://en.wikipedia.org/wiki/Marjoram,,"mejorana, mayorana",
193,Oregano,Origanum vulgare,http://en.wikipedia.org/wiki/Origanum_vulgare,,,Orégano
366,Sweet osmanthus,Osmanthus fragrans,http://en.wikipedia.org/wiki/Osmanthus_fragrans,,"olivo fragante, olivo dulce, osmato oloroso",
100,Wood sorrel,Oxalis,http://en.wikipedia.org/wiki/Oxalis,,"oca, ñame",
502,Sourwood,Oxydendrum arboreum,http://en.wikipedia.org/wiki/Oxydendrum,,Oxidendro,
463,Pumpo,Pachira aquatica,http://en.wikipedia.org/wiki/Pachira_aquatica,,La malparia pachira,
806,Mexican palo verde,Parkinsonia aculeata,http://en.wikipedia.org/wiki/Parkinsonia_aculeata,,espinillo,
78,Passionfruit,Passiflora edulis,http://en.wikipedia.org/wiki/Passiflora_edulis,,"Maracuyá, parcha, parchita, chinol",
190,Maypop,Passiflora incarnata,http://en.wikipedia.org/wiki/Passiflora_incarnata,,flores de la pasión,
761,Rose geranium,Pelargonium graveolens,http://en.wikipedia.org/wiki/Pelargonium_graveolens,,"geranio rosa, rosa geranio de olor, malva silvestre, pelargonium rosa perfumado",
7,Avocado,Persea americana,http://en.wikipedia.org/wiki/Persea_americana,,Aguacate,Palta
532,Water pepper,Persicaria hydropiper,http://en.wikipedia.org/wiki/Persicaria_hydropiper,,"Pimienta del ague, pimienta acuática, persicaria picante, persicaria acre",
457,Garden parsley,Petroselinum crispum,http://en.wikipedia.org/wiki/Petroselinum_crispum,,perejil,
64,Green bean,Phaseolus vulgaris,http://en.wikipedia.org/wiki/Green_bean,,Ejotes,
315,Date palm,Phoenix dactylifera,http://en.wikipedia.org/wiki/Phoenix_dactylifera,,Palma datilera,
166,Pokeweed,Phytolacca,http://en.wikipedia.org/wiki/Phytolacca,,ombú,
501,White pine,Pinus,http://en.wikipedia.org/wiki/White_pine,,Pino blanco,
198,Pinyon pine,Pinus,http://en.wikipedia.org/wiki/Pinyon_pine,,Piñón,
569,Pine,Pinus,http://en.wikipedia.org/wiki/Pine,,Pino,
347,Lacebark pine,Pinus bungeana,http://en.wikipedia.org/wiki/Pinus_bungeana,,Pino con corteza de encaje,
338,Swiss pine,Pinus cembra,http://en.wikipedia.org/wiki/Pinus_cembra,,Pino cembro,
316,Mexican pinyon,Pinus cembroides,http://en.wikipedia.org/wiki/Pinus_cembroides,,Pino Piñorero,
317,Coulter pine,Pinus coulteri,http://en.wikipedia.org/wiki/Pinus_coulteri,,Pino de grandes piñas,
238,Colorado pinyon,Pinus edulis,http://en.wikipedia.org/wiki/Pinus_edulis,,Piñero de dos agujas,
139,Limber pine,Pinus flexilis,http://en.wikipedia.org/wiki/Pinus_flexilis,,Pino flexible,
240,Jeffrey pine,Pinus jeffreyi,http://en.wikipedia.org/wiki/Pinus_jeffreyi,,Pino de Jeffrey,
348,Korean pine,Pinus koraiensis,http://en.wikipedia.org/wiki/Pinus_koraiensis,,Pino de Corea,
367,Single-leaf pinyon,Pinus monophylla,http://en.wikipedia.org/wiki/Pinus_monophylla,,Piñón de una hoja,
295,Japanese white pine,Pinus parviflora,http://en.wikipedia.org/wiki/Pinus_parviflora,,Pino blanco japonés,
269,Stone pine,Pinus pinea,http://en.wikipedia.org/wiki/Pinus_pinea,,Pino albar,
768,Ponderosa pine,Pinus ponderosa,http://en.wikipedia.org/wiki/Pinus_ponderosa,,Pino ponderosa,
368,Gray pine,Pinus sabiniana,http://en.wikipedia.org/wiki/Pinus_sabiniana,,Pino gris,
282,Eastern white pine,Pinus strobus,http://en.wikipedia.org/wiki/Pinus_strobus,,Pino blanco del norte,
318,Torrey pine,Pinus torreyana,http://en.wikipedia.org/wiki/Pinus_torreyana,,Pino solitário,
379,Mount atlas pistache,Pistacia atlantica,http://en.wikipedia.org/wiki/Pistacia_atlantica,,"almácigo, pistachero canario, pistachero de monte atlas, lentisco del monte atlas, árbol masilla del atlas, árbol de trementina persa",
71,Pistachio,Pistacia vera,http://en.wikipedia.org/wiki/Pistacia_vera,,"pistachero, alfóncigo, pistacho",Pistacho
776,Madras thorn,Pithecellobium dulce,http://en.wikipedia.org/wiki/Pithecellobium_dulce,,guamúchil,
535,Plantain (plant),Plantago,http://en.wikipedia.org/wiki/Plantago,,"Llantén mayor, lengua de carnero, Llantén grande",
538,English plantain,Plantago lanceolata,http://en.wikipedia.org/wiki/Plantago_lanceolata,,"Llantén menor, siete venas",
598,Common plantain,Plantago major,http://en.wikipedia.org/wiki/Plantago_major,,llantén mayor,
782,Oyster mushroom,Pleurotus,http://en.wikipedia.org/wiki/Pleurotus,,"Seta ostra, seta de concha, belarri landu, orellana",
780,Pearl oyster mushroom,Pleurotus ostreatus,http://en.wikipedia.org/wiki/Pleurotus_ostreatus,,"gírgola, champiñón ostra, pleuroto en forma de ostra",
334,Plum-pine,Podocarpus,http://en.wikipedia.org/wiki/Podocarpus,,mañíos,
333,Yew plum-pine,Podocarpus macrophyllus,http://en.wikipedia.org/wiki/Podocarpus_macrophyllus,,"podocarpo, podocarpo de hoja ancha, tejo chino, tejo podocarpus, tejo japonés, pino budista, kusamaki, inumaki",
692,Mayapple,Podophyllum peltatum,http://en.wikipedia.org/wiki/Podophyllum_peltatum,,Podofilo,
631,Trifoliate orange,Poncirus trifoliata,http://en.wikipedia.org/wiki/Trifoliate_orange,,"naranjo espinoso, trifoliado",
766,Black poplar,Populus nigra,http://en.wikipedia.org/wiki/Populus_nigra,,Álamo negro,
236,Common purslane,Portulaca oleracea,http://en.wikipedia.org/wiki/Portulaca_oleracea,,verdolaga,
51,Lucuma,Pouteria lucuma,http://en.wikipedia.org/wiki/Pouteria_lucuma,,,Lúcuma
807,Mesquite,Prosopis,http://en.wikipedia.org/wiki/Mesquite,,Mezquite,
62,Cherry,Prunus,http://en.wikipedia.org/wiki/Cherry,,Cerezo,
285,Stone fruit,Prunus,http://en.wikipedia.org/wiki/Prunus,,Fruta con hueso,
1,Plum,Prunus,http://en.wikipedia.org/wiki/Plum,,Ciruelo,
284,American plum,Prunus americana,http://en.wikipedia.org/wiki/Prunus_americana,,Ciruela Americana,
68,Almond,Prunus amygdalus,http://en.wikipedia.org/wiki/Prunus_amygdalus,,Almendro,
723,Chickasaw plum,Prunus angustifolia,http://en.wikipedia.org/wiki/Prunus_angustifolia,,Ciruelo chickasaw,
79,Apricot,Prunus armeniaca,http://en.wikipedia.org/wiki/Prunus_armeniaca,,Albaricoque,
296,Sweet cherry,Prunus avium,http://en.wikipedia.org/wiki/Prunus_avium,,Cerezo silvestre,
113,Cherry plum,Prunus cerasifera,http://en.wikipedia.org/wiki/Prunus_cerasifera,,Ciruelo mirobolano,
121,Sour cherry,Prunus cerasus,http://en.wikipedia.org/wiki/Prunus_cerasus,,Guindo,
441,European plum,Prunus domestica,http://en.wikipedia.org/wiki/Prunus_domestica,,Ciruelo europeo,
748,Greengage plum,Prunus domestica subsp. italica var. claudiana,http://en.wikipedia.org/wiki/Greengage,,,
691,Mirabelle plum,Prunus domestica subsp. syriaca,http://en.wikipedia.org/wiki/Mirabelle_plum,,,
744,Damson plum,Prunus domestica var. insititia,http://en.wikipedia.org/wiki/Damson,,Ciruelo de damasco,
319,Hollyleaf cherry,Prunus ilicifolia,http://en.wikipedia.org/wiki/Prunus_ilicifolia,,Ciruelo de hojas de acebo,
578,Catalina cherry,Prunus ilicifolia lyonii,http://en.wikipedia.org/wiki/Prunus_ilicifolia,,Cerezo de isla catalina,
349,Fuji cherry,Prunus incisa,http://en.wikipedia.org/wiki/Prunus_incisa,,Cerezo fuji,
237,Mahaleb cherry,Prunus mahaleb,http://en.wikipedia.org/wiki/Prunus_mahaleb,,Cerezo de santa lucía,
698,Beach plum,Prunus maritima,http://en.wikipedia.org/wiki/Prunus_maritima,,Ciruela de playa,
443,Mexican plum,Prunus mexicana,http://en.wikipedia.org/wiki/Prunus_mexicana,,Ciruela Mexicana,
373,Japanese apricot,Prunus mume,http://en.wikipedia.org/wiki/Prunus_mume,,Albaricoque japonés,
504,Wild goose plum,Prunus munsoniana,,,Ciruela de ganso salvaje,
339,Canada plum,Prunus nigra,http://en.wikipedia.org/wiki/Prunus_nigra,,Albaricoque negro,
154,European bird cherry,Prunus padus,http://en.wikipedia.org/wiki/Prunus_padus,,Cerezo pado,
412,Pin cherry,Prunus pensylvanica,http://en.wikipedia.org/wiki/Prunus_pensylvanica,,Cerezo pin,
52,Peach,Prunus persica,http://en.wikipedia.org/wiki/Prunus_persica,,Duraznero,
54,Nectarine,Prunus persica var. nucipersica,http://en.wikipedia.org/wiki/Nectarine#Nectarines,,Nectarina,
220,Sand cherry,Prunus pumila,http://en.wikipedia.org/wiki/Prunus_pumila,,Cerezo de arena,
406,Japanese plum,Prunus salicina,http://en.wikipedia.org/wiki/Prunus_salicina,,Ciruelo japonés,
636,Sargent cherry,Prunus sargentii,http://en.wikipedia.org/wiki/Prunus_sargentii,,Cereza de sargento,
168,Black cherry,Prunus serotina,http://en.wikipedia.org/wiki/Prunus_serotina,,Cerezo negro silvestre,
388,Blackthorn,Prunus spinosa,http://en.wikipedia.org/wiki/Prunus_spinosa,,endrino,
407,Klamath plum,Prunus subcordata,http://en.wikipedia.org/wiki/Prunus_subcordata,,"ciruelo sierra, ciruelo del pacífico, ciruelo klamath",
372,Higan cherry,Prunus subhirtella,http://en.wikipedia.org/wiki/Prunus_subhirtella,,"cerezo de flor, cerezo primavera, cerezo higan",
442,Hog plum,Prunus umbellata,,,"ciruelo matorral salvaje, ciruelo de cerdo, jobo, ciruelo plataforma de madera",
186,Chokecherry,Prunus virginiana,http://en.wikipedia.org/wiki/Prunus_virginiana,,"Cerezo de Virginia, capulín",
408,Chinese quince,Pseudocydonia sinensis,http://en.wikipedia.org/wiki/Pseudocydonia_sinensis,,"membrillo chino, membrillo del Japón",
76,Guava,Psidium,http://en.wikipedia.org/wiki/Psidium,,Guayaba,
58,Strawberry guava,Psidium cattleianum,http://en.wikipedia.org/wiki/Psidium_cattleianum,,guayabo peruano,
458,Common guava,Psidium guajava,http://en.wikipedia.org/wiki/Psidium_guajava,,"guayabo, guayaba manzana",
747,Bracken fern,Pteridium,http://en.wikipedia.org/wiki/Bracken,,Helecho,
103,Kudzu,Pueraria lobata,http://en.wikipedia.org/wiki/Pueraria_lobata,,"kudzu, viña kudzu",
13,Pomegranate,Punica granatum,http://en.wikipedia.org/wiki/Punica_granatum,,Granada,
588,Firethorn,Pyracantha,http://en.wikipedia.org/wiki/Pyracantha,,Espinos de fuego,
733,Scarlet firethorn,Pyracantha coccinea,http://en.wikipedia.org/wiki/Pyracantha_coccinea,,"espino de fuego, piracanta",
15,Pear,Pyrus,http://en.wikipedia.org/wiki/Pyrus,,Pera,
286,European pear,Pyrus communis,http://en.wikipedia.org/wiki/Pyrus_communis,,"peral europeo, peral común",
632,European wild pear,Pyrus pyraster,http://en.wikipedia.org/wiki/Pyrus_pyraster,,peral silvestre,
124,Asian pear,Pyrus pyrifolia,http://en.wikipedia.org/wiki/Pyrus_pyrifolia,,"nashi, peral de las arenas, peral asiática, peral oriental, peral japonés, peral chino, peral chino blanco, peral piña, peral manzana",
72,Oak,Quercus,http://en.wikipedia.org/wiki/Quercus,,Roble,
808,Coast live oak,Quercus agrifolia,http://en.wikipedia.org/wiki/Quercus_agrifolia,,"encina de California, encino de la costa",
142,White oak,Quercus alba,http://en.wikipedia.org/wiki/Quercus_alba,,Roble blanco,
288,Swamp white oak,Quercus bicolor,http://en.wikipedia.org/wiki/Quercus_bicolor,,Roble bicolor,
245,Turkey oak,Quercus cerris,http://en.wikipedia.org/wiki/Quercus_cerris,,Role común,
274,Holm oak,Quercus ilex,http://en.wikipedia.org/wiki/Quercus_ilex,,Encina,
559,Overcup oak,Quercus lyrata,http://en.wikipedia.org/wiki/Quercus_lyrata,,roble overcup,
179,Bur oak,Quercus macrocarpa,http://en.wikipedia.org/wiki/Quercus_macrocarpa,,"Roble bur, Roble Burr, Roble Mossycup, Roble blanco Mossycup",
247,Chinkapin oak,Quercus muehlenbergii,http://en.wikipedia.org/wiki/Quercus_muehlenbergii,,"roble chinkapin, roble castaño, roble amarillo castaño, roble roca, roble amarillo",
287,Chestnut oak,Quercus prinus,http://en.wikipedia.org/wiki/Quercus_prinus,,"Roble castaño, roble blanco americano, roble de montaña",
249,English oak,Quercus robur,http://en.wikipedia.org/wiki/Quercus_robur,,Roble Inglés,
135,Northern red oak,Quercus rubra,http://en.wikipedia.org/wiki/Quercus_rubra,,"Roble rojo americano, roble boreal rojo americano, roble rojo del Norte",
129,Cork oak,Quercus suber,http://en.wikipedia.org/wiki/Quercus_suber,,Alcornoque,
849,Radish,Raphanus sativus,http://en.wikipedia.org/wiki/Radish,,Rábano,
24,Rhubarb,Rheum rhabarbarum,http://en.wikipedia.org/wiki/Rheum_rhabarbarum,,Ruibarbo,
117,Sumac,Rhus,http://en.wikipedia.org/wiki/Rhus,,Zumaque,
140,Fragrant sumac,Rhus aromatica,http://en.wikipedia.org/wiki/Rhus_aromatica,,Zumaque fragrante,
409,Smooth sumac,Rhus glabra,http://en.wikipedia.org/wiki/Rhus_glabra,,Zumaque suave,
321,Sugar sumac,Rhus ovata,http://en.wikipedia.org/wiki/Rhus_ovata,,Zumaque de azúcar,
191,Staghorn sumac,Rhus typhina,http://en.wikipedia.org/wiki/Rhus_typhina,,Zumaque de cuerno de ciervo,
106,Currant,Ribes,http://en.wikipedia.org/wiki/Ribes,,Grosella,
649,Jostaberry,Ribes x nidigrolaria,http://en.wikipedia.org/wiki/Jostaberry,,,
107,Golden currant,Ribes aureum,http://en.wikipedia.org/wiki/Ribes_aureum,,Grosella dorada,
630,Blackcurrant,Ribes nigrum,http://en.wikipedia.org/wiki/Blackcurrant,,Grosella negra,
432,Redcurrant,Ribes rubrum,http://en.wikipedia.org/wiki/Ribes_rubrum,,Grosella roja,
650,Whitecurrant,Ribes rubrum,http://en.wikipedia.org/wiki/White_currant,,Grosella blanca,
126,Gooseberry,Ribes uva-crispa,http://en.wikipedia.org/wiki/Ribes_uva-crispa,,Grosellero espinoso europeo,
755,Sticky currant,Ribes viscosissimum,http://en.wikipedia.org/wiki/Ribes_viscosissimum,,Grosellero pegajoso,
110,Black locust,Robinia pseudoacacia,http://en.wikipedia.org/wiki/Robinia_pseudoacacia,,Falsa acacia,
82,Rose,Rosa,http://en.wikipedia.org/wiki/Rose,,Rosa,
520,Dog rose,Rosa canina,http://en.wikipedia.org/wiki/Dog_rose,,Rosal silvestre,
547,Sweetbriar rose,Rosa rubiginosa,http://en.wikipedia.org/wiki/Rosa_rubiginosa,,Rosa mosqueta,
757,Rugosa rose,Rosa rugosa,http://en.wikipedia.org/wiki/Rosa_rugosa,,"rosa japonesa, rosa Ramanas",
10,Rosemary,Rosmarinus officinalis,http://en.wikipedia.org/wiki/Rosmarinus_officinalis,,Romero,
48,Blackberry,Rubus,http://en.wikipedia.org/wiki/Blackberry,,Zarzamora,Mora
98,Dewberry,Rubus,http://en.wikipedia.org/wiki/Dewberry,,"frambuesa, mora",
122,Raspberry,Rubus,http://en.wikipedia.org/wiki/Raspberry,,Frambuesa,
123,Black raspberry,Rubus,http://en.wikipedia.org/wiki/Black_raspberry,,"Frambuesa, mora",
566,Loganberry,Rubus x loganobaccus,http://en.wikipedia.org/wiki/Loganberry,,loganas o loganberris,
420,Cloudberry,Rubus chamaemorus,http://en.wikipedia.org/wiki/Rubus_chamaemorus,,mora de los pantanos,
196,Thimbleberry,Rubus parviflorus,http://en.wikipedia.org/wiki/Rubus_parviflorus,,"morera negra de arena, zarzamora de arena",
701,Wine raspberry,Rubus phoenicolasius,http://en.wikipedia.org/wiki/Rubus_phoenicolasius,,"vino de frambuesa, vino de frambuesa japonés",
230,Salmonberry,Rubus spectabilis,http://en.wikipedia.org/wiki/Rubus_spectabilis,,benibanaichigo,
210,Dock,Rumex,http://en.wikipedia.org/wiki/Rumex,,"acedera, acederilla",
437,Common sorrel,Rumex acetosa,http://en.wikipedia.org/wiki/Rumex_acetosa,,"acedera común, vinagrera",
171,Curly dock,Rumex crispus,http://en.wikipedia.org/wiki/Rumex_crispus,,"aceda de culebra, acedera, acedera brava, acedera de perro, acedera de sapo, acederón, aciderones, arromalgas, azaderones, capachos, carbana, carbaza, carbazana, carbéi, carbeña, carpaza, engorda-puercos, espinaca bravía, hidrolápato menor, hierba de la paciencia, hoja de restrallo, hoja de romance, hoja de sapo, hydrolapato menor, lampaza, lampazo, lapaza, leitarega, lengua de buey, lengua de vaca, llampaza, llapazo, mastranzo, nabiza, paciencia, paciencias, paniega, rábano, rábano cordero, ramagón, romanza, romaza, romaza crespa, romaza rizada, ruibarbo silvestre, rumaza, tabaco, tabaquera, tabaqueros, tallos de perro, vinagrera, vinagreras, yerba mulata",
809,Mexican palmetto,Sabal mexicana,http://en.wikipedia.org/wiki/Sabal_mexicana,,"Palmito mexicano, palma de Mícharos",
125,Arrowhead,Sagittaria,http://en.wikipedia.org/wiki/Sagittaria,,,
706,Broadleaf arrowhead,Sagittaria latifolia,http://en.wikipedia.org/wiki/Sagittaria_latifolia,,"punta de flecha de hoja ancha, patata de pato, patata india, wapato",
213,Black willow,Salix nigra,http://en.wikipedia.org/wiki/Salix_nigra,,Sauce negro,
9,Sage,Salvia,http://en.wikipedia.org/wiki/Salvia,,Salvia,
777,White sage,Salvia apiana,http://en.wikipedia.org/wiki/Salvia_apiana,,Salvia blanca,
74,Elderberry,Sambucus,http://en.wikipedia.org/wiki/Sambucus,,Baya del saúco,
433,Blue elderberry,Sambucus cerulea,http://en.wikipedia.org/wiki/Sambucus_cerulea,,Saúco de baya azul,
322,Black elderberry,Sambucus nigra,http://en.wikipedia.org/wiki/Sambucus_nigra,,Saúco común,
514,Desert quandong,Santalum acuminatum,http://en.wikipedia.org/wiki/Santalum_acuminatum,,Quandong del desierto,
212,Soapberry,Sapindus,http://en.wikipedia.org/wiki/Sapindus,,Jaboncillo,
147,Sassafras,Sassafras albidum,http://en.wikipedia.org/wiki/Sassafras_albidum,,Árbol de sasafrás,
762,Satureja species,Satureja,http://en.wikipedia.org/wiki/Satureja,,"ajedreas, hisopillos",
421,Summer savory,Satureja hortensis,http://en.wikipedia.org/wiki/Satureja_hortensis,,ajedrea de jardín,
335,Peruvian pepper,Schinus molle,http://en.wikipedia.org/wiki/Schinus_molle,,"aguaribay, gualeguay, anacahuita ",
262,Brazilian pepper,Schinus terebinthifolius,http://en.wikipedia.org/wiki/Schinus_terebinthifolius,,"pimentero brasileño, turbinto, aroeira, pimienta rosada, pimienta rosa",
427,Eastern gray squirrel,Sciurus carolinensis,http://en.wikipedia.org/wiki/Sciurus_carolinensis,,Ardilla gris de las Carolinas,
518,Chayote,Sechium edule,http://en.wikipedia.org/wiki/Chayote,,Chayote,
540,Wallpepper,Sedum acre,http://en.wikipedia.org/wiki/Sedum_acre,,"pampajarito, pan de cuco, pimienta de muros, siempreviva menor, uña de gato, uvas de gato",
695,White mustard,Sinapis alba,http://en.wikipedia.org/wiki/White_mustard,,"mostaza blanca, mostaza amarilla",
601,London rocket,Sisymbrium irio,http://en.wikipedia.org/wiki/Sisymbrium_irio,,matacandil,
591,Hedge mustard,Sisymbrium officinale,http://en.wikipedia.org/wiki/Sisymbrium_officinale,,Erísimo,
614,Alexanders,Smyrnium olusatrum,http://en.wikipedia.org/wiki/Smyrnium_olusatrum,,"apio, apio caballar, apio equino, esmirnio, olusatro, perejil macedonio, perejil de caballo",
470,Tamarillo,Solanum betaceum,http://en.wikipedia.org/wiki/Tamarillo,,"Tomate de árbol, sachatomate, chilto, tomate andino, tamarillo",
61,Tomato,Solanum lycopersicum,http://en.wikipedia.org/wiki/Solanum_lycopersicum,,Tomate,
732,Eggplant,Solanum melongena,http://en.wikipedia.org/wiki/Eggplant,,Berenjena,
638,Potato,Solanum tuberosum,http://en.wikipedia.org/wiki/Potato,,Papa,
683,Rowan,Sorbus,http://en.wikipedia.org/wiki/Rowan,,Serbal,
410,Common whitebeam,Sorbus aria,http://en.wikipedia.org/wiki/Sorbus_aria,,"Mostajo, serbal blanco, mostellar, mostajo común, mostajo blanco",
278,European rowan,Sorbus aucuparia,http://en.wikipedia.org/wiki/Sorbus_aucuparia,,"serbal de los cazadores, azarollo,",
411,True service tree,Sorbus domestica,http://en.wikipedia.org/wiki/Sorbus_domestica,,"Serbal común, sorbo, jerbo, zurbal, capudo",
590,Swedish whitebeam,Sorbus intermedia,http://en.wikipedia.org/wiki/Sorbus_%C3%97_intermedia,,"mostajo intermedio, mostajo de mougeot, mostajo sueco",
736,Mombin,Spondias,http://en.wikipedia.org/wiki/Spondias,,,
740,Yellow mombin,Spondias mombin,http://en.wikipedia.org/wiki/Spondias_mombin,,,
555,Lamb's ear,Stachys byzantina,http://en.wikipedia.org/wiki/Stachys_byzantina,,,
229,Common chickweed,Stellaria media,http://en.wikipedia.org/wiki/Stellaria_media,,"Stellaria media, álsine, pamplina, hierba gallinera,",
817,Sterculia species,Sterculia,http://en.wikipedia.org/wiki/Sterculia,,,
786,Slippery jack,Suillus luteus,http://en.wikipedia.org/wiki/Suillus_luteus,,"Boleto anillado, babosillo",
273,Queen palm,Syagrus romanzoffiana,http://en.wikipedia.org/wiki/Syagrus_romanzoffiana,,"palmera pindó, ybá pitá",
473,Comfrey,Symphytum,http://en.wikipedia.org/wiki/Symphytum,,Consuelda,
380,Lilly pilly,Syzygium,http://en.wikipedia.org/wiki/Syzygium,,"costa satinash, goma Eungella",
454,Jambul,Syzygium cumini,http://en.wikipedia.org/wiki/Jambul,,"jambul, jambolán",
265,Magenta lilly pilly,Syzygium paniculatum,http://en.wikipedia.org/wiki/Syzygium_paniculatum,,cereza magenta,
834,Wax apple,Syzygium samarangense,http://en.wikipedia.org/wiki/Syzygium_samarangense,,,
453,Tamarind,Tamarindus indica,http://en.wikipedia.org/wiki/Tamarind,,Tamarindo,
565,Feverfew,Tanacetum parthenium,http://en.wikipedia.org/wiki/Feverfew,,"altamisa, amargaza, amargazón, artemisa, botón de plata, camamila de los huertos, camelina de los huertos, camomila de aragón, chapote, flor de la calentura, flor de santos, gamarza, gamaza, gamazón, hierba de altamira, hierba de santa maría, hierba santa, madrehuela doble, madrehuela olorosa, madrehuela rósea, magarza, magarza amarilla, magarzuela, manzanilla, manzanilla botonera, manzanilla brava, manzanillo, manzanillón, margaza, matricaria, matronaria, pelitre, santa maría blanca, yerba de santa maría",
543,Common tansy,Tanacetum vulgare,http://en.wikipedia.org/wiki/Tanacetum_vulgare,,"Tanaceto, hierba lombriguera",
90,Dandelion,Taraxacum,http://en.wikipedia.org/wiki/Taraxacum,,"Dientes de león, panaderos, ásteres",
726,CupuaĂ§u,Theobroma grandiflorum,http://en.wikipedia.org/wiki/Cupua%C3%A7u,,"copoazú, copoasu, cupuazú, cupuassu, cupu assu, cacao blanco",
192,Thyme,Thymus,http://en.wikipedia.org/wiki/Thymus_(genus),,Tomillo,
764,Silverleafed princess flower,Tibouchina heteromalla,http://en.wikipedia.org/wiki/Tibouchina_heteromalla,,Tibuchina,
163,Linden,Tilia,http://en.wikipedia.org/wiki/Tilia,,Tilo,
143,American linden,Tilia americana,http://en.wikipedia.org/wiki/Tilia_americana,,Tilo americano,
253,Small-leaved linden,Tilia cordata,http://en.wikipedia.org/wiki/Tilia_cordata,,"Tilo norteño, Tilo silvestre, tilo de hoja pequeña",
369,Large-leaved linden,Tilia platyphyllos,http://en.wikipedia.org/wiki/Tilia_platyphyllos,," tilo de hoja ancha, tilo común, tilo de hoja grande",
239,Silver linden,Tilia tomentosa,http://en.wikipedia.org/wiki/Tilia_tomentosa,,"Tilo plateado, Tilo húngaro",
243,European linden,Tilia x europaea,http://en.wikipedia.org/wiki/Tilia_europaea,,"Tilo común, Tilo híbrido de Holanda ",
244,Chinese toon,Toona sinensis,http://en.wikipedia.org/wiki/Toona_sinensis,,"caoba chino, cedro caoba chino",
374,California nutmeg,Torreya californica,http://en.wikipedia.org/wiki/Torreya_californica,,Torreya de California,
722,Common salsify,Tragopogon porrifolius,http://en.wikipedia.org/wiki/Tragopogon_porrifolius,,"Salsifí común, barba de cabra, barbón",
596,Clover,Trifolium,http://en.wikipedia.org/wiki/Clover,,Tréboles,
728,Red clover,Trifolium pratense,http://en.wikipedia.org/wiki/Trifolium_pratense,,"Trébol rojo, trébol violeta",
727,White clover,Trifolium repens,http://en.wikipedia.org/wiki/Trifolium_repens,,Trébol blanco,
66,Nasturtium,Tropaeolum,http://en.wikipedia.org/wiki/Tropaeolum,,Capuchina,
108,Cattail,Typha,http://en.wikipedia.org/wiki/Typha,,"Totora, gladio, espadaña, anea, enea",
589,Gorse,Ulex,http://en.wikipedia.org/wiki/Ulex,,Tojos,
164,Elm,Ulmus,http://en.wikipedia.org/wiki/Ulmus,,Olmo,
279,California laurel,Umbellularia californica,http://en.wikipedia.org/wiki/Umbellularia_californica,,Laurel de California,
149,Nettle,Urtica,http://en.wikipedia.org/wiki/Urtica,,Ortiga,
232,Stinging nettle,Urtica dioica,http://en.wikipedia.org/wiki/Urtica_dioica,,Ortiga,
88,Blueberry,Vaccinium,http://en.wikipedia.org/wiki/Blueberry,,Arándano,
223,Cranberry,Vaccinium,http://en.wikipedia.org/wiki/Cranberry,,Arándano,
613,Whortleberry,Vaccinium,http://en.wikipedia.org/wiki/Whortleberry,,Arándano,
558,Darrow's blueberry,Vaccinium darrowii,http://en.wikipedia.org/wiki/Vaccinium_darrowii,,"arándano de darrow, arándano perenne, arándano matorral, arándano vaccinium del sur",
529,Common bilberry,Vaccinium myrtillus,http://en.wikipedia.org/wiki/Vaccinium_myrtillus,,"Mirtilo, arándano",
713,Red huckleberry,Vaccinium parvifolium,http://en.wikipedia.org/wiki/Vaccinium_parvifolium,,arándano rojo,
425,Lingonberry,Vaccinium vitis-idaea,http://en.wikipedia.org/wiki/Vaccinium_vitis-idaea,,Arándano rojo,
415,Nannyberry,Viburnum lentago,http://en.wikipedia.org/wiki/Viburnum_lentago,,"viburnum dulce, baya de oveja, baya niñera",
607,Guelder rose,Viburnum opulus,http://en.wikipedia.org/wiki/Viburnum_opulus,,"aleluyos, barbatilla, bola de nieve, bola de oro, borlones, copo de nieve, corcovanos, flor del mundo, gebre, geldre, guelde, gueldre, mundillo, rocela, rodela, rosa de gueldres, rosal de gueldres, sabuco-rosa, saúco rodel, sauco acuático, sauco acuático globoso, sauco de agua, sauco palustre, sauco real, sauco rodel, sauquillo, verdedurillo",
355,Black haw,Viburnum prunifolium,http://en.wikipedia.org/wiki/Viburnum_prunifolium,,"viburno, viburno americano, viburno de américa del norte, pasa silvestre, arbusto ciervo",
176,American cranberrybush,Viburnum trilobum,http://en.wikipedia.org/wiki/Viburnum_trilobum,,"viburnum arándano, viburnum arándano americano, arándano agrio americano",
506,Fava bean,Vicia faba,http://en.wikipedia.org/wiki/Vicia_faba,,Habas,
456,Mung bean,Vigna radiata,http://en.wikipedia.org/wiki/Vigna_radiata,,Frijol chino,
424,Violet,Viola,http://en.wikipedia.org/wiki/Viola_(plant),,Violeta,
336,Chaste tree,Vitex agnus-castus,http://en.wikipedia.org/wiki/Vitex_agnus-castus,,Sauzgatillo,
16,Grape,Vitis,http://en.wikipedia.org/wiki/Vitis,,Vid común,
128,Fox grape,Vitis labrusca,http://en.wikipedia.org/wiki/Vitis_labrusca,,Uva chinche,
753,Concord grape,Vitis labrusca 'Concord',http://en.wikipedia.org/wiki/Concord_(grape),,Uva chinche,
705,Mustang grape,Vitis mustangensis,http://en.wikipedia.org/wiki/Vitis_mustangensis,,Vid mustang,
101,Muscadine,Vitis rotundifolia,http://en.wikipedia.org/wiki/Vitis_rotundifolia,,Uva moscatel,
629,Common grape,Vitis vinifera,https://en.wikipedia.org/wiki/Vitis_vinifera,,Vid salvaje,
324,Desert fan palm,Washingtonia filifera,http://en.wikipedia.org/wiki/Washingtonia_filifera,,Palmera de California,
325,Mexican fan palm,Washingtonia robusta ,http://en.wikipedia.org/wiki/Washingtonia_robusta,,Palmera de México,
550,Yellowhorn,Xanthoceras sorbifolium,http://en.wikipedia.org/wiki/Xanthoceras,,Cuerno amarillo,
741,Yucca,Yucca,http://en.wikipedia.org/wiki/Yucca,,Yuca,
375,Faxon yucca,Yucca faxoniana,http://en.wikipedia.org/wiki/Yucca_faxoniana,,,
385,Spineless yucca,Yucca gigantea,http://en.wikipedia.org/wiki/Yucca_gigantea,,Yuca pinchona,
393,Moundlily yucca,Yucca gloriosa,http://en.wikipedia.org/wiki/Yucca_gloriosa,,Yuca brillante,
577,Curve-leaf yucca,Yucca recurvifolia,http://en.wikipedia.org/wiki/Curve-leaf_yucca,,Yuca pendula,
645,Corn,Zea mays,http://en.wikipedia.org/wiki/Maize,,Maíz,
104,Jujube,Ziziphus jujuba,http://en.wikipedia.org/wiki/Ziziphus_jujuba,,Azofaifo,
86,Community garden,,http://en.wikipedia.org/wiki/Community_garden,,Jardín comunitário,
195,Huckleberry,,http://en.wikipedia.org/wiki/Huckleberry,,Arándano,
205,Chamomile,,http://en.wikipedia.org/wiki/Chamomile,,Manzanilla,
450,Community nursery,,http://en.wikipedia.org/wiki/Community_gardening,,Vivero comunitário,
517,Vegetable,,http://en.wikipedia.org/wiki/Vegetable,,Verdura,
482,Monkey fruit,,http://en.wikipedia.org/wiki/Monkey_fruit,,,
508,Urban farm,,http://en.wikipedia.org/wiki/Urban_farm,,Granja urbana,
2,Dumpster,,http://en.wikipedia.org/wiki/Garbage_picking,,Contenedor,
533,Water well,,http://en.wikipedia.org/wiki/Water_well,,Pozo,
534,Fish,,http://en.wikipedia.org/wiki/Fish,,Pez,
426,Herb,,http://en.wikipedia.org/wiki/Herb,,Hierba,
161,Bamboo,,http://en.wikipedia.org/wiki/Bamboo,,Bambú,
211,Beehive,,http://en.wikipedia.org/wiki/Beehive,,Colmena,
234,Fruit tree,,http://en.wikipedia.org/wiki/Fruit_tree,,Frutal,
264,Palm,,http://en.wikipedia.org/wiki/Palm_(plant),,Palmera,
384,Nut tree,,http://en.wikipedia.org/wiki/Nut_(fruit),,Árbol de nueces,
446,Berry,,http://en.wikipedia.org/wiki/Berry,,Baya,
562,Water spring,,http://en.wikipedia.org/wiki/Spring_(hydrology),,Manantial,
611,Orchard,,http://en.wikipedia.org/wiki/Orchard,,Huerto de árboles frutales,
612,Forest garden,,http://en.wikipedia.org/wiki/Forest_garden,,Bosque de alimentos,
616,Compost,,http://en.wikipedia.org/wiki/Compost,,Abono,
660,Campsite,,http://en.wikipedia.org/wiki/Campsite,,Campamento,
641,Guerilla garden,,http://en.wikipedia.org/wiki/Guerrilla_gardening,,Agricultura de guerrilla,
663,Tree swing,,http://en.wikipedia.org/wiki/Swing_(seat),,Columpio de árbol,
674,Growing space,,http://en.wikipedia.org/wiki/Urban_agriculture,,Espacio de cultivo,
687,Fruit,,http://en.wikipedia.org/wiki/Fruit,,Fruta,
688,Crayfish,,http://en.wikipedia.org/wiki/Crayfish,,Cangrejo de río,
694,Medicinal plant,,http://en.wikipedia.org/wiki/List_of_plants_used_in_herbalism,,Planta medicinal,
712,Rabbit,,http://en.wikipedia.org/wiki/Rabbit,,Conejo,
734,Daisy,,http://en.wikipedia.org/wiki/Daisy,,Margarita,
745,Fern,,http://en.wikipedia.org/wiki/Fern,,Helecho,
750,Plant,,http://en.wikipedia.org/wiki/Plant,,Planta,
751,Straw,,http://en.wikipedia.org/wiki/Straw,,Paja,
735,Drinking fountain,,http://en.wikipedia.org/wiki/Water_fountain#Drinking_fountain,,Fuente de agua potable,
763,Cactus,,http://en.wikipedia.org/wiki/Cactus,,Cactus,
795,Puffball,,http://en.wikipedia.org/wiki/Puffball,,"Cuesco de lobo, bejín",
775,Sapote,,http://en.wikipedia.org/wiki/Sapote,,Zapote,
839,Free store,,http://en.wikipedia.org/wiki/Give-away_shop,,Tienda gratis,
821,Free box,,http://en.wikipedia.org/wiki/Free_box,,Caja gratis,
836,Dumpster (non-edible),,http://en.wikipedia.org/wiki/Garbage_picking,Contenedor (no-comestible),No-comestible del contenedor,
826,Locust tree,,http://en.wikipedia.org/wiki/Locust_tree,,Robinia,
89,Mushroom,,http://en.wikipedia.org/wiki/Mushroom,,Hongo,
837,Market,,http://en.wikipedia.org/wiki/Garbage_picking,,Mercado,
838,Market (non-edible),,http://en.wikipedia.org/wiki/Garbage_picking,Mercado (no-comestible),No-comestible del mercado,
844,U-pick,,http://en.wikipedia.org/wiki/U-pick,,Recolecta-su-propia,
843,Freegan,,http://en.wikipedia.org/wiki/Freeganism,,Freegan,
840,Table,,http://en.wikipedia.org/wiki/Garbage_picking,,Mesa,
845,Leftovers,,http://en.wikipedia.org/wiki/Leftovers,,Sobras,
846,Meal,,http://en.wikipedia.org/wiki/Meal,,Comida,
848,Public bench,,http://en.wikipedia.org/wiki/Bench_(furniture),,Banco público,