ID,English Common Name,Latin Name,Wikipedia Link,French Wikipedia [?],Translated Name (Ethan),Translated Name (...)
377,Wattle,Acacia,http://en.wikipedia.org/wiki/Acacia,http://fr.wikipedia.org/wiki/Acacia,Acacia,
327,True mulga,Acacia aneura,http://en.wikipedia.org/wiki/Acacia_aneura,http://fr.wikipedia.org/wiki/Acacia_aneura,Vrai mulga,
579,Needle bush,Acacia farnesiana,http://en.wikipedia.org/wiki/Vachellia_farnesiana,http://fr.wikipedia.org/wiki/Acacia_farnesiana,"Cassier, Cassie ancienne, Cassie du Levant, Mimosa de Farnèse",
298,Sydney golden wattle,Acacia longifolia,http://en.wikipedia.org/wiki/Acacia_longifolia,http://fr.wikipedia.org/wiki/Acacia_longifolia,,
49,Feijoa,Acca sellowiana,http://en.wikipedia.org/wiki/Acca_sellowiana,http://fr.wikipedia.org/wiki/Acca_sellowiana,Feijoa,
175,Maple,Acer,http://en.wikipedia.org/wiki/Acer_(genus),http://fr.wikipedia.org/wiki/Érable,Érable,
289,Black maple,Acer nigrum,http://en.wikipedia.org/wiki/Acer_nigrum,http://fr.wikipedia.org/wiki/Acer_nigrum,Érable noir,
272,Silver maple,Acer saccharinum,http://en.wikipedia.org/wiki/Acer_saccharinum,http://fr.wikipedia.org/wiki/Acer_saccharinum,"Érable argenté, Érable de Virginie",
136,Sugar maple,Acer saccharum,http://en.wikipedia.org/wiki/Acer_saccharum,http://fr.wikipedia.org/wiki/Acer_saccharum,Érable à sucre,
422,Common yarrow,Achillea millefolium,http://en.wikipedia.org/wiki/Achillea_millefolium,http://fr.wikipedia.org/wiki/Achillea_millefolium,Achillée millefeuille,
87,Kiwifruit,Actinidia,http://en.wikipedia.org/wiki/Kiwifruit,http://fr.wikipedia.org/wiki/Kiwi,Kiwi,
530,Ground elder,Aegopodium podagraria,http://en.wikipedia.org/wiki/Aegopodium_podagraria,http://fr.wikipedia.org/wiki/Aegopodium_podagraria,"Égopode podagraire, Herbe aux goutteux",
686,Goutweed,Aegopodium podagraria,http://en.wikipedia.org/wiki/Aegopodium_podagraria,http://fr.wikipedia.org/wiki/Aegopodium_podagraria,-,-
290,Yellow buckeye,Aesculus flava,http://en.wikipedia.org/wiki/Aesculus_flava,http://fr.wikipedia.org/wiki/Aesculus_flava,"Pavier jaune, Marronnier à fleurs jaunes",
224,Horse chestnut,Aesculus hippocastanum,http://en.wikipedia.org/wiki/Aesculus_hippocastanum,http://fr.wikipedia.org/wiki/Aesculus_hippocastanum,"Marronnier commun, Marronnier d'Inde, Marronnier blanc",
794,Horse mushroom,Agaricus arvensis,http://en.wikipedia.org/wiki/Agaricus_arvensis,http://fr.wikipedia.org/wiki/Agaricus_arvensis,Agaric des jachères,
785,The prince,Agaricus augustus,http://en.wikipedia.org/wiki/Agaricus_augustus,http://fr.wikipedia.org/wiki/Agaricus_augustus,"Agaric august, Agaric impérial",
800,Field mushroom,Agaricus campestris,http://en.wikipedia.org/wiki/Agaricus_campestris,http://fr.wikipedia.org/wiki/Agaricus_campestris,"Aagaric champêtre, Rosé des prés",
276,Agave,Agave,http://en.wikipedia.org/wiki/Agave,http://fr.wikipedia.org/wiki/Agave,Agave,
435,Silk tree,Albizia,http://en.wikipedia.org/wiki/Albizia,http://fr.wikipedia.org/wiki/Albizia,Albizia,
509,Persian silk tree,Albizia julibrissin,http://en.wikipedia.org/wiki/Albizia_julibrissin,http://fr.wikipedia.org/wiki/Albizia_julibrissin,Arbre à soie,
730,Lady's mantle,Alchemilla,http://en.wikipedia.org/wiki/Alchemilla,http://fr.wikipedia.org/wiki/Alchemilla,Alchémille,
157,Garlic mustard,Alliaria petiolata,http://en.wikipedia.org/wiki/Alliaria_petiolata,http://fr.wikipedia.org/wiki/Alliaria_petiolata,"Alliaire officinale, Herbe à ail",
152,Onion,Allium,http://en.wikipedia.org/wiki/Allium,http://fr.wikipedia.org/wiki/Allium,Allium,
639,Leek,Allium,http://en.wikipedia.org/wiki/Leek,http://fr.wikipedia.org/wiki/Poireau,Poireau,
131,Mouse garlic,Allium angulosum,,http://fr.wikipedia.org/wiki/Allium_angulosum,Ail anguleux,
202,Garlic,Allium sativum,http://en.wikipedia.org/wiki/Allium_sativum,http://fr.wikipedia.org/wiki/Allium_sativum,"Ail commun, Ail cultivé",
585,Chives,Allium schoenoprasum,http://en.wikipedia.org/wiki/Allium_schoenoprasum,http://fr.wikipedia.org/wiki/Allium_schoenoprasum,"Ciboulette, Civette",
690,Ramps,Allium tricoccum,http://en.wikipedia.org/wiki/Allium_tricoccum,http://fr.wikipedia.org/wiki/Allium_tricoccum,"Oignon sauvage, Ail des bois",
486,Three-cornered leek,Allium triquetrum,http://en.wikipedia.org/wiki/Allium_triquetrum,http://fr.wikipedia.org/wiki/Allium_triquetrum,"Ail à trois angles, Ail triquètre",
707,Garlic chives,Allium tuberosum,http://en.wikipedia.org/wiki/Allium_tuberosum,http://fr.wikipedia.org/wiki/Allium_tuberosum,"Ciboule de Chine, Ciboulette chinoise",
542,Wild garlic,Allium ursinum,http://en.wikipedia.org/wiki/Allium_ursinum,http://fr.wikipedia.org/wiki/Allium_ursinum,"Ail des ours, Ail sauvage",
184,Tree onion,Allium x proliferum,http://en.wikipedia.org/wiki/Allium_proliferum,,,
772,Aloe,Aloe,http://en.wikipedia.org/wiki/Aloe,http://fr.wikipedia.org/wiki/Aloe,Aloe,
709,Aloe vera,Aloe vera,http://en.wikipedia.org/wiki/Aloe_vera,http://fr.wikipedia.org/wiki/Aloe_vera,Aloe vera,
459,Lemon verbena,Aloysia citrodora,http://en.wikipedia.org/wiki/Aloysia_citrodora,http://fr.wikipedia.org/wiki/Aloysia_citrodora,"Verveine odorante, Verveine citronnelle",
115,Serviceberry,Amelanchier,http://en.wikipedia.org/wiki/Amelanchier,http://fr.wikipedia.org/wiki/Amelanchier,Amélanchier,
396,Saskatoon,Amelanchier alnifolia,http://en.wikipedia.org/wiki/Amelanchier_alnifolia,http://fr.wikipedia.org/wiki/Amelanchier_alnifolia,Amélanchier à feuilles d'aulne,
141,Downy serviceberry,Amelanchier arborea,http://en.wikipedia.org/wiki/Amelanchier_arborea,http://fr.wikipedia.org/wiki/Amelanchier_arborea,,
337,Canadian serviceberry,Amelanchier canadensis,http://en.wikipedia.org/wiki/Amelanchier_canadensis,http://fr.wikipedia.org/wiki/Amelanchier_canadensis,Amélanchier du Canada,
291,Allegheny serviceberry,Amelanchier laevis,http://en.wikipedia.org/wiki/Amelanchier_laevis,http://fr.wikipedia.org/wiki/Amelanchier_laevis,,
354,Apple serviceberry,Amelanchier x grandiflora,http://en.wikipedia.org/wiki/Amelanchier_grandiflora,,,
699,Pineapple,Ananas comosus,http://en.wikipedia.org/wiki/Ananas_comosus,http://fr.wikipedia.org/wiki/Ananas_comosus,Ananas,
429,Dill,Anethum graveolens,http://en.wikipedia.org/wiki/Anethum_graveolens,http://fr.wikipedia.org/wiki/Anethum_graveolens,Aneth,
561,Cherimoya,Annona cherimola,http://en.wikipedia.org/wiki/Annona_cherimola,http://fr.wikipedia.org/wiki/Annona_cherimola,Chérimolier,
464,Soursop,Annona muricata,http://en.wikipedia.org/wiki/Annona_muricata,http://fr.wikipedia.org/wiki/Annona_muricata,Corossolier,
599,Cow parsley,Anthriscus sylvestris,http://en.wikipedia.org/wiki/Anthriscus_sylvestris,http://fr.wikipedia.org/wiki/Anthriscus_sylvestris,"Cerfeuil sauvage, Anthrisque sauvage, Cerfeuil des bois",
742,Columbine,Aquilegia,http://en.wikipedia.org/wiki/Aquilegia,http://fr.wikipedia.org/wiki/Aquilegia,Ancolie,
397,Chinese angelica tree,Aralia chinensis,http://en.wikipedia.org/wiki/Aralia_chinensis,,,
344,Japanese angelica tree,Aralia elata,http://en.wikipedia.org/wiki/Aralia_elata,http://fr.wikipedia.org/wiki/Aralia_elata,"Angélique du Japon, Aralie japonaise",
292,Devil's walkingstick,Aralia spinosa,http://en.wikipedia.org/wiki/Aralia_spinosa,,,
576,Araucaria species,Araucaria,http://en.wikipedia.org/wiki/Araucaria,http://fr.wikipedia.org/wiki/Araucaria,Araucaria,
200,Monkey puzzle,Araucaria araucana,http://en.wikipedia.org/wiki/Araucaria_araucana,http://fr.wikipedia.org/wiki/Araucaria_araucana,Araucaria du Chili,
468,Bunya pine,Araucaria bidwillii,http://en.wikipedia.org/wiki/Araucaria_bidwillii,http://fr.wikipedia.org/wiki/Araucaria_bidwillii,Bunya-bunya,
299,Norfolk island pine,Araucaria heterophylla,http://en.wikipedia.org/wiki/Araucaria_heterophylla,http://fr.wikipedia.org/wiki/Araucaria_heterophylla,Pin de Norfolk,
300,Pacific madrone,Arbutus menziesii,http://en.wikipedia.org/wiki/Arbutus_menziesii,http://fr.wikipedia.org/wiki/Arbutus_menziesii,Arbousier d'Amérique,
60,Strawberry tree,Arbutus unedo,http://en.wikipedia.org/wiki/Arbutus_unedo,http://fr.wikipedia.org/wiki/Arbutus_unedo,Arbousier commun,
169,Burdock,Arctium,http://en.wikipedia.org/wiki/Arctium,http://fr.wikipedia.org/wiki/Arctium,Bardane,
83,Manzanita,Arctostaphylos,http://en.wikipedia.org/wiki/Manzanita,http://fr.wikipedia.org/wiki/Manzanita,Manzanita,
398,Whiteleaf manzanita,Arctostaphylos manzanita,http://en.wikipedia.org/wiki/Arctostaphylos_manzanita,http://fr.wikipedia.org/wiki/Arctostaphylos_manzanita,Arctostaphyle commune,
527,Horseradish,Armoracia rusticana,http://en.wikipedia.org/wiki/Armoracia_rusticana,http://fr.wikipedia.org/wiki/Armoracia_rusticana,Raifort,
119,Chokeberry,Aronia,http://en.wikipedia.org/wiki/Aronia,http://fr.wikipedia.org/wiki/Aronia,Aronia,
219,Black chokeberry,Aronia melanocarpa,http://en.wikipedia.org/wiki/Aronia_melanocarpa,http://fr.wikipedia.org/wiki/Aronia_melanocarpa,"Aronia noir, Aronia à fruits noirs",
752,Mugwort,Artemisia,http://en.wikipedia.org/wiki/Mugwort,http://fr.wikipedia.org/wiki/Artemisia_(plante),,
556,Silver wormwood,Artemisia ludoviciana,http://en.wikipedia.org/wiki/Artemisia_ludoviciana,http://fr.wikipedia.org/wiki/Artemisia_ludoviciana,,
537,Breadfruit,Artocarpus altilis,http://en.wikipedia.org/wiki/Artocarpus_altilis,http://fr.wikipedia.org/wiki/Artocarpus_altilis,Arbre à pain,
467,Jackfruit,Artocarpus heterophyllus,http://en.wikipedia.org/wiki/Artocarpus_heterophyllus,http://fr.wikipedia.org/wiki/Artocarpus_heterophyllus,Jacquier,
165,Milkweed,Asclepias,http://en.wikipedia.org/wiki/Asclepias,http://fr.wikipedia.org/wiki/Asclepias,Asclépiade,
116,Pawpaw,Asimina triloba,http://en.wikipedia.org/wiki/Asimina_triloba,http://fr.wikipedia.org/wiki/Asimina_triloba,Asiminier trilobé,
156,Asparagus,Asparagus officinalis,http://en.wikipedia.org/wiki/Asparagus_officinalis,http://fr.wikipedia.org/wiki/Asparagus_officinalis,Asperge,
724,Triangle orache,Atriplex prostrata,,,,
798,Jelly ear fungus,Auricularia auricula-judae,http://en.wikipedia.org/wiki/Auricularia_auricula-judae,http://fr.wikipedia.org/wiki/Auricularia_auricula-judae,"Oreille de Judas, Oreille du diable",
797,Cloud ear fungus,Auricularia polytricha,http://en.wikipedia.org/wiki/Auricularia_polytricha,,,
419,Starfruit,Averrhoa carambola,http://en.wikipedia.org/wiki/Averrhoa_carambola,http://fr.wikipedia.org/wiki/Averrhoa_carambola,Carambolier,
455,Neem,Azadirachta indica,http://en.wikipedia.org/wiki/Azadirachta_indica,http://fr.wikipedia.org/wiki/Azadirachta_indica,"Margousier, Margosier",
833,Lemon myrtle,Backhousia citriodora,http://en.wikipedia.org/wiki/Backhousia_citriodora,http://fr.wikipedia.org/wiki/Backhousia_citriodora,,
758,Malabar spinach,Basella alba,http://en.wikipedia.org/wiki/Basella_alba,http://fr.wikipedia.org/wiki/Basella_alba,Épinard de Malabar,
605,Barberry,Berberis,http://en.wikipedia.org/wiki/Berberis,http://fr.wikipedia.org/wiki/Berberis,Berbéris,
511,Beet,Beta vulgaris,http://en.wikipedia.org/wiki/Beet,http://fr.wikipedia.org/wiki/Betterave_potag%C3%A8re,"Betterave potagère, Betterave rouge",
689,Chard,Beta vulgaris subsp. cicla,http://en.wikipedia.org/wiki/Chard,http://fr.wikipedia.org/wiki/Blette_(plante),"Blette, Bette, Côtes de bettes",
608,Sea beet,Beta vulgaris subsp. maritima,http://en.wikipedia.org/wiki/Sea_beet,http://fr.wikipedia.org/wiki/Bette_maritime,"Betterave maritime, Bette maritime, Betterave sauvage",
524,Birch,Betula,http://en.wikipedia.org/wiki/Birch,http://fr.wikipedia.org/wiki/Betula,Bouleau,
811,River birch,Betula nigra,http://en.wikipedia.org/wiki/Betula_nigra,http://fr.wikipedia.org/wiki/Betula_nigra,Bouleau noir,
715,Paper birch,Betula papyrifera,http://en.wikipedia.org/wiki/Betula_papyrifera,http://fr.wikipedia.org/wiki/Betula_papyrifera,Bouleau à papier,
814,Silver birch,Betula pendula,http://en.wikipedia.org/wiki/Betula_pendula,http://fr.wikipedia.org/wiki/Betula_pendula,Bouleau verruqueux,
783,Bolete,Boletus,http://en.wikipedia.org/wiki/Boletus,http://fr.wikipedia.org/wiki/Boletus,Bolet,
784,King bolete,Boletus edulis,http://en.wikipedia.org/wiki/Boletus_edulis,http://fr.wikipedia.org/wiki/Boletus_edulis,Cèpe de Bordeaux,
207,Borage,Borago officinalis,http://en.wikipedia.org/wiki/Borago_officinalis,http://fr.wikipedia.org/wiki/Borago_officinalis,Bourrache officinale,
810,Palymra palm,Borassus,http://en.wikipedia.org/wiki/Borassus,http://fr.wikipedia.org/wiki/Borassus,"Rônier, Borasse",
389,Illawarra flame tree,Brachychiton acerifolius,http://en.wikipedia.org/wiki/Brachychiton_acerifolius,http://fr.wikipedia.org/wiki/Brachychiton_acerifolius,,
271,Kurrajong,Brachychiton populneus,http://en.wikipedia.org/wiki/Brachychiton_populneus,,,
328,Mexican blue palm,Brahea armata,http://en.wikipedia.org/wiki/Brahea_armata,http://fr.wikipedia.org/wiki/Brahea_armata,,
301,Guadalupe palm,Brahea edulis,http://en.wikipedia.org/wiki/Brahea_edulis,http://fr.wikipedia.org/wiki/Brahea_edulis,Palmier de Guadalupe,
615,Black mustard,Brassica nigra,http://en.wikipedia.org/wiki/Brassica_nigra,http://fr.wikipedia.org/wiki/Brassica_nigra,"Moutarde noire, Sénevé noir",
50,Kale,Brassica oleracea var. acephala,http://en.wikipedia.org/wiki/Kale,http://fr.wikipedia.org/wiki/Chou_fris%C3%A9,"Chou frisé, Chou d'aigrette, Chou frangé, Chou lacinié",
767,Red cabbage,Brassica oleracea var. capitata f. rubra,http://en.wikipedia.org/wiki/Red_cabbage,http://fr.wikipedia.org/wiki/Chou_rouge,Chou rouge,
729,Brussels sprout,Brassica oleracea var. gemmifera,http://en.wikipedia.org/wiki/Brussels_sprout,http://fr.wikipedia.org/wiki/Chou_de_Bruxelles,Chou de Bruxelles,
721,Broccoli,Brassica oleracea var. italica,http://en.wikipedia.org/wiki/Broccoli,http://fr.wikipedia.org/wiki/Brocoli,Brocoli,
302,Paper mulberry,Broussonetia papyrifera,http://en.wikipedia.org/wiki/Broussonetia_papyrifera,http://fr.wikipedia.org/wiki/Broussonetia_papyrifera,"Mûrier d'Espagne, Mûrier à papier",
560,Butia palm,Butia,http://en.wikipedia.org/wiki/Butia,http://fr.wikipedia.org/wiki/Butia,Butia,
303,Jelly palm,Butia capitata,http://en.wikipedia.org/wiki/Butia_capitata,http://fr.wikipedia.org/wiki/Butia_capitata,Arbre à laque,
474,Pigeon pea,Cajanus cajan,http://en.wikipedia.org/wiki/Cajanus_cajan,http://fr.wikipedia.org/wiki/Pois_d%27Angole,Pois d'Angole,
484,Marigold,,http://en.wikipedia.org/wiki/Marigold,,,
488,Calendula,Calendula,http://en.wikipedia.org/wiki/Calendula,http://fr.wikipedia.org/wiki/Calendula,Souci,
370,Beautyberry,Callicarpa,http://en.wikipedia.org/wiki/Callicarpa,http://fr.wikipedia.org/wiki/Callicarpa,Callicarpe,
382,Cape chestnut,Calodendrum capense,http://en.wikipedia.org/wiki/Calodendrum_capense,,,
799,Giant puffball,Calvatia gigantea,http://en.wikipedia.org/wiki/Calvatia_gigantea,http://fr.wikipedia.org/wiki/Calvatia_gigantea,Vesse-de-loup géante,
371,Camellia,Camellia,http://en.wikipedia.org/wiki/Camellia,http://fr.wikipedia.org/wiki/Camellia,Camélia,
304,Japanese camellia,Camellia japonica,http://en.wikipedia.org/wiki/Camellia_japonica,http://fr.wikipedia.org/wiki/Camellia_japonica,Camélia du Japon,
452,Cannabis,Cannabis,http://en.wikipedia.org/wiki/Cannabis,http://fr.wikipedia.org/wiki/Cannabis,Cannabis,
719,Chanterelle,Cantharellus,http://en.wikipedia.org/wiki/Cantharellus,http://fr.wikipedia.org/wiki/Cantharellus,Chanterelle,
790,Yellow chanterelle,Cantharellus cibarius,http://en.wikipedia.org/wiki/Cantharellus_cibarius,http://fr.wikipedia.org/wiki/Cantharellus_cibarius,"Girolle, Girole",
791,White chanterelle,Cantharellus subalbidus,http://en.wikipedia.org/wiki/Cantharellus_subalbidus,,,
541,Shepherd's purse,Capsella bursa-pastoris,http://en.wikipedia.org/wiki/Capsella_bursa-pastoris,http://fr.wikipedia.org/wiki/Capsella_bursa-pastoris,"Bourse à pasteur, Molette à berger, Capselle, Bourse de capucin, Bourse de Juda, Moutarde de Mithriade, Bourse-à-berger",
55,Chili pepper,Capsicum,http://en.wikipedia.org/wiki/Chili_pepper,http://fr.wikipedia.org/wiki/Piment,Piment,
102,Bell pepper,Capsicum annuum,http://en.wikipedia.org/wiki/Bell_pepper,http://fr.wikipedia.org/wiki/Poivron,Poivron,
633,Siberian peashrub,Caragana arborescens,http://en.wikipedia.org/wiki/Caragana_arborescens,http://fr.wikipedia.org/wiki/Caragana_arborescens,Caraganier de Sibérie,
233,Hairy bittercress,Cardamine hirsuta,http://en.wikipedia.org/wiki/Cardamine_hirsuta,http://fr.wikipedia.org/wiki/Cardamine_hirsuta,"Cardamine hirsute, Cardamine hérissée",
222,Papaya,Carica papaya,http://en.wikipedia.org/wiki/Carica_papaya,http://fr.wikipedia.org/wiki/Carica_papaya,Papayer,
829,Carissa,Carissa,http://en.wikipedia.org/wiki/Carissa,http://fr.wikipedia.org/wiki/Carissa,Carissa,
731,Natal plum,Carissa macrocarpa,http://en.wikipedia.org/wiki/Carissa_macrocarpa,http://fr.wikipedia.org/wiki/Carissa_macrocarpa,Prunier du Natal ,
492,Conkerberry,Carissa spinarum,http://en.wikipedia.org/wiki/Carissa_spinarum,http://fr.wikipedia.org/wiki/Carissa_spinarum,Bois amer,
483,Pigface,Carpobrotus,http://en.wikipedia.org/wiki/Carpobrotus,http://fr.wikipedia.org/wiki/Carpobrotus,,
778,Highway ice plant,Carpobrotus edulis,http://en.wikipedia.org/wiki/Carpobrotus_edulis,http://fr.wikipedia.org/wiki/Carpobrotus_edulis,"Croc de sorcière, Griffe de sorcière, Doigt de sorcière, Doigt de fée, Ficoïde comestible, Figuier des Hottentots",
144,Hickory,Carya,http://en.wikipedia.org/wiki/Carya,http://fr.wikipedia.org/wiki/Carya,Caryer,
503,Bitternut hickory,Carya cordiformis,http://en.wikipedia.org/wiki/Carya_cordiformis,http://fr.wikipedia.org/wiki/Carya_cordiformis,Caryer cordiforme,
352,Pignut hickory,Carya glabra,http://en.wikipedia.org/wiki/Carya_glabra,http://fr.wikipedia.org/wiki/Carya_glabra,"Caryer glabre, Caryer des Pourceaux",
93,Pecan,Carya illinoinensis,http://en.wikipedia.org/wiki/Carya_illinoinensis,http://fr.wikipedia.org/wiki/Carya_illinoinensis,Pacanier,
362,Shellbark hickory,Carya laciniosa,http://en.wikipedia.org/wiki/Carya_laciniosa,,,
281,Shagbark hickory,Carya ovata,http://en.wikipedia.org/wiki/Carya_ovata,http://fr.wikipedia.org/wiki/Carya_ovata,"Caryer ovale, Carya blanc",
356,Mockernut hickory,Carya tomentosa,http://en.wikipedia.org/wiki/Carya_tomentosa,,,
95,White sapote,Casimiroa edulis,http://en.wikipedia.org/wiki/Casimiroa_edulis,http://fr.wikipedia.org/wiki/Sapote_blanche,Sapote blanche,
70,Chestnut,Castanea,http://en.wikipedia.org/wiki/Castanea_(genus),http://fr.wikipedia.org/wiki/Castanea,Châtaignier,
414,Japanese chestnut,Castanea crenata,http://en.wikipedia.org/wiki/Castanea_crenata,http://fr.wikipedia.org/wiki/Castanea_crenata,"Châtaignier crénelé, Châtaignier du Japon",
343,American chestnut,Castanea dentata,http://en.wikipedia.org/wiki/Castanea_dentata,http://fr.wikipedia.org/wiki/Castanea_dentata,Châtaignier d'Amérique,
155,Chinese chestnut,Castanea mollissima,http://en.wikipedia.org/wiki/Castanea_mollissima,http://fr.wikipedia.org/wiki/Castanea_mollissima,Châtaignier chinois,
345,Dwarf chestnut,Castanea pumila,http://en.wikipedia.org/wiki/Castanea_pumila,,,
363,Sweet chestnut,Castanea sativa,http://en.wikipedia.org/wiki/Castanea_sativa,http://fr.wikipedia.org/wiki/Castanea_sativa,Châtaignier commun,
182,Hackberry,Celtis,http://en.wikipedia.org/wiki/Celtis,http://fr.wikipedia.org/wiki/Celtis,Micocoulier,
305,Mediterranean hackberry,Celtis australis,http://en.wikipedia.org/wiki/Celtis_australis,http://fr.wikipedia.org/wiki/Celtis_australis,"Micocoulier de Provence, Micocoulier du Midi",
293,Common hackberry,Celtis occidentalis,http://en.wikipedia.org/wiki/Celtis_occidentalis,http://fr.wikipedia.org/wiki/Celtis_occidentalis,"Micocoulier occidental, Micocoulier de Virginie",
306,Netleaf hackberry,Celtis reticulata,http://en.wikipedia.org/wiki/Celtis_reticulata,,,
329,Chinese hackberry,Celtis sinensis,http://en.wikipedia.org/wiki/Celtis_sinensis,,,
275,Carob,Ceratonia siliqua,http://en.wikipedia.org/wiki/Ceratonia_siliqua,http://fr.wikipedia.org/wiki/Ceratonia_siliqua,Caroubier,
340,Redbud,Cercis,http://en.wikipedia.org/wiki/Cercis,http://fr.wikipedia.org/wiki/Cercis,Gainier,
138,Eastern redbud,Cercis canadensis,http://en.wikipedia.org/wiki/Cercis_canadensis,,,
307,Western redbud,Cercis occidentalis,http://en.wikipedia.org/wiki/Cercis_occidentalis,,,
364,Judas tree,Cercis siliquastrum,http://en.wikipedia.org/wiki/Cercis_siliquastrum,http://fr.wikipedia.org/wiki/Cercis_siliquastrum,Arbre de Judée,
704,Japanese quince,Chaenomeles japonica,http://en.wikipedia.org/wiki/Chaenomeles_japonica,http://fr.wikipedia.org/wiki/Chaenomeles_japonica,Cognassier du Japon,
378,Dwarf fan palm,Chamaerops humilis,http://en.wikipedia.org/wiki/Chamaerops_humilis,http://fr.wikipedia.org/wiki/Chamaerops_humilis," Palmier nain, Palmier doum, Doum, Faux palmier doum",
188,Pitseed goosefoot,Chenopodium berlandieri,http://en.wikipedia.org/wiki/Chenopodium_berlandieri,http://fr.wikipedia.org/wiki/Chenopodium_berlandieri,Chénopode de Berlandier,
787,Shaggy parasol,Chlorophyllum,http://en.wikipedia.org/wiki/Shaggy_parasol,http://fr.wikipedia.org/wiki/Chlorophyllum,,
444,Cocoplum,Chrysobalanus icaco,http://en.wikipedia.org/wiki/Chrysobalanus_icaco,http://fr.wikipedia.org/wiki/Chrysobalanus_icaco,"Icaque, Prune coton",
221,Star apple,Chrysophyllum cainito,http://en.wikipedia.org/wiki/Chrysophyllum_cainito,http://fr.wikipedia.org/wiki/Chrysophyllum_cainito,"Caïmitier, Caïnite",
515,Endive,Cichorium endivia,http://en.wikipedia.org/wiki/Cichorium_endivia,http://fr.wikipedia.org/wiki/Cichorium_endivia,Chicorée endive,
697,Common chicory,Cichorium intybus,http://en.wikipedia.org/wiki/Cichorium_intybus,http://fr.wikipedia.org/wiki/Cichorium_intybus,"Chicorée sauvage, Chicorée amère, Chicorée commune, Chicorée intybe",
77,Calamondin,Citrofortunella microcarpa,http://en.wikipedia.org/wiki/Citrofortunella_microcarpa,http://fr.wikipedia.org/wiki/Calamondin,Calamondin,
573,Musk lime,Citrofortunella mitis,http://en.wikipedia.org/wiki/Citrofortunella_mitis,,,
720,Watermelon,Citrullus lanatus var. lanatus,http://en.wikipedia.org/wiki/Watermelon,http://fr.wikipedia.org/wiki/Citrullus_lanatus,Pastèque,
263,Citrus,Citrus,http://en.wikipedia.org/wiki/Citrus,http://fr.wikipedia.org/wiki/Citrus,Citrus,
26,Lime,Citrus,http://en.wikipedia.org/wiki/Lime_(fruit),http://fr.wikipedia.org/wiki/Lime_(fruit),"Lime, Citron vert",
81,Bitter orange,Citrus aurantium,http://en.wikipedia.org/wiki/Citrus_aurantium,http://fr.wikipedia.org/wiki/Citrus_aurantium,Bigaradier,
831,Kaffir lime,Citrus hystrix,http://en.wikipedia.org/wiki/Citrus_hystrix,http://fr.wikipedia.org/wiki/Citrus_hystrix,"Combava, Citron combera, Lime kaffir",
19,Kumquat,Citrus japonica,http://en.wikipedia.org/wiki/Citrus_japonica,http://fr.wikipedia.org/wiki/Kumquat,Kumquat,
771,Sweet lime,Citrus limetta,http://en.wikipedia.org/wiki/Citrus_limetta,http://fr.wikipedia.org/wiki/Citrus_limetta,"Limonette, Limette douce de Tunisie",
4,Lemon,Citrus limon,http://en.wikipedia.org/wiki/Citrus_limon,http://fr.wikipedia.org/wiki/Citrus_limon,Citronnier,
485,Lemonade tree,Citrus limon x reticulata,,,,
11,Pomelo,Citrus maxima,http://en.wikipedia.org/wiki/Citrus_maxima,http://fr.wikipedia.org/wiki/Citrus_maxima,Pamplemoussier,
25,Buddha's hand,Citrus medica var. sarcodactyli,http://en.wikipedia.org/wiki/Buddha%27s_hand,http://fr.wikipedia.org/wiki/Main_de_Bouddha,Main de Bouddha,
5,Grapefruit,Citrus paradisi,http://en.wikipedia.org/wiki/Citrus_paradisi,http://fr.wikipedia.org/wiki/Citrus_paradisi,Pomelo,
23,Mandarin,Citrus reticulata,http://en.wikipedia.org/wiki/Mandarin_orange,http://fr.wikipedia.org/wiki/Citrus_reticulata,Mandarinier,
308,Key lime,Citrus x aurantifolia,http://en.wikipedia.org/wiki/Citrus_aurantifolia,http://fr.wikipedia.org/wiki/Citrus_aurantifolia,"Limettier, Limettier mexicain, Lime acide, Limettier des Antilles, Citronnier galet",
551,Mandarin-lime,Citrus x limonia,http://en.wikipedia.org/wiki/Rangpur_(fruit),http://fr.wikipedia.org/wiki/Rangpur_(fruit),Rangpur,
27,Meyer lemon,Citrus x meyeri,http://en.wikipedia.org/wiki/Citrus_meyeri,,,
3,Orange,Citrus x sinensis,http://en.wikipedia.org/wiki/Citrus_sinensis,http://fr.wikipedia.org/wiki/Citrus_sinensis,Oranger,
57,Miner's lettuce,Claytonia perfoliata,http://en.wikipedia.org/wiki/Claytonia_perfoliata,http://fr.wikipedia.org/wiki/Claytonia_perfoliata,"Claytone de Cuba, Claytonia perfoliée, Pourpier d'hiver",
94,Chaya,Cnidoscolus aconitifolius,http://en.wikipedia.org/wiki/Cnidoscolus_aconitifolius,http://fr.wikipedia.org/wiki/Cnidoscolus_aconitifolius,Chaya,
743,Seagrape,Coccoloba uvifera,http://en.wikipedia.org/wiki/Coccoloba_uvifera,http://fr.wikipedia.org/wiki/Coccoloba_uvifera,Raisinier bord de mer,
460,Coconut palm,Cocos nucifera,http://en.wikipedia.org/wiki/Coconut,http://fr.wikipedia.org/wiki/Cocos_nucifera,Cocotier,
793,Shaggy mane,Coprinus comatus,http://en.wikipedia.org/wiki/Coprinus_comatus,http://fr.wikipedia.org/wiki/Coprinus_comatus,Coprin chevelu,
759,Corchorus,Corchorus,http://en.wikipedia.org/wiki/Corchorus,,,
309,Cabbage tree,Cordyline australis,http://en.wikipedia.org/wiki/Cordyline_australis,http://fr.wikipedia.org/wiki/Cordyline_australis,,
277,Dogwood,Cornus,http://en.wikipedia.org/wiki/Cornus_(genus),http://fr.wikipedia.org/wiki/Cornus_(plante),Cornouiller,
118,Kousa dogwood,Cornus kousa,http://en.wikipedia.org/wiki/Cornus_kousa,http://fr.wikipedia.org/wiki/Cornus_kousa,Cornouiller du Japon,
248,Cornelian cherry dogwood,Cornus mas,http://en.wikipedia.org/wiki/Cornus_mas,http://fr.wikipedia.org/wiki/Cornus_mas,"Cornouiller mâle, Cornouiller sauvage",
134,Red osier dogwood,Cornus sericea,http://en.wikipedia.org/wiki/Cornus_sericea,http://fr.wikipedia.org/wiki/Cornus_sericea,,
120,Hazel,Corylus,http://en.wikipedia.org/wiki/Corylus,http://fr.wikipedia.org/wiki/Corylus,Noisetier,
294,Common hazel,Corylus avellana,http://en.wikipedia.org/wiki/Corylus_avellana,http://fr.wikipedia.org/wiki/Corylus_avellana,Noisetier commun,
251,Turkish hazel,Corylus colurna,http://en.wikipedia.org/wiki/Corylus_colurna,http://fr.wikipedia.org/wiki/Corylus_colurna,Noisetier de Byzance,
391,Beaked hazel,Corylus cornuta,http://en.wikipedia.org/wiki/Corylus_cornuta,http://fr.wikipedia.org/wiki/Corylus_cornuta,Noisetier à long bec,
395,Filbert,Corylus maxima,http://en.wikipedia.org/wiki/Corylus_maxima,http://fr.wikipedia.org/wiki/Corylus_maxima,Noisetier de Lambert,
570,Karaka,Corynocarpus laevigatus,http://en.wikipedia.org/wiki/Corynocarpus_laevigatus,,,
804,Talipot palm,Corypha umbraculifera,http://en.wikipedia.org/wiki/Corypha_umbraculifera,http://fr.wikipedia.org/wiki/Corypha_umbraculifera,Tallipot,
172,Hawthorn,Crataegus,http://en.wikipedia.org/wiki/Crataegus,http://fr.wikipedia.org/wiki/Crataegus,Aubépine,
342,Russian hawthorn,Crataegus ambigua,http://en.wikipedia.org/wiki/Crataegus_ambigua,,,
350,Grand rapids hawthorn,Crataegus ambitiosa,http://en.wikipedia.org/wiki/Crataegus_ambitiosa,,,
417,Arnold hawthorn,Crataegus arnoldiana,http://en.wikipedia.org/wiki/Crataegus_arnoldiana,,,
718,Azarole hawthorn,Crataegus azarolus,http://en.wikipedia.org/wiki/Crataegus_azarolus,,,
310,Black hawthorn,Crataegus douglasii,http://en.wikipedia.org/wiki/Crataegus_douglasii,,,
346,Midland hawthorn,Crataegus laevigata,http://en.wikipedia.org/wiki/Crataegus_laevigata,http://fr.wikipedia.org/wiki/Crataegus_laevigata,"Aubépine lisse, Aubépine à deux styles, Aubépine épineuse",
365,Lavalle hawthorn,Crataegus lavallei,http://en.wikipedia.org/wiki/Crataegus_lavallei,,,
774,Tejocote,Crataegus mexicana,http://en.wikipedia.org/wiki/Crataegus_mexicana,http://fr.wikipedia.org/wiki/Crataegus_mexicana,"Aubépine du Mexique, Tejocote",
341,Downy hawthorn,Crataegus mollis,http://en.wikipedia.org/wiki/Crataegus_mollis,http://fr.wikipedia.org/wiki/Crataegus_mollis,,
399,Common hawthorn,Crataegus monogyna,http://en.wikipedia.org/wiki/Crataegus_monogyna,http://fr.wikipedia.org/wiki/Crataegus_monogyna,"Aubépine monogyne, Aubépine à un style",
357,Washington hawthorn,Crataegus phaenopyrum,http://en.wikipedia.org/wiki/Crataegus_phaenopyrum,http://fr.wikipedia.org/wiki/Crataegus_phaenopyrum,,
548,Chinese hawthorn,Crataegus pinnatifida,http://en.wikipedia.org/wiki/Crataegus_pinnatifida,,,
760,Mayhaw,Crataegus series Aestivales,http://en.wikipedia.org/wiki/Mayhaw,,,
587,Rock samphire,Crithmum maritimum,http://en.wikipedia.org/wiki/Crithmum_maritimum,http://fr.wikipedia.org/wiki/Crithmum_maritimum,"Criste marine, Crithme, Fenouil marin, Perce-pierre",
65,Squash,Cucurbita,http://en.wikipedia.org/wiki/Cucurbita,http://fr.wikipedia.org/wiki/Courge,Courge,
67,Pumpkin,Cucurbita,http://en.wikipedia.org/wiki/Cucurbita,http://fr.wikipedia.org/wiki/Citrouille,Citrouille,
475,Spaghetti squash,Cucurbita pepo var. fastigata,http://en.wikipedia.org/wiki/Spaghetti_squash,http://fr.wikipedia.org/wiki/Courge_spaghetti,"Courge spaghetti, Spaghetti végétal",
850,Zucchini,Cucurbita pepo,http://en.wikipedia.org/wiki/Zucchini,http://fr.wikipedia.org/wiki/Courgette,Courgette,
69,Quince,Cydonia oblonga,http://en.wikipedia.org/wiki/Cydonia_oblonga,http://fr.wikipedia.org/wiki/Cydonia_oblonga,Cognassier,
461,Lemongrass,Cymbopogon,http://en.wikipedia.org/wiki/Cymbopogon,http://fr.wikipedia.org/wiki/Cymbopogon,Cymbopogon,
765,Palmarosa,Cymbopogon martinii,http://en.wikipedia.org/wiki/Cymbopogon_martinii,,,
85,Globe artichoke,Cynara cardunculus var. scolymus,http://en.wikipedia.org/wiki/Artichoke,http://fr.wikipedia.org/wiki/Artichaut,Artichaut,
526,Wild carrot,Daucus carota,http://en.wikipedia.org/wiki/Daucus_carota,http://fr.wikipedia.org/wiki/Daucus_carota,Carotte,
513,Flax lily,Dianella,http://en.wikipedia.org/wiki/Dianella_(genus),http://fr.wikipedia.org/wiki/Dianella,Dianella,
133,Gasplant,Dictamnus albus,http://en.wikipedia.org/wiki/Dictamnus_albus,http://fr.wikipedia.org/wiki/Dictamnus_albus,Fraxinelle,
828,Longan,Dimocarpus longan,http://en.wikipedia.org/wiki/Longan,http://fr.wikipedia.org/wiki/Dimocarpus_longan,Longanier,
447,Yam,Dioscorea,http://en.wikipedia.org/wiki/Yam_(vegetable),http://fr.wikipedia.org/wiki/Igname,Igname,
12,Persimmon,Diospyros,http://en.wikipedia.org/wiki/Persimmon,http://fr.wikipedia.org/wiki/Diospyros,Plaqueminier,
462,Chocolate persimmon,Diospyros digyna,http://en.wikipedia.org/wiki/Diospyros_digyna,http://fr.wikipedia.org/wiki/Diospyros_digyna,Sapotier noir,
280,Japanese persimmon,Diospyros kaki,http://en.wikipedia.org/wiki/Diospyros_kaki,http://fr.wikipedia.org/wiki/Diospyros_kaki,Plaqueminier kaki,
400,Date-plum,Diospyros lotus,http://en.wikipedia.org/wiki/Diospyros_lotus,http://fr.wikipedia.org/wiki/Diospyros_lotus,"Plaqueminier lotier, Plaqueminier d'Italie, Plaqueminier du Levant",
246,American persimmon,Diospyros virginiana,http://en.wikipedia.org/wiki/Diospyros_virginiana,http://fr.wikipedia.org/wiki/Diospyros_virginiana,Plaqueminer de Virginie,
600,Wild rocket,Diplotaxis tenuifolia,http://en.wikipedia.org/wiki/Diplotaxis_tenuifolia,http://fr.wikipedia.org/wiki/Diplotaxis_tenuifolia,"Diplotaxis à feuilles étroites, Roquette sauvage, Roquette jaune",
832,Kei apple,Dovyalis caffra,http://en.wikipedia.org/wiki/Dovyalis_caffra,,,
522,Durian,Durio,http://en.wikipedia.org/wiki/Durian,http://fr.wikipedia.org/wiki/Durian,"Durian, Durion",
773,Epazote,Dysphania ambrosioides,http://en.wikipedia.org/wiki/Dysphania_ambrosioides,http://fr.wikipedia.org/wiki/Dysphania_ambrosioides,"Fausse ambroisie, Thé du Mexique, Aansérine, Épazote",
201,Echinacea,Echinacea,http://en.wikipedia.org/wiki/Echinacea,http://fr.wikipedia.org/wiki/Echinacea,Échinacée,
609,Silverberry,Elaeagnus,http://en.wikipedia.org/wiki/Elaeagnus,http://fr.wikipedia.org/wiki/Elaeagnus,Chalef,
242,Russian-olive,Elaeagnus angustifolia,http://en.wikipedia.org/wiki/Elaeagnus_angustifolia,http://fr.wikipedia.org/wiki/Elaeagnus_angustifolia,Olivier de Bohême,
358,Autumn-olive,Elaeagnus umbellata,http://en.wikipedia.org/wiki/Elaeagnus_umbellata,http://fr.wikipedia.org/wiki/Elaeagnus_umbellata,,
830,Blue quandong,Elaeocarpus angustifolius,http://en.wikipedia.org/wiki/Elaeocarpus_angustifolius,http://fr.wikipedia.org/wiki/Elaeocarpus_angustifolius,Cerisier bleu,
18,Loquat,Eriobotrya japonica,http://en.wikipedia.org/wiki/Eriobotrya_japonica,http://fr.wikipedia.org/wiki/Eriobotrya_japonica,"Néflier du Japon, Bibacier",
553,Golden yarrow,Eriophyllum confertiflorum,http://en.wikipedia.org/wiki/Eriophyllum_confertiflorum,,,
8,Eucalyptus,Eucalyptus,http://en.wikipedia.org/wiki/Eucalyptus,http://fr.wikipedia.org/wiki/Eucalyptus,Eucalyptus,
311,Cider gum,Eucalyptus gunnii,http://en.wikipedia.org/wiki/Eucalyptus_gunnii,http://fr.wikipedia.org/wiki/Eucalyptus_gunnii,,
575,Manna gum,Eucalyptus viminalis,http://en.wikipedia.org/wiki/Eucalyptus_viminalis,http://fr.wikipedia.org/wiki/Eucalyptus_viminalis,"Gommier blanc, Gommier manne",
451,Surinam cherry,Eugenia uniflora,http://en.wikipedia.org/wiki/Eugenia_uniflora,http://fr.wikipedia.org/wiki/Eugenia_uniflora,Cerisier de Cayenne,
725,Açaí palm,Euterpe oleracea,http://en.wikipedia.org/wiki/A%C3%A7a%C3%AD_palm,http://fr.wikipedia.org/wiki/Euterpe_oleracea,"Palmier noir, Açaï, Waçaï, Wassaï",
580,Beech,Fagus,http://en.wikipedia.org/wiki/Beech,http://fr.wikipedia.org/wiki/Fagus,Hêtre,
710,American beech,Fagus grandifolia,http://en.wikipedia.org/wiki/Fagus_grandifolia,http://fr.wikipedia.org/wiki/Fagus_grandifolia,"Hêtre à grandes feuilles, Hêtre américain, Hêtre d'Amérique",
241,European beech,Fagus sylvatica,http://en.wikipedia.org/wiki/Fagus_sylvatica,http://fr.wikipedia.org/wiki/Fagus_sylvatica,Hêtre commun,
170,Japanese knotweed,Fallopia japonica,http://en.wikipedia.org/wiki/Fallopia_japonica,http://fr.wikipedia.org/wiki/Fallopia_japonica,"Renouée du Japon, Renouée à feuilles pointues",
445,Fig,Ficus,http://en.wikipedia.org/wiki/Ficus,http://fr.wikipedia.org/wiki/Ficus,Figuier,
20,Common fig,Ficus carica,http://en.wikipedia.org/wiki/Ficus_carica,http://fr.wikipedia.org/wiki/Ficus_carica,Figuier commun,
469,Governor's plum,Flacourtia indica,http://en.wikipedia.org/wiki/Flacourtia_indica,,,
63,Fennel,Foeniculum vulgare,http://en.wikipedia.org/wiki/Foeniculum_vulgare,http://fr.wikipedia.org/wiki/Foeniculum_vulgare,Fenouil commun,
105,Strawberry,Fragaria,http://en.wikipedia.org/wiki/Fragaria,http://fr.wikipedia.org/wiki/Fragaria,Fraisiers,
359,Manna ash,Fraxinus ornus,http://en.wikipedia.org/wiki/Fraxinus_ornus,http://fr.wikipedia.org/wiki/Fraxinus_ornus,"Frêne à fleurs, Orne, Frêne à manne, Frêne orne, Orne d'Europe, Frêne à manne, Orne à manne",
109,Cleavers,Galium aparine,http://en.wikipedia.org/wiki/Galium_aparine,http://fr.wikipedia.org/wiki/Galium_aparine,"Gaillet gratteron, Rièble, Grateron",
217,Salal,Gaultheria shallon,http://en.wikipedia.org/wiki/Gaultheria_shallon,http://fr.wikipedia.org/wiki/Gaultheria_shallon,,
146,Ginkgo,Ginkgo biloba,http://en.wikipedia.org/wiki/Ginkgo_biloba,http://fr.wikipedia.org/wiki/Ginkgo_biloba,"Arbre aux quarante écus, Abricotier d'argent, Ginkgo",
528,Ground ivy,Glechoma hederacea,http://en.wikipedia.org/wiki/Glechoma_hederacea,http://fr.wikipedia.org/wiki/Glechoma_hederacea,"Gléchome lierre terrestre, Glécome lierre terrestre, Lierre terrestre, Lierre terrestre commun",
252,Honey locust,Gleditsia triacanthos,http://en.wikipedia.org/wiki/Gleditsia_triacanthos,http://fr.wikipedia.org/wiki/Gleditsia_triacanthos,"Févier d'Amérique, Févier épineux, Févier à trois épines, Carouge à miel, Épine du Christ",
789,Spike-cap,Gomphidius,http://en.wikipedia.org/wiki/Gomphidius,http://fr.wikipedia.org/wiki/Gomphidius,Gomphide,
754,Hen-of-the-woods,Grifola frondosa,http://en.wikipedia.org/wiki/Grifola_frondosa,http://fr.wikipedia.org/wiki/Grifola_frondosa,"Polypore en touffes, Poule des bois",
218,Kentucky coffeetree,Gymnocladus dioicus,http://en.wikipedia.org/wiki/Gymnocladus_dioicus,http://fr.wikipedia.org/wiki/Gymnocladus_dioicus,,
137,Witch-hazel,Hamamelis,http://en.wikipedia.org/wiki/Hamamelis,http://fr.wikipedia.org/wiki/Hamamelis,Hamamélis,
756,Mangaba,Hancornia speciosa,http://en.wikipedia.org/wiki/Hancornia_speciosa,,,
381,Kaffir plum,Harpephyllum caffrum,,,,
187,Sunflower,Helianthus annuus,http://en.wikipedia.org/wiki/Helianthus_annuus,http://fr.wikipedia.org/wiki/Helianthus_annuus,Tournesol,
209,Jerusalem artichoke,Helianthus tuberosus,http://en.wikipedia.org/wiki/Helianthus_tuberosus,http://fr.wikipedia.org/wiki/Helianthus_tuberosus,"Topinambour, Artichaut de Jérusalem, Truffe du Canada, Soleil vivace",
127,Daylily,Hemerocallis,http://en.wikipedia.org/wiki/Hemerocallis,http://fr.wikipedia.org/wiki/Hemerocallis,Hémérocalle,
769,Toyon,Heteromeles arbutifolia,http://en.wikipedia.org/wiki/Heteromeles,http://fr.wikipedia.org/wiki/Heteromeles_arbutifolia,Toyon,
312,Rose of sharon,Hibiscus syriacus,http://en.wikipedia.org/wiki/Hibiscus_syriacus,http://fr.wikipedia.org/wiki/Hibiscus_syriacus,"Hibiscus commun des jardins, Guimauve en arbre, Mauve en arbre, Ketmie des jardins, Mugunghwa en Corée",
214,Sea hibiscus,Hibiscus tiliaceus,http://en.wikipedia.org/wiki/Hibiscus_tiliaceus,http://fr.wikipedia.org/wiki/Hibiscus_tiliaceus,Pūrau,
545,Sea-buckthorn,Hippophae,http://en.wikipedia.org/wiki/Hippophae,http://fr.wikipedia.org/wiki/Hippophae,,
610,Common sea-buckthorn,Hippophae rhamnoides,http://en.wikipedia.org/wiki/Hippophae_rhamnoides,http://fr.wikipedia.org/wiki/Hippophae_rhamnoides,Argousier,
549,Oriental raisin tree,Hovenia dulcis,http://en.wikipedia.org/wiki/Hovenia_dulcis,http://fr.wikipedia.org/wiki/Hovenia_dulcis,"Raisinier de Chine, Hovénie sucrée",
185,Hop,Humulus lupulus,http://en.wikipedia.org/wiki/Hops,http://fr.wikipedia.org/wiki/Humulus_lupulus,Houblon grimpant,
563,St John's wort,Hypericum perforatum,http://en.wikipedia.org/wiki/St_John's_wort,http://fr.wikipedia.org/wiki/Hypericum_perforatum,Millepertuis perforé,
664,Holly,Ilex,http://en.wikipedia.org/wiki/Holly,http://fr.wikipedia.org/wiki/Ilex,Ilex,
500,Yaupon holly,Ilex vomitoria,http://en.wikipedia.org/wiki/Yaupon_holly,http://fr.wikipedia.org/wiki/Ilex_vomitoria,,
465,Pacay,Inga feuilleei,http://en.wikipedia.org/wiki/Inga_feuilleei,http://fr.wikipedia.org/wiki/Inga_feuilleei,Pacay,
471,Sweet potato,Ipomoea batatas,http://en.wikipedia.org/wiki/Sweet_potato,http://fr.wikipedia.org/wiki/Ipomoea_batatas,Patate douce,
73,Walnut,Juglans,http://en.wikipedia.org/wiki/Juglans,http://fr.wikipedia.org/wiki/Juglans,Noyer,
413,Japanese walnut,Juglans ailantifolia,http://en.wikipedia.org/wiki/Juglans_ailantifolia,http://fr.wikipedia.org/wiki/Juglans_ailantifolia,Noyer du Japon,
297,Southern california walnut,Juglans californica,http://en.wikipedia.org/wiki/Juglans_californica,,,
180,Butternut,Juglans cinerea,http://en.wikipedia.org/wiki/Juglans_cinerea,http://fr.wikipedia.org/wiki/Juglans_cinerea,"Noyer cendré, Noyer blanc, Noyer à beurre",
376,Northern california walnut,Juglans hindsii,http://en.wikipedia.org/wiki/Juglans_hindsii,,,
330,Arizona black walnut,Juglans major,http://en.wikipedia.org/wiki/Juglans_major,http://fr.wikipedia.org/wiki/Juglans_major,Noyer noir d'Arizona,
111,Black walnut,Juglans nigra,http://en.wikipedia.org/wiki/Juglans_nigra,http://fr.wikipedia.org/wiki/Juglans_nigra,"Noyer d'Amérique, Noyer noir",
112,Persian walnut,Juglans regia,http://en.wikipedia.org/wiki/Juglans_regia,http://fr.wikipedia.org/wiki/Juglans_regia,Noyer commun,
227,Juniper,Juniperus,http://en.wikipedia.org/wiki/Juniperus,http://fr.wikipedia.org/wiki/Juniperus,Genévrier,
313,California juniper,Juniperus californica,http://en.wikipedia.org/wiki/Juniperus_californica,,,
401,Common juniper,Juniperus communis,http://en.wikipedia.org/wiki/Juniperus_communis,http://fr.wikipedia.org/wiki/Juniperus_communis,Genévrier commun,
392,Rocky mountain juniper,Juniperus scopulorum,http://en.wikipedia.org/wiki/Juniperus_scopulorum,http://fr.wikipedia.org/wiki/Juniperus_scopulorum,Genévrier des Rocheuses,
283,Eastern red-cedar,Juniperus virginiana,http://en.wikipedia.org/wiki/Juniperus_virginiana,http://fr.wikipedia.org/wiki/Juniperus_virginiana,Genévrier de Virginie,
788,Saffron milk cap,Lactarius deliciosus,http://en.wikipedia.org/wiki/Lactarius_deliciosus,http://fr.wikipedia.org/wiki/Lactarius_deliciosus,Lactaire délicieux,
749,Hygrophorus milky,Lactarius hygrophoroides,http://en.wikipedia.org/wiki/Lactarius_hygrophoroides,,,
552,Lettuce,Lactuca sativa,http://en.wikipedia.org/wiki/Lettuce,http://fr.wikipedia.org/wiki/Lactuca_sativa,Laitue cultivée,
430,Prickly lettuce,Lactuca serriola,http://en.wikipedia.org/wiki/Lactuca_serriola,http://fr.wikipedia.org/wiki/Lactuca_serriola,"Laitue scariole, Laitue sauvage",
781,Chicken-of-the-woods,Laetiporus sulphureus,http://en.wikipedia.org/wiki/Laetiporus_sulphureus,http://fr.wikipedia.org/wiki/Laetiporus_sulphureus,Polypore soufré,
602,Deadnettle,Lamium,http://en.wikipedia.org/wiki/Lamium,http://fr.wikipedia.org/wiki/Lamium,Lamier,
531,White deadnettle,Lamium album,http://en.wikipedia.org/wiki/Lamium_album,http://fr.wikipedia.org/wiki/Lamium_album,"Lamier blanc, Ortie blanche",
159,Henbit,Lamium amplexicaule,http://en.wikipedia.org/wiki/Lamium_amplexicaule,http://fr.wikipedia.org/wiki/Lamium_amplexicaule,,
525,Purple deadnettle,Lamium purpureum,http://en.wikipedia.org/wiki/Lamium_purpureum,http://fr.wikipedia.org/wiki/Lamium_purpureum,Lamier pourpre,
177,Toothwort,Lathraea,http://en.wikipedia.org/wiki/Lathraea,http://fr.wikipedia.org/wiki/Lathraea,Lathrée,
770,Perennial sweet pea,Lathyrus latifolius,http://en.wikipedia.org/wiki/Lathyrus_latifolius,http://fr.wikipedia.org/wiki/Lathyrus_latifolius,"Pois vivace, Pois de Chine, Gesse à larges feuilles",
438,Sweet pea,Lathyrus odoratus,http://en.wikipedia.org/wiki/Lathyrus_odoratus,http://fr.wikipedia.org/wiki/Lathyrus_odoratus,Pois de senteur,
268,Bay laurel,Laurus nobilis,http://en.wikipedia.org/wiki/Laurus_nobilis,http://fr.wikipedia.org/wiki/Laurus_nobilis,"Laurier noble, Laurier vrai, Laurier-sauce",
17,Lavender,Lavandula,http://en.wikipedia.org/wiki/Lavandula,http://fr.wikipedia.org/wiki/Lavandula,Lavande,
792,Birch bolete,Leccinum scabrum,http://en.wikipedia.org/wiki/Leccinum_scabrum,http://fr.wikipedia.org/wiki/Leccinum_scabrum,Bolet rude,
386,Lemon-scented teatree,Leptospermum petersonii,http://en.wikipedia.org/wiki/Leptospermum_petersonii,,,
387,Teatree,Leptospermum scoparium,http://en.wikipedia.org/wiki/Leptospermum_scoparium,http://fr.wikipedia.org/wiki/Leptospermum_scoparium,Manuka,
148,Spicebush,Lindera,http://en.wikipedia.org/wiki/Lindera,http://fr.wikipedia.org/wiki/Lindera,Lindera,
498,Sweetgum,Liquidambar,http://en.wikipedia.org/wiki/Liquidambar,http://fr.wikipedia.org/wiki/Liquidambar,Liquidambar,
536,Lychee,Litchi chinensis,http://en.wikipedia.org/wiki/Litchi_chinensis,http://fr.wikipedia.org/wiki/Litchi_chinensis,Litchi,
594,Ryegrass,Lolium,http://en.wikipedia.org/wiki/Ryegrass,http://fr.wikipedia.org/wiki/Lolium,Ray-grass,
360,Honeysuckle,Lonicera,http://en.wikipedia.org/wiki/Lonicera,http://fr.wikipedia.org/wiki/Lonicera,Chèvrefeuille,
597,Smallflower bird's-foot trefoil,Lotus parviflorus,,,,
604,Goji,Lycium,http://en.wikipedia.org/wiki/Goji,http://fr.wikipedia.org/wiki/Lycium,,
383,Macadamia,Macadamia,http://en.wikipedia.org/wiki/Macadamia,http://fr.wikipedia.org/wiki/Macadamia,Macadamier,
145,Osage-orange,Maclura pomifera,http://en.wikipedia.org/wiki/Maclura_pomifera,http://fr.wikipedia.org/wiki/Maclura_pomifera,"Oranger des Osages, Maclure épineux",
796,Parasol mushroom,Macrolepiota procera,http://en.wikipedia.org/wiki/Macrolepiota_procera,http://fr.wikipedia.org/wiki/Macrolepiota_procera,"Lépiote élevée, Coulemelle",
595,Mahonia species,Mahonia,http://en.wikipedia.org/wiki/Mahonia,http://fr.wikipedia.org/wiki/Mahonia,Mahonia,
197,Oregon-grape,Mahonia aquifolium,http://en.wikipedia.org/wiki/Mahonia_aquifolium,http://fr.wikipedia.org/wiki/Mahonia_aquifolium,"Mahonia faux houx, Mahonia à feuilles de houx",
700,Agarita,Mahonia trifoliolata,http://en.wikipedia.org/wiki/Mahonia_trifoliolata,,,
114,Crabapple,Malus,http://en.wikipedia.org/wiki/Malus,http://fr.wikipedia.org/wiki/Malus_(genre),Pommier,
351,Siberian crabapple,Malus baccata,http://en.wikipedia.org/wiki/Malus_baccata,http://fr.wikipedia.org/wiki/Malus_baccata,"Pommier microcarpe de Sibérie, Pommetier de Sibérie colonnaire",
402,Sweet crabapple,Malus coronaria,http://en.wikipedia.org/wiki/Malus_coronaria,http://fr.wikipedia.org/wiki/Malus_coronaria,,
14,Apple,Malus domestica,http://en.wikipedia.org/wiki/Malus_domestica,http://fr.wikipedia.org/wiki/Malus_domestica,"Pommier commun, Pommier domestique",
270,Japanese flowering crabapple,Malus floribunda,http://en.wikipedia.org/wiki/Malus_floribunda,http://fr.wikipedia.org/wiki/Malus_floribunda,"Pommier japonais, Pommier du Japon",
403,Oregon crabapple,Malus fusca,http://en.wikipedia.org/wiki/Malus_fusca,,,
416,Tea crabapple,Malus hupehensis,http://en.wikipedia.org/wiki/Malus_hupehensis,http://fr.wikipedia.org/wiki/Malus_hupehensis,Pommier du Hou-pei,
314,Prairie crabapple,Malus ioensis,http://en.wikipedia.org/wiki/Malus_ioensis,,,
404,Sargent crabapple,Malus sargentii,http://en.wikipedia.org/wiki/Malus_sargentii,,,
331,European crabapple,Malus sylvestris,http://en.wikipedia.org/wiki/Malus_sylvestris,http://fr.wikipedia.org/wiki/Malus_sylvestris,"Pommier sauvage, Pommier des bois",
394,Cut-leaf crabapple,Malus transitoria,http://en.wikipedia.org/wiki/Malus_transitoria,,,
361,Pillar crabapple,Malus tschonoskii,http://en.wikipedia.org/wiki/Malus_tschonoskii,http://fr.wikipedia.org/wiki/Malus_tschonoskii,,
554,Mallow,Malva,http://en.wikipedia.org/wiki/Malva,http://fr.wikipedia.org/wiki/Malva,Mauve,
418,Mango,Mangifera indica,http://en.wikipedia.org/wiki/Mangifera_indica,http://fr.wikipedia.org/wiki/Mangifera_indica,Manguier,
523,Cassava,Manihot esculenta,http://en.wikipedia.org/wiki/Cassava,http://fr.wikipedia.org/wiki/Manihot_esculenta,Manioc,
708,Sapodilla,Manilkara zapota,http://en.wikipedia.org/wiki/Manilkara_zapota,http://fr.wikipedia.org/wiki/Manilkara_zapota,Sapotillier,
801,Scotch bonnet,Marasmius oreades,http://en.wikipedia.org/wiki/Marasmius_oreades,http://fr.wikipedia.org/wiki/Marasmius_oreades,"Marasme des Oréades, Faux mousseron, Cariolette",
567,White horehound,Marrubium vulgare,http://en.wikipedia.org/wiki/Marrubium_vulgare,http://fr.wikipedia.org/wiki/Marrubium_vulgare,"Marrube blanc, Marrube commun",
539,Disc mayweed,Matricaria discoidea,http://en.wikipedia.org/wiki/Matricaria_discoidea,http://fr.wikipedia.org/wiki/Matricaria_discoidea,Matricaire sans ligules,
746,Ostrich fern,Matteuccia struthiopteris,http://en.wikipedia.org/wiki/Matteuccia_struthiopteris,http://fr.wikipedia.org/wiki/Matteuccia_struthiopteris,"Fougère allemande, Fougère autruche, Matteuccie fougère-à-l’autruche",
703,Buriti,Mauritia flexuosa,http://en.wikipedia.org/wiki/Mauritia_flexuosa,http://fr.wikipedia.org/wiki/Mauritia_flexuosa,"Palmier-bâche, Aguaje",
206,Lemon balm,Melissa officinalis,http://en.wikipedia.org/wiki/Melissa_officinalis,http://fr.wikipedia.org/wiki/Melissa_officinalis,"Mélisse officinale, Mélisse citronnelle",
99,Mint,Mentha,http://en.wikipedia.org/wiki/Mentha,http://fr.wikipedia.org/wiki/Mentha,Menthe,
586,Water mint,Mentha aquatica,http://en.wikipedia.org/wiki/Mentha_aquatica,http://fr.wikipedia.org/wiki/Mentha_aquatica,Menthe aquatique,
204,Spearmint,Mentha spicata,http://en.wikipedia.org/wiki/Mentha_spicata,http://fr.wikipedia.org/wiki/Mentha_spicata,"Menthe verte, Menthe douce",
228,Medlar,Mespilus,http://en.wikipedia.org/wiki/Mespilus,http://fr.wikipedia.org/wiki/Mespilus,Néflier,
405,Common medlar,Mespilus germanica,http://en.wikipedia.org/wiki/Mespilus_germanica,http://fr.wikipedia.org/wiki/Mespilus_germanica,Néflier commun,
476,Fruit salad plant,Monstera deliciosa,http://en.wikipedia.org/wiki/Monstera_deliciosa,http://fr.wikipedia.org/wiki/Monstera_deliciosa,Faux philodendron,
779,Black morel,Morchella clade elata,http://en.wikipedia.org/wiki/Morchella,http://fr.wikipedia.org/wiki/Morchella,Morille brune,
702,Noni,Morinda citrifolia,http://en.wikipedia.org/wiki/Morinda_citrifolia,http://fr.wikipedia.org/wiki/Morinda_citrifolia,"Nono, Noni, Pomme-chien",
693,Malunggay,Moringa oleifera,http://en.wikipedia.org/wiki/Moringa_oleifera,http://fr.wikipedia.org/wiki/Moringa_oleifera,Moringa commun,
92,Mulberry,Morus,http://en.wikipedia.org/wiki/Morus_(plant),http://fr.wikipedia.org/wiki/Morus,Mûrier,
97,White mulberry,Morus alba,http://en.wikipedia.org/wiki/Morus_alba,http://fr.wikipedia.org/wiki/Morus_alba,Mûrier blanc,
96,Black mulberry,Morus nigra,http://en.wikipedia.org/wiki/Morus_nigra,http://fr.wikipedia.org/wiki/Morus_nigra,Mûrier noir,
173,Red mulberry,Morus rubra,http://en.wikipedia.org/wiki/Morus_rubra,http://fr.wikipedia.org/wiki/Morus_rubra,Mûrier rouge,
711,Aratilis,Muntingia calabura,http://en.wikipedia.org/wiki/Muntingia_calabura,http://fr.wikipedia.org/wiki/Muntingiaceae,Cerisier de la Jamaïque,
466,Curry tree,Murraya koenigii,http://en.wikipedia.org/wiki/Murraya_koenigii,http://fr.wikipedia.org/wiki/Murraya_koenigii,"Kaloupilé, Caloupilé",
75,Banana,Musa,http://en.wikipedia.org/wiki/Banana,http://fr.wikipedia.org/wiki/Banane,Banane,
160,Plantain,Musa,http://en.wikipedia.org/wiki/Plantains,http://fr.wikipedia.org/wiki/Banane_plantain,Banane plantain,
132,Northern bayberry,Myrica pensylvanica,http://en.wikipedia.org/wiki/Myrica_pensylvanica,,,
332,Common myrtle,Myrtus communis,http://en.wikipedia.org/wiki/Myrtus_communis,http://fr.wikipedia.org/wiki/Myrtus_communis,"Myrte commun, Herbe du lagui",
564,Watercress,Nasturtium officinale,http://en.wikipedia.org/wiki/Watercress,http://fr.wikipedia.org/wiki/Nasturtium_officinale,"Cresson de fontaine, Cresson officinal",
189,American lotus,Nelumbo lutea,http://en.wikipedia.org/wiki/Nelumbo_lutea,http://fr.wikipedia.org/wiki/Nelumbo_lutea,"Lotus d'Amérique, Lotus jaune d'Amérique, Lotus jaune",
158,Catnip,Nepeta cataria,http://en.wikipedia.org/wiki/Nepeta_cataria,http://fr.wikipedia.org/wiki/Nepeta_cataria,"Cataire, Chataire",
521,Rambutan,Nephelium lappaceum,http://en.wikipedia.org/wiki/Rambutan,http://fr.wikipedia.org/wiki/Nephelium_lappaceum,Ramboutan,
266,Black tupelo,Nyssa sylvatica,http://en.wikipedia.org/wiki/Nyssa_sylvatica,,,
696,Basil,Ocimum,http://en.wikipedia.org/wiki/Ocimum,http://fr.wikipedia.org/wiki/Ocimum,Basilic,
231,Indian plum,Oemleria cerasiformis,http://en.wikipedia.org/wiki/Oemleria_cerasiformis,http://fr.wikipedia.org/wiki/Oemleria_cerasiformis,"Faux prunier, Prunier amérindie",
167,Evening primrose,Oenothera,http://en.wikipedia.org/wiki/Oenothera,http://fr.wikipedia.org/wiki/Oenothera,Oenothère,
59,Olive,Olea europaea,http://en.wikipedia.org/wiki/Olea_europaea,http://fr.wikipedia.org/wiki/Olea_europaea,Olivier,
56,Prickly pear,Opuntia,http://en.wikipedia.org/wiki/Opuntia,http://fr.wikipedia.org/wiki/Opuntia,Opuntia,
516,Marjoram,Origanum majorana,http://en.wikipedia.org/wiki/Origanum_majorana,http://fr.wikipedia.org/wiki/Origanum_majorana,"Marjolaine, Origan des jardins",
193,Oregano,Origanum vulgare,http://en.wikipedia.org/wiki/Origanum_vulgare,http://fr.wikipedia.org/wiki/Origanum_vulgare,"Marjolaine sauvage, Marjolaine vivace, Origan commun",
366,Sweet osmanthus,Osmanthus fragrans,http://en.wikipedia.org/wiki/Osmanthus_fragrans,http://fr.wikipedia.org/wiki/Osmanthus_fragrans,"Osmanthus commun, Olivier odorant, Olivier de Chine, Olivier à thé",
100,Wood sorrel,Oxalis,http://en.wikipedia.org/wiki/Oxalis,http://fr.wikipedia.org/wiki/Oxalis,Oxalide,
502,Sourwood,Oxydendrum arboreum,http://en.wikipedia.org/wiki/Oxydendrum_arboreum,,,
463,Pumpo,Pachira aquatica,http://en.wikipedia.org/wiki/Pachira_aquatica,http://fr.wikipedia.org/wiki/Pachira_aquatica,"Marce, Châtaignier de la Guyane, Noisetier de la Guyane, Noix de Malabar, Cacaoyer-rivière, Arbre à monnaie, Pachirier aquatique",
806,Mexican palo verde,Parkinsonia aculeata,http://en.wikipedia.org/wiki/Parkinsonia_aculeata,http://fr.wikipedia.org/wiki/Parkinsonia_aculeata,Épine de Jérusalem,
78,Passionfruit,Passiflora edulis,http://en.wikipedia.org/wiki/Passiflora_edulis,http://fr.wikipedia.org/wiki/Passiflora_edulis,"Grenadille, Fruits de la passion, Maracudja, Pomme-lianes",
190,Maypop,Passiflora incarnata,http://en.wikipedia.org/wiki/Passiflora_incarnata,http://fr.wikipedia.org/wiki/Passiflora_incarnata,,
761,Rose geranium,Pelargonium graveolens,http://en.wikipedia.org/wiki/Pelargonium_graveolens,http://fr.wikipedia.org/wiki/Pelargonium_graveolens,Géranium rosat,
7,Avocado,Persea americana,http://en.wikipedia.org/wiki/Persea_americana,http://fr.wikipedia.org/wiki/Persea_americana,Avocatier,
532,Water pepper,Persicaria hydropiper,http://en.wikipedia.org/wiki/Persicaria_hydropiper,http://fr.wikipedia.org/wiki/Persicaria_hydropiper,Renouée poivre d'eau,
457,Garden parsley,Petroselinum crispum,http://en.wikipedia.org/wiki/Petroselinum_crispum,http://fr.wikipedia.org/wiki/Petroselinum_crispum,Persil commun,
64,Green bean,Phaseolus vulgaris,http://en.wikipedia.org/wiki/Green_bean,http://fr.wikipedia.org/wiki/Haricot_vert,Haricot vert,
315,Date palm,Phoenix dactylifera,http://en.wikipedia.org/wiki/Phoenix_dactylifera,http://fr.wikipedia.org/wiki/Phoenix_dactylifera,Dattier,
166,Pokeweed,Phytolacca,http://en.wikipedia.org/wiki/Phytolacca,http://fr.wikipedia.org/wiki/Phytolacca,Phytolaque,
501,White pine,Pinus,http://en.wikipedia.org/wiki/White_pine,http://fr.wikipedia.org/wiki/Pin_blanc,Pin blanc,
198,Pinyon pine,Pinus,http://en.wikipedia.org/wiki/Pinyon_pine,http://fr.wikipedia.org/wiki/Pin_%C3%A0_pignons,Pin à pignons,
569,Pine,Pinus,http://en.wikipedia.org/wiki/Pine,http://fr.wikipedia.org/wiki/Pinus,Pin,
347,Lacebark pine,Pinus bungeana,http://en.wikipedia.org/wiki/Pinus_bungeana,http://fr.wikipedia.org/wiki/Pinus_bungeana,Pin Napoléon,
338,Swiss pine,Pinus cembra,http://en.wikipedia.org/wiki/Pinus_cembra,http://fr.wikipedia.org/wiki/Pinus_cembra,"Pin cembro, Pin des Alpes",
316,Mexican pinyon,Pinus cembroides,http://en.wikipedia.org/wiki/Pinus_cembroides,http://fr.wikipedia.org/wiki/Pinus_cembroides,,
317,Coulter pine,Pinus coulteri,http://en.wikipedia.org/wiki/Pinus_coulteri,http://fr.wikipedia.org/wiki/Pinus_coulteri,"Pin à gros cônes, Pin de Coulter, Pin faiseur de veuves, Pin des veuves",
238,Colorado pinyon,Pinus edulis,http://en.wikipedia.org/wiki/Pinus_edulis,http://fr.wikipedia.org/wiki/Pinus_edulis,,
139,Limber pine,Pinus flexilis,http://en.wikipedia.org/wiki/Pinus_flexilis,http://fr.wikipedia.org/wiki/Pinus_flexilis,Pin flexible,
240,Jeffrey pine,Pinus jeffreyi,http://en.wikipedia.org/wiki/Pinus_jeffreyi,http://fr.wikipedia.org/wiki/Pinus_jeffreyi,Pin de Jeffrey,
348,Korean pine,Pinus koraiensis,http://en.wikipedia.org/wiki/Pinus_koraiensis,http://fr.wikipedia.org/wiki/Pinus_koraiensis,"Pin de Corée, Pin blanc de Corée",
367,Single-leaf pinyon,Pinus monophylla,http://en.wikipedia.org/wiki/Pinus_monophylla,http://fr.wikipedia.org/wiki/Pinus_monophylla,Pin à une feuille,
295,Japanese white pine,Pinus parviflora,http://en.wikipedia.org/wiki/Pinus_parviflora,http://fr.wikipedia.org/wiki/Pinus_parviflora,"Pin blanc du Japon, Pin à cinq aiguilles",
269,Stone pine,Pinus pinea,http://en.wikipedia.org/wiki/Pinus_pinea,http://fr.wikipedia.org/wiki/Pinus_pinea,"Pin parasol, Pin pignon",
768,Ponderosa pine,Pinus ponderosa,http://en.wikipedia.org/wiki/Pinus_ponderosa,http://fr.wikipedia.org/wiki/Pinus_ponderosa,"Pin ponderosa, Pin jaune, Pin à bois lourd",
368,Gray pine,Pinus sabiniana,http://en.wikipedia.org/wiki/Pinus_sabiniana,http://fr.wikipedia.org/wiki/Pinus_sabiniana,Pin gris de Californie,
282,Eastern white pine,Pinus strobus,http://en.wikipedia.org/wiki/Pinus_strobus,http://fr.wikipedia.org/wiki/Pinus_strobus,"Pin blanc, Pin du Lord, Pin de Weymouth",
318,Torrey pine,Pinus torreyana,http://en.wikipedia.org/wiki/Pinus_torreyana,http://fr.wikipedia.org/wiki/Pinus_torreyana,Pin de Torrey,
379,Mount atlas pistache,Pistacia atlantica,http://en.wikipedia.org/wiki/Pistacia_atlantica,,,
71,Pistachio,Pistacia vera,http://en.wikipedia.org/wiki/Pistacia_vera,http://fr.wikipedia.org/wiki/Pistacia_vera,"Pistachier commun, Pistachier cultivé, Pistachier vrai",
776,Madras thorn,Pithecellobium dulce,http://en.wikipedia.org/wiki/Pithecellobium_dulce,http://fr.wikipedia.org/wiki/Pithecellobium_dulce,"Tamarin d'Inde, Tamarin de l'Inde, Campèche",
535,Plantain (plant),Plantago,http://en.wikipedia.org/wiki/Plantago,http://fr.wikipedia.org/wiki/Plantago,Plantain,
538,English plantain,Plantago lanceolata,http://en.wikipedia.org/wiki/Plantago_lanceolata,http://fr.wikipedia.org/wiki/Plantago_lanceolata,"Plantain lancéolé, Plantain étroit",
598,Common plantain,Plantago major,http://en.wikipedia.org/wiki/Plantago_major,http://fr.wikipedia.org/wiki/Plantago_major,Grand plantain,
782,Oyster mushroom,Pleurotus,http://en.wikipedia.org/wiki/Pleurotus,http://fr.wikipedia.org/wiki/Pleurotus,Pleurote,
780,Pearl oyster mushroom,Pleurotus ostreatus,http://en.wikipedia.org/wiki/Pleurotus_ostreatus,http://fr.wikipedia.org/wiki/Pleurotus_ostreatus,"Pleurote en huître, Pleurote en forme d'huître",
334,Plum-pine,Podocarpus,http://en.wikipedia.org/wiki/Podocarpus,http://fr.wikipedia.org/wiki/Podocarpus,,
333,Yew plum-pine,Podocarpus macrophyllus,http://en.wikipedia.org/wiki/Podocarpus_macrophyllus,http://fr.wikipedia.org/wiki/Podocarpus_macrophyllus,Pin des bouddhistes,
692,Mayapple,Podophyllum peltatum,http://en.wikipedia.org/wiki/Podophyllum_peltatum,http://fr.wikipedia.org/wiki/Podophyllum_peltatum,"Podophylle pelté, Podophylle d'Amérique, Pomme de mai",
631,Trifoliate orange,Poncirus trifoliata,http://en.wikipedia.org/wiki/Trifoliate_orange,http://fr.wikipedia.org/wiki/Poncirus_trifoliata,"Citronnier épineux, Oranger trifolié",
766,Black poplar,Populus nigra,http://en.wikipedia.org/wiki/Populus_nigra,http://fr.wikipedia.org/wiki/Populus_nigra,Peuplier noir,
236,Common purslane,Portulaca oleracea,http://en.wikipedia.org/wiki/Portulaca_oleracea,http://fr.wikipedia.org/wiki/Portulaca_oleracea,"Pourpier, Pourpier maraîcher, Porcelane",
51,Lucuma,Pouteria lucuma,http://en.wikipedia.org/wiki/Pouteria_lucuma,http://fr.wikipedia.org/wiki/Pouteria_lucuma,Lucuma,
807,Mesquite,Prosopis,http://en.wikipedia.org/wiki/Mesquite,http://fr.wikipedia.org/wiki/Prosopis,Mezquite,
62,Cherry,Prunus,http://en.wikipedia.org/wiki/Cherry,http://fr.wikipedia.org/wiki/Cerisier,Cerisier,
285,Stone fruit,Prunus,http://en.wikipedia.org/wiki/Prunus,http://fr.wikipedia.org/wiki/Prunus,Prunus,
1,Plum,Prunus,http://en.wikipedia.org/wiki/Plum,http://fr.wikipedia.org/wiki/Prune,Prunier,
284,American plum,Prunus americana,http://en.wikipedia.org/wiki/Prunus_americana,http://fr.wikipedia.org/wiki/Prunus_americana,Prunier rouge américain,
68,Almond,Prunus amygdalus,http://en.wikipedia.org/wiki/Prunus_amygdalus,,,
723,Chickasaw plum,Prunus angustifolia,http://en.wikipedia.org/wiki/Prunus_angustifolia,http://fr.wikipedia.org/wiki/Prunus_angustifolia,Prunier des Chickasaw,
79,Apricot,Prunus armeniaca,http://en.wikipedia.org/wiki/Prunus_armeniaca,http://fr.wikipedia.org/wiki/Prunus_armeniaca,"Abricotier, Abricotier commun",
296,Sweet cherry,Prunus avium,http://en.wikipedia.org/wiki/Prunus_avium,http://fr.wikipedia.org/wiki/Prunus_avium,"Merisier, Cerisier des oiseaux, Cerisier sauvage, Cerisier des bois, Cerisier doux",
113,Cherry plum,Prunus cerasifera,http://en.wikipedia.org/wiki/Prunus_cerasifera,http://fr.wikipedia.org/wiki/Prunus_cerasifera,"Myrobolan, Prunier-cerise, Prunier myrobolan",
121,Sour cherry,Prunus cerasus,http://en.wikipedia.org/wiki/Prunus_cerasus,http://fr.wikipedia.org/wiki/Prunus_cerasus,"Cerisier acide, Cerisier aigre, Griottier acide",
441,European plum,Prunus domestica,http://en.wikipedia.org/wiki/Prunus_domestica,http://fr.wikipedia.org/wiki/Prunus_domestica,Prunier cultivé,
748,Greengage plum,Prunus domestica subsp. italica var. claudiana,http://en.wikipedia.org/wiki/Greengage,http://fr.wikipedia.org/wiki/Reine-claude,Reine-claude,
691,Mirabelle plum,Prunus domestica subsp. syriaca,http://en.wikipedia.org/wiki/Mirabelle_plum,http://fr.wikipedia.org/wiki/Mirabellier,Mirabellier,
744,Damson plum,Prunus domestica subsp. insititia,http://en.wikipedia.org/wiki/Damson,http://fr.wikipedia.org/wiki/Prunier_de_Damas,Prunier de Damas,
319,Hollyleaf cherry,Prunus ilicifolia,http://en.wikipedia.org/wiki/Prunus_ilicifolia,,,
578,Catalina cherry,Prunus ilicifolia subsp. lyonii,http://en.wikipedia.org/wiki/Prunus_ilicifolia,,,
349,Fuji cherry,Prunus incisa,http://en.wikipedia.org/wiki/Prunus_incisa,,,
237,Mahaleb cherry,Prunus mahaleb,http://en.wikipedia.org/wiki/Prunus_mahaleb,http://fr.wikipedia.org/wiki/Prunus_mahaleb," Bois de Sainte-Lucie, Cerisier de Sainte-Lucie, Faux merisier, Quénot, Canot, Canonier, Moussis en Saintonge, Amarel, Prunier odorant",
698,Beach plum,Prunus maritima,http://en.wikipedia.org/wiki/Prunus_maritima,http://fr.wikipedia.org/wiki/Prunus_maritima,,
443,Mexican plum,Prunus mexicana,http://en.wikipedia.org/wiki/Prunus_mexicana,http://fr.wikipedia.org/wiki/Prunus_mexicana,Prunier du Mexique,
373,Japanese apricot,Prunus mume,http://en.wikipedia.org/wiki/Prunus_mume,http://fr.wikipedia.org/wiki/Prunus_mume,"Abricotier du Japon, Mume, Ume, Umé",
504,Wild goose plum,Prunus munsoniana,,http://fr.wikipedia.org/wiki/Prunus_munsoniana,,
339,Canada plum,Prunus nigra,http://en.wikipedia.org/wiki/Prunus_nigra,http://fr.wikipedia.org/wiki/Prunus_nigra,Prunier noir,
154,European bird cherry,Prunus padus,http://en.wikipedia.org/wiki/Prunus_padus,http://fr.wikipedia.org/wiki/Prunus_padus,"Cerisier à grappes, Merisier à grappes, Bois-puant, Putier, Putiet, Putet, Pétafouère",
412,Pin cherry,Prunus pensylvanica,http://en.wikipedia.org/wiki/Prunus_pensylvanica,http://fr.wikipedia.org/wiki/Prunus_pensylvanica,,
52,Peach,Prunus persica,http://en.wikipedia.org/wiki/Prunus_persica,http://fr.wikipedia.org/wiki/Prunus_persica,,
54,Nectarine,Prunus persica var. nucipersica,http://en.wikipedia.org/wiki/Prunus_persica#Nectarines,http://fr.wikipedia.org/wiki/Nectarinier,Nectarinier,
220,Sand cherry,Prunus pumila,http://en.wikipedia.org/wiki/Prunus_pumila,http://fr.wikipedia.org/wiki/Prunus_pumila,Cerisier des sables,
406,Japanese plum,Prunus salicina,http://en.wikipedia.org/wiki/Prunus_salicina,http://fr.wikipedia.org/wiki/Prunus_salicina,"Prunier japonais, Prunier du Japon",
636,Sargent cherry,Prunus sargentii,http://en.wikipedia.org/wiki/Prunus_sargentii,http://fr.wikipedia.org/wiki/Prunus_sargentii, Cerisier de Sargent,
168,Black cherry,Prunus serotina,http://en.wikipedia.org/wiki/Prunus_serotina,http://fr.wikipedia.org/wiki/Prunus_serotina,"Cerisier d'automne, Cerisier noir, Cerisier tardif",
388,Blackthorn,Prunus spinosa,http://en.wikipedia.org/wiki/Prunus_spinosa,http://fr.wikipedia.org/wiki/Prunus_spinosa,"Épine noire, Prunellier, Buisson noir, Épinette, Belossay, Créquier, Fourdinier, Fourdraine, Mère-du-bois, Pelossier, Prunellier commun",
407,Klamath plum,Prunus subcordata,http://en.wikipedia.org/wiki/Prunus_subcordata,http://fr.wikipedia.org/wiki/Prunus_subcordata,,
372,Higan cherry,Prunus subhirtella,http://en.wikipedia.org/wiki/Prunus_subhirtella,http://fr.wikipedia.org/wiki/Prunus_subhirtella,,
442,Hog plum,Prunus umbellata,,,,
186,Chokecherry,Prunus virginiana,http://en.wikipedia.org/wiki/Prunus_virginiana,http://fr.wikipedia.org/wiki/Prunus_virginiana,Cerisier de Virginie,
408,Chinese quince,Pseudocydonia sinensis,http://en.wikipedia.org/wiki/Pseudocydonia_sinensis,http://fr.wikipedia.org/wiki/Pseudocydonia_sinensis,Cognassier de Chine,
76,Guava,Psidium,http://en.wikipedia.org/wiki/Psidium,http://fr.wikipedia.org/wiki/Psidium,Goyavier,
58,Strawberry guava,Psidium cattleianum,http://en.wikipedia.org/wiki/Psidium_cattleianum,http://fr.wikipedia.org/wiki/Psidium_cattleianum,"Goyavier de Chine, Goyavier-fraise",
458,Common guava,Psidium guajava,http://en.wikipedia.org/wiki/Psidium_guajava,http://fr.wikipedia.org/wiki/Psidium_guajava,Goyavier commun,
747,Bracken fern,Pteridium,http://en.wikipedia.org/wiki/Bracken,http://fr.wikipedia.org/wiki/Pteridium,,
103,Kudzu,Pueraria lobata,http://en.wikipedia.org/wiki/Pueraria_lobata,http://fr.wikipedia.org/wiki/Pueraria_lobata,"Kudzu, Nepalem, Kudzu du Japon, Puéraire hirsute",
13,Pomegranate,Punica granatum,http://en.wikipedia.org/wiki/Punica_granatum,http://fr.wikipedia.org/wiki/Punica_granatum,Grenadier commun,
588,Firethorn,Pyracantha,http://en.wikipedia.org/wiki/Pyracantha,http://fr.wikipedia.org/wiki/Pyracantha,Buisson ardent,
733,Scarlet firethorn,Pyracantha coccinea,http://en.wikipedia.org/wiki/Pyracantha_coccinea,http://fr.wikipedia.org/wiki/Pyracantha_coccinea,,
15,Pear,Pyrus,http://en.wikipedia.org/wiki/Pyrus,http://fr.wikipedia.org/wiki/Pyrus,Poirier,
286,European pear,Pyrus communis,http://en.wikipedia.org/wiki/Pyrus_communis,http://fr.wikipedia.org/wiki/Pyrus_communis,Poirier commun,
632,European wild pear,Pyrus pyraster,http://en.wikipedia.org/wiki/Pyrus_pyraster,http://fr.wikipedia.org/wiki/Pyrus_pyraster,Poirier sauvage,
124,Asian pear,Pyrus pyrifolia,http://en.wikipedia.org/wiki/Pyrus_pyrifolia,http://fr.wikipedia.org/wiki/Pyrus_pyrifolia,"Nashi, Nachi",
72,Oak,Quercus,http://en.wikipedia.org/wiki/Quercus,http://fr.wikipedia.org/wiki/Quercus,Chêne,
808,Coast live oak,Quercus agrifolia,http://en.wikipedia.org/wiki/Quercus_agrifolia,http://fr.wikipedia.org/wiki/Quercus_agrifolia,Chêne de Californie,
142,White oak,Quercus alba,http://en.wikipedia.org/wiki/Quercus_alba,http://fr.wikipedia.org/wiki/Quercus_alba,"Chêne blanc d'Amérique, Chêne blanc",
288,Swamp white oak,Quercus bicolor,http://en.wikipedia.org/wiki/Quercus_bicolor,http://fr.wikipedia.org/wiki/Quercus_bicolor,Chêne bicolore,
245,Turkey oak,Quercus cerris,http://en.wikipedia.org/wiki/Quercus_cerris,http://fr.wikipedia.org/wiki/Quercus_cerris,"Chêne chevelu, Chêne lombard, Chêne cerris, Chêne de Bourgogne, Chêne de Turquie, Doucier",
274,Holm oak,Quercus ilex,http://en.wikipedia.org/wiki/Quercus_ilex,http://fr.wikipedia.org/wiki/Quercus_ilex,"Chêne vert, Yeuse, Chêne faux houx",
559,Overcup oak,Quercus lyrata,http://en.wikipedia.org/wiki/Quercus_lyrata,,,
179,Bur oak,Quercus macrocarpa,http://en.wikipedia.org/wiki/Quercus_macrocarpa,http://fr.wikipedia.org/wiki/Quercus_macrocarpa,Chêne à gros fruits,
247,Chinkapin oak,Quercus muehlenbergii,http://en.wikipedia.org/wiki/Quercus_muehlenbergii,http://fr.wikipedia.org/wiki/Quercus_muehlenbergii,"Chêne jaune, Chêne chinkapin, Chêne châtaignier jaune",
287,Chestnut oak,Quercus prinus,http://en.wikipedia.org/wiki/Quercus_prinus,,,
249,English oak,Quercus robur,http://en.wikipedia.org/wiki/Quercus_robur,http://fr.wikipedia.org/wiki/Quercus_robur,"Chêne pédonculé, Chêne blanc, Chêne femelle, Gravelin, Chêne à grappe, Châgne",
135,Northern red oak,Quercus rubra,http://en.wikipedia.org/wiki/Quercus_rubra,http://fr.wikipedia.org/wiki/Quercus_rubra,Chêne rouge d'Amérique,
129,Cork oak,Quercus suber,http://en.wikipedia.org/wiki/Quercus_suber,http://fr.wikipedia.org/wiki/Quercus_suber,"Chêne-liège, Corcier, Surier, Suve",
849,Radish,Raphanus sativus,http://en.wikipedia.org/wiki/Raphanus_sativus,http://fr.wikipedia.org/wiki/Raphanus_sativus,Radis,
24,Rhubarb,Rheum rhabarbarum,http://en.wikipedia.org/wiki/Rheum_rhabarbarum,http://fr.wikipedia.org/wiki/Rheum_rhabarbarum,Rhubarbe des jardins,
117,Sumac,Rhus,http://en.wikipedia.org/wiki/Rhus,http://fr.wikipedia.org/wiki/Rhus,Sumac,
140,Fragrant sumac,Rhus aromatica,http://en.wikipedia.org/wiki/Rhus_aromatica,,,
409,Smooth sumac,Rhus glabra,http://en.wikipedia.org/wiki/Rhus_glabra,http://fr.wikipedia.org/wiki/Rhus_glabra,"Sumac à bois glabre, Vinaigrier",
321,Sugar sumac,Rhus ovata,http://en.wikipedia.org/wiki/Rhus_ovata,,,
191,Staghorn sumac,Rhus typhina,http://en.wikipedia.org/wiki/Rhus_typhina,http://fr.wikipedia.org/wiki/Rhus_typhina,"Sumac vinaigrier, Sumac amaranthe, Sumac à bois poilu, Vinaigrier, Sumac de Virginie, Sumac à queues de renard",
106,Currant,Ribes,http://en.wikipedia.org/wiki/Ribes,http://fr.wikipedia.org/wiki/Ribes_(genre),Groseillier,
649,Jostaberry,Ribes Ă nidigrolaria,http://en.wikipedia.org/wiki/Jostaberry,http://fr.wikipedia.org/wiki/Casseille,Casseille,
107,Golden currant,Ribes aureum,http://en.wikipedia.org/wiki/Ribes_aureum,http://fr.wikipedia.org/wiki/Ribes_aureum,"Groseillier doré, Gadellier doré",
630,Blackcurrant,Ribes nigrum,http://en.wikipedia.org/wiki/Ribes_nigrum,http://fr.wikipedia.org/wiki/Ribes_nigrum,"Groseillier noir, Cassis, Cassissier, Gadellier noire",
432,Redcurrant,Ribes rubrum,http://en.wikipedia.org/wiki/Ribes_rubrum,http://fr.wikipedia.org/wiki/Ribes_rubrum,Groseillier à grappes,
650,Whitecurrant,Ribes rubrum,http://en.wikipedia.org/wiki/White_currant,,,
126,Gooseberry,Ribes uva-crispa,http://en.wikipedia.org/wiki/Ribes_uva-crispa,http://fr.wikipedia.org/wiki/Ribes_uva-crispa,Groseillier à maquereau,
755,Sticky currant,Ribes viscosissimum,http://en.wikipedia.org/wiki/Ribes_viscosissimum,,,
110,Black locust,Robinia pseudoacacia,http://en.wikipedia.org/wiki/Robinia_pseudoacacia,http://fr.wikipedia.org/wiki/Robinia_pseudoacacia,"Robinier faux-acacia, Acacia, Faux-acacia, Robinier",
82,Rose,Rosa,http://en.wikipedia.org/wiki/Rose,http://fr.wikipedia.org/wiki/Rosier,Rosier,
520,Dog rose,Rosa canina,http://en.wikipedia.org/wiki/Dog_rose,http://fr.wikipedia.org/wiki/Rosa_canina,"Rosier des Chiens, Rosier des haies, Églantier des chiens",
547,Sweetbriar rose,Rosa rubiginosa,http://en.wikipedia.org/wiki/Rosa_rubiginosa,http://fr.wikipedia.org/wiki/Rosa_rubiginosa,Rosier rubigineux,
757,Rugosa rose,Rosa rugosa,http://en.wikipedia.org/wiki/Rosa_rugosa,http://fr.wikipedia.org/wiki/Rosa_rugosa,"Rosier rugueux, Rosier du Japon",
10,Rosemary,Rosmarinus officinalis,http://en.wikipedia.org/wiki/Rosmarinus_officinalis,http://fr.wikipedia.org/wiki/Rosmarinus_officinalis,"Romarin, Romarin officinal",
48,Blackberry,Rubus,http://en.wikipedia.org/wiki/Blackberry,,,
98,Dewberry,Rubus,http://en.wikipedia.org/wiki/Dewberry,,,
122,Raspberry,Rubus,http://en.wikipedia.org/wiki/Raspberry,,,
123,Black raspberry,Rubus,http://en.wikipedia.org/wiki/Black_raspberry,,,
566,Loganberry,Rubus x loganobaccus,http://en.wikipedia.org/wiki/Rubus_%C3%97_loganobaccus,http://fr.wikipedia.org/wiki/Rubus_%C3%97loganobaccus,Mûre de Logan,
420,Cloudberry,Rubus chamaemorus,http://en.wikipedia.org/wiki/Rubus_chamaemorus,http://fr.wikipedia.org/wiki/Rubus_chamaemorus,"Plaquebière, Ronce des tourbières, Ronce petit-mûrier, Chicouté",
196,Thimbleberry,Rubus parviflorus,http://en.wikipedia.org/wiki/Rubus_parviflorus,http://fr.wikipedia.org/wiki/Rubus_parviflorus,,
701,Wine raspberry,Rubus phoenicolasius,http://en.wikipedia.org/wiki/Rubus_phoenicolasius,http://fr.wikipedia.org/wiki/Rubus_phoenicolasius,,
230,Salmonberry,Rubus spectabilis,http://en.wikipedia.org/wiki/Rubus_spectabilis,http://fr.wikipedia.org/wiki/Rubus_spectabilis,Ronce remarquable,
210,Dock,Rumex,http://en.wikipedia.org/wiki/Rumex,http://fr.wikipedia.org/wiki/Rumex,Oseille,
437,Common sorrel,Rumex acetosa,http://en.wikipedia.org/wiki/Rumex_acetosa,http://fr.wikipedia.org/wiki/Rumex_acetosa,"Oseille commune, Grande oseille, Oseille des prés, Vinette",
171,Curly dock,Rumex crispus,http://en.wikipedia.org/wiki/Rumex_crispus,http://fr.wikipedia.org/wiki/Rumex_crispus,Oseille crépue,
809,Mexican palmetto,Sabal mexicana,http://en.wikipedia.org/wiki/Sabal_mexicana,http://fr.wikipedia.org/wiki/Sabal_mexicana,,
125,Arrowhead,Sagittaria,http://en.wikipedia.org/wiki/Sagittaria,http://fr.wikipedia.org/wiki/Sagittaria,"Sagittaire, Fléchière",
706,Broadleaf arrowhead,Sagittaria latifolia,http://en.wikipedia.org/wiki/Sagittaria_latifolia,http://fr.wikipedia.org/wiki/Sagittaria_latifolia,Sagittaire à larges feuilles,
213,Black willow,Salix nigra,http://en.wikipedia.org/wiki/Salix_nigra,http://fr.wikipedia.org/wiki/Salix_nigra,Saule noir,
9,Sage,Salvia,http://en.wikipedia.org/wiki/Salvia,http://fr.wikipedia.org/wiki/Salvia,Sauge,
777,White sage,Salvia apiana,http://en.wikipedia.org/wiki/Salvia_apiana,http://fr.wikipedia.org/wiki/Salvia_apiana,Sauge blanche,
74,Elderberry,Sambucus,http://en.wikipedia.org/wiki/Sambucus,http://fr.wikipedia.org/wiki/Sambucus,Sureau,
433,Blue elderberry,Sambucus cerulea,http://en.wikipedia.org/wiki/Sambucus_cerulea,,,
322,Black elderberry,Sambucus nigra,http://en.wikipedia.org/wiki/Sambucus_nigra,http://fr.wikipedia.org/wiki/Sambucus_nigra,"Sureau noir, Grand Sureau",
514,Desert quandong,Santalum acuminatum,http://en.wikipedia.org/wiki/Santalum_acuminatum,http://fr.wikipedia.org/wiki/Santalum_acuminatum,"Quandong du désert, Quandong doux",
212,Soapberry,Sapindus,http://en.wikipedia.org/wiki/Sapindus,http://fr.wikipedia.org/wiki/Sapindus,Sapindus,
147,Sassafras,Sassafras albidum,http://en.wikipedia.org/wiki/Sassafras_albidum,,,
762,Satureja species,Satureja,http://en.wikipedia.org/wiki/Satureja,http://fr.wikipedia.org/wiki/Satureja,Sarriette,
421,Summer savory,Satureja hortensis,http://en.wikipedia.org/wiki/Satureja_hortensis,,,
335,Peruvian pepper,Schinus molle,http://en.wikipedia.org/wiki/Schinus_molle,http://fr.wikipedia.org/wiki/Schinus_molle,"Faux-poivrier odorant, Faux-poivrier, Poivrier sauvage",
262,Brazilian pepper,Schinus terebinthifolius,http://en.wikipedia.org/wiki/Schinus_terebinthifolius,http://fr.wikipedia.org/wiki/Schinus_terebinthifolius,"Faux-poivrier du Brézil, Faux-poivrier",
427,Eastern gray squirrel,Sciurus carolinensis,http://en.wikipedia.org/wiki/Sciurus_carolinensis,http://fr.wikipedia.org/wiki/Sciurus_carolinensis,"Écureuil gris, Écureuil gris de Caroline",
518,Chayote,Sechium edule,http://en.wikipedia.org/wiki/Chayote,http://fr.wikipedia.org/wiki/Sechium_edule,"Chayote, Chayotte, Christophine, Chouchou, Chouchoute",
540,Wallpepper,Sedum acre,http://en.wikipedia.org/wiki/Sedum_acre,http://fr.wikipedia.org/wiki/Sedum_acre,"Orpin âcre, Orpin brûlant, Poivre des murailles, Poivre de muraille",
695,White mustard,Sinapis alba,http://en.wikipedia.org/wiki/White_mustard,http://fr.wikipedia.org/wiki/Sinapis_alba,"Moutarde blanche, Sénevé, Sanve",
601,London rocket,Sisymbrium irio,http://en.wikipedia.org/wiki/Sisymbrium_irio,,,
591,Hedge mustard,Sisymbrium officinale,http://en.wikipedia.org/wiki/Sisymbrium_officinale,http://fr.wikipedia.org/wiki/Sisymbrium_officinale,"Sisymbre officinal, Herbe au chantre, Barbarée",
614,Alexanders,Smyrnium olusatrum,http://en.wikipedia.org/wiki/Smyrnium_olusatrum,http://fr.wikipedia.org/wiki/Smyrnium_olusatrum,Maceron,
470,Tamarillo,Solanum betaceum,http://en.wikipedia.org/wiki/Tamarillo,http://fr.wikipedia.org/wiki/Solanum_betaceum,"Tamarillo, Tomate en arbre, Prune du Japon, Tomate arbuste",
61,Tomato,Solanum lycopersicum,http://en.wikipedia.org/wiki/Solanum_lycopersicum,http://fr.wikipedia.org/wiki/Solanum_lycopersicum,Tomate,
732,Eggplant,Solanum melongena,http://en.wikipedia.org/wiki/Eggplant,http://fr.wikipedia.org/wiki/Solanum_melongena,Aubergine,
638,Potato,Solanum tuberosum,http://en.wikipedia.org/wiki/Potato,http://fr.wikipedia.org/wiki/Solanum_tuberosum,"Pomme de terre, Patate",
683,Rowan,Sorbus,http://en.wikipedia.org/wiki/Rowan,http://fr.wikipedia.org/wiki/Sorbus,"Sorbier, Alisier",
410,Common whitebeam,Sorbus aria,http://en.wikipedia.org/wiki/Sorbus_aria,http://fr.wikipedia.org/wiki/Sorbus_aria,"Sorbier des Alpes, Alisier blanc, Alisier de Bourgogne, Alouchier",
278,European rowan,Sorbus aucuparia,http://en.wikipedia.org/wiki/Sorbus_aucuparia,http://fr.wikipedia.org/wiki/Sorbus_aucuparia,"Sorbier des oiseleurs, Sorbier des oiseaux",
411,True service tree,Sorbus domestica,http://en.wikipedia.org/wiki/Sorbus_domestica,http://fr.wikipedia.org/wiki/Sorbus_domestica,"Sorbier domestique, Cormier",
590,Swedish whitebeam,Sorbus intermedia,http://en.wikipedia.org/wiki/Sorbus_%C3%97_intermedia,http://fr.wikipedia.org/wiki/Sorbus_intermedia,"Sorbier de Scandinavie, Alisier de Suède, Sorbier intermédiaire",
736,Mombin,Spondias,http://en.wikipedia.org/wiki/Spondias,,,
740,Yellow mombin,Spondias mombin,http://en.wikipedia.org/wiki/Spondias_mombin,http://fr.wikipedia.org/wiki/Spondias_mombin,Prunier mombin,
555,Lamb's ear,Stachys byzantina,http://en.wikipedia.org/wiki/Stachys_byzantina,http://fr.wikipedia.org/wiki/Stachys_byzantina,"Épiaire de Byzance, Épiaire laineuse, Oreille de lapin, Oreille d'ours",
229,Common chickweed,Stellaria media,http://en.wikipedia.org/wiki/Stellaria_media,http://fr.wikipedia.org/wiki/Stellaria_media,"Stellaire intermédiaire, Morgeline, Mouron blanc, Mouron des oiseaux",
817,Sterculia species,Sterculia,http://en.wikipedia.org/wiki/Sterculia,http://fr.wikipedia.org/wiki/Sterculia,Sterculia,
786,Slippery jack,Suillus luteus,http://en.wikipedia.org/wiki/Suillus_luteus,http://fr.wikipedia.org/wiki/Suillus_luteus,"Bolet jaune, Beurré, Baveux, Nonette voilée",
273,Queen palm,Syagrus romanzoffiana,http://en.wikipedia.org/wiki/Syagrus_romanzoffiana,http://fr.wikipedia.org/wiki/Syagrus_romanzoffiana,"Cocotier plumeux, Palmier Pindó, Ybá pitá, Palmier de la reine",
473,Comfrey,Symphytum,http://en.wikipedia.org/wiki/Symphytum,http://fr.wikipedia.org/wiki/Symphytum,Consoude,
380,Lilly pilly,Syzygium,http://en.wikipedia.org/wiki/Syzygium,http://fr.wikipedia.org/wiki/Syzygium,Syzygium,
454,Jambul,Syzygium cumini,http://en.wikipedia.org/wiki/Jambul,http://fr.wikipedia.org/wiki/Syzygium_cumini,"Jamelonier, Jamblon",
265,Magenta lilly pilly,Syzygium paniculatum,http://en.wikipedia.org/wiki/Syzygium_paniculatum,http://fr.wikipedia.org/wiki/Syzygium_paniculatum,,
834,Wax apple,Syzygium samarangense,http://en.wikipedia.org/wiki/Syzygium_samarangense,http://fr.wikipedia.org/wiki/Syzygium_samarangense,"Jamalac, Jambose",
453,Tamarind,Tamarindus indica,http://en.wikipedia.org/wiki/Tamarind,http://fr.wikipedia.org/wiki/Tamarindus_indica,Tamarinier,
565,Feverfew,Tanacetum parthenium,http://en.wikipedia.org/wiki/Feverfew,http://fr.wikipedia.org/wiki/Tanacetum_parthenium,"Grande Camomille, Pyrèthre doré, Pyrèthre mousse",
543,Common tansy,Tanacetum vulgare,http://en.wikipedia.org/wiki/Tanacetum_vulgare,http://fr.wikipedia.org/wiki/Tanacetum_vulgare,"Tanaisie commune, Barbotine",
90,Dandelion,Taraxacum,http://en.wikipedia.org/wiki/Taraxacum,http://fr.wikipedia.org/wiki/Taraxacum,Pissenlit,
726,Cupuaçu,Theobroma grandiflorum,http://en.wikipedia.org/wiki/Cupua%C3%A7u,http://fr.wikipedia.org/wiki/Theobroma_grandiflorum,Cupuaçu,
192,Thyme,Thymus,http://en.wikipedia.org/wiki/Thymus_(genus),http://fr.wikipedia.org/wiki/Thymus,Thym,
764,Silverleafed princess flower,Tibouchina heteromalla,http://en.wikipedia.org/wiki/Tibouchina_heteromalla,,,
163,Linden,Tilia,http://en.wikipedia.org/wiki/Tilia,http://fr.wikipedia.org/wiki/Tilia,Tilleul,
143,American linden,Tilia americana,http://en.wikipedia.org/wiki/Tilia_americana,http://fr.wikipedia.org/wiki/Tilia_americana,Tilleul d'Amérique,
253,Small-leaved linden,Tilia cordata,http://en.wikipedia.org/wiki/Tilia_cordata,http://fr.wikipedia.org/wiki/Tilia_cordata,Tilleul à petites feuilles,
369,Large-leaved linden,Tilia platyphyllos,http://en.wikipedia.org/wiki/Tilia_platyphyllos,http://fr.wikipedia.org/wiki/Tilia_platyphyllos,Tilleul à grandes feuilles,
239,Silver linden,Tilia tomentosa,http://en.wikipedia.org/wiki/Tilia_tomentosa,http://fr.wikipedia.org/wiki/Tilia_tomentosa,Tilleul argenté,
243,European linden,Tilia x europaea,http://en.wikipedia.org/wiki/Tilia_europaea,http://fr.wikipedia.org/wiki/Tilia_europaea,Tilleul commun,
244,Chinese toon,Toona sinensis,http://en.wikipedia.org/wiki/Toona_sinensis,http://fr.wikipedia.org/wiki/Toona_sinensis,,
374,California nutmeg,Torreya californica,http://en.wikipedia.org/wiki/Torreya_californica,http://fr.wikipedia.org/wiki/Torreya_californica,Muscadier de Californie,
722,Common salsify,Tragopogon porrifolius,http://en.wikipedia.org/wiki/Tragopogon_porrifolius,http://fr.wikipedia.org/wiki/Tragopogon_porrifolius,"Salsifis cultivé, Salsifis à feuilles de poireau, Salsifis austral, Salsifis blanc, Barbe de bouc, Cercifis commun",
596,Clover,Trifolium,http://en.wikipedia.org/wiki/Trifolium,http://fr.wikipedia.org/wiki/Tr%C3%A8fle,Trèfle,
728,Red clover,Trifolium pratense,http://en.wikipedia.org/wiki/Trifolium_pratense,http://fr.wikipedia.org/wiki/Trifolium_pratense,"Trèfle des prés, Trèfle violet",
727,White clover,Trifolium repens,http://en.wikipedia.org/wiki/Trifolium_repens,http://fr.wikipedia.org/wiki/Trifolium_repens,"Trèfle blanc, Trèfle rampant",
66,Nasturtium,Tropaeolum,http://en.wikipedia.org/wiki/Tropaeolum,http://fr.wikipedia.org/wiki/Tropaeolum,Capucine,
108,Cattail,Typha,http://en.wikipedia.org/wiki/Typha,http://fr.wikipedia.org/wiki/Typha,"Massette, Quenouille",
589,Gorse,Ulex,http://en.wikipedia.org/wiki/Ulex,http://fr.wikipedia.org/wiki/Ulex,Ajonc,
164,Elm,Ulmus,http://en.wikipedia.org/wiki/Ulmus,http://fr.wikipedia.org/wiki/Ulmus,Orme,
279,California laurel,Umbellularia californica,http://en.wikipedia.org/wiki/Umbellularia_californica,http://fr.wikipedia.org/wiki/Umbellularia_californica,"Laurier de Californie, Myrte de l’Oregon",
149,Nettle,Urtica,http://en.wikipedia.org/wiki/Urtica,http://fr.wikipedia.org/wiki/Urtica,Ortie,
232,Stinging nettle,Urtica dioica,http://en.wikipedia.org/wiki/Urtica_dioica,http://fr.wikipedia.org/wiki/Urtica_dioica,"Ortie commune, Grande ortie, Ortie dioïque",
88,Blueberry,Vaccinium,http://en.wikipedia.org/wiki/Blueberry,http://fr.wikipedia.org/wiki/Bleuet_(fruit),Bluet,
223,Cranberry,Vaccinium,http://en.wikipedia.org/wiki/Cranberry,http://fr.wikipedia.org/wiki/Canneberge,"Canneberge, Grande airelle rouge d’Amérique du Nord, Atoca, Ataca",
613,Whortleberry,Vaccinium,http://en.wikipedia.org/wiki/Whortleberry,,,
558,Darrow's blueberry,Vaccinium darrowii,http://en.wikipedia.org/wiki/Vaccinium_darrowii,,,
529,Common bilberry,Vaccinium myrtillus,http://en.wikipedia.org/wiki/Vaccinium_myrtillus,http://fr.wikipedia.org/wiki/Vaccinium_myrtillus,Myrtille commune,
713,Red huckleberry,Vaccinium parvifolium,http://en.wikipedia.org/wiki/Vaccinium_parvifolium,http://fr.wikipedia.org/wiki/Vaccinium_parvifolium,,
425,Lingonberry,Vaccinium vitis-idaea subsp. minus,http://en.wikipedia.org/wiki/Vaccinium_vitis-idaea,http://fr.wikipedia.org/wiki/Vaccinium_vitis-idaea,Petite airelle,
415,Nannyberry,Viburnum lentago,http://en.wikipedia.org/wiki/Viburnum_lentago,http://fr.wikipedia.org/wiki/Viburnum_lentago,Viorne flexible,
607,Guelder rose,Viburnum opulus,http://en.wikipedia.org/wiki/Viburnum_opulus,http://fr.wikipedia.org/wiki/Viburnum_opulus,Viorne obier,
355,Black haw,Viburnum prunifolium,http://en.wikipedia.org/wiki/Viburnum_prunifolium,,,
176,American cranberrybush,Viburnum trilobum,http://en.wikipedia.org/wiki/Viburnum_trilobum,,,
506,Fava bean,Vicia faba,http://en.wikipedia.org/wiki/Vicia_faba,http://fr.wikipedia.org/wiki/Vicia_faba,Fève,
456,Mung bean,Vigna radiata,http://en.wikipedia.org/wiki/Vigna_radiata,http://fr.wikipedia.org/wiki/Vigna_radiata,"Haricot mungo, Ambérique verte, Soja vert",
424,Violet,Viola,http://en.wikipedia.org/wiki/Viola_(plant),http://fr.wikipedia.org/wiki/Viola_(genre_v%C3%A9g%C3%A9tal),Violette,
336,Chaste tree,Vitex agnus-castus,http://en.wikipedia.org/wiki/Vitex_agnus-castus,http://fr.wikipedia.org/wiki/Vitex_agnus-castus,"Arbre au poivre, Gattilier",
16,Grape,Vitis,http://en.wikipedia.org/wiki/Vitis,http://fr.wikipedia.org/wiki/Vitis,Vigne,
128,Fox grape,Vitis labrusca,http://en.wikipedia.org/wiki/Vitis_labrusca,http://fr.wikipedia.org/wiki/Vitis_labrusca,"Vigne américaine, Vigne des chats, Vigne-framboisier",
753,Concord grape,Vitis labrusca 'Concord',http://en.wikipedia.org/wiki/Concord_(grape),http://fr.wikipedia.org/wiki/Concord_(c%C3%A9page),Concord,
705,Mustang grape,Vitis mustangensis,http://en.wikipedia.org/wiki/Vitis_mustangensis,http://fr.wikipedia.org/wiki/Vitis_mustangensis,,
101,Muscadine,Vitis rotundifolia,http://en.wikipedia.org/wiki/Vitis_rotundifolia,http://fr.wikipedia.org/wiki/Vitis_rotundifolia,Muscadine,
629,Common grape,Vitis vinifera,https://en.wikipedia.org/wiki/Vitis_vinifera,http://fr.wikipedia.org/wiki/Vitis_vinifera,"Vigne cultivée, Vigne",
324,Desert fan palm,Washingtonia filifera,http://en.wikipedia.org/wiki/Washingtonia_filifera,http://fr.wikipedia.org/wiki/Washingtonia_filifera,"Palmier à jupon, Palmier de Californie",
325,Mexican fan palm,Washingtonia robusta,http://en.wikipedia.org/wiki/Washingtonia_robusta,http://fr.wikipedia.org/wiki/Washingtonia_robusta,,
550,Yellowhorn,Xanthoceras sorbifolium,http://en.wikipedia.org/wiki/Xanthoceras,http://fr.wikipedia.org/wiki/Xanthoceras_sorbifolium,,
741,Yucca,Yucca,http://en.wikipedia.org/wiki/Yucca,http://fr.wikipedia.org/wiki/Yucca,Yucca,
375,Faxon yucca,Yucca faxoniana,http://en.wikipedia.org/wiki/Yucca_faxoniana,,,
385,Spineless yucca,Yucca gigantea,http://en.wikipedia.org/wiki/Yucca_gigantea,http://fr.wikipedia.org/wiki/Yucca_gigantea,,
393,Moundlily yucca,Yucca gloriosa,http://en.wikipedia.org/wiki/Yucca_gloriosa,http://fr.wikipedia.org/wiki/Yucca_gloriosa,,
577,Curve-leaf yucca,Yucca recurvifolia,http://en.wikipedia.org/wiki/Curve-leaf_yucca,,,
645,Corn,Zea mays subsp. mays,http://en.wikipedia.org/wiki/Maize,http://fr.wikipedia.org/wiki/Zea_mays,"Maïs, Blé d’Inde",
104,Jujube,Ziziphus jujuba,http://en.wikipedia.org/wiki/Ziziphus_jujuba,http://fr.wikipedia.org/wiki/Ziziphus_jujuba,Jujubier commun,
86,Community garden,,http://en.wikipedia.org/wiki/Community_garden,http://fr.wikipedia.org/wiki/Jardin_communautaire,Jardin communautaire,
195,Huckleberry,,http://en.wikipedia.org/wiki/Huckleberry,,,
205,Chamomile,,http://en.wikipedia.org/wiki/Chamomile,http://fr.wikipedia.org/wiki/Camomille,Camomille,
450,Community nursery,,http://en.wikipedia.org/wiki/Community_gardening,http://fr.wikipedia.org/wiki/P%C3%A9pini%C3%A8re,Pépinière communautaire,
517,Vegetable,,http://en.wikipedia.org/wiki/Vegetable,http://fr.wikipedia.org/wiki/L%C3%A9gume,Légume,
482,Monkey fruit,,http://en.wikipedia.org/wiki/Monkey_fruit,,,
508,Urban farm,,http://en.wikipedia.org/wiki/Urban_farm,http://fr.wikipedia.org/wiki/Agriculture_urbaine,Ferme urbaine,
2,Dumpster,,http://en.wikipedia.org/wiki/Garbage_picking,http://fr.wikipedia.org/wiki/D%C3%A9ch%C3%A9tarisme,Poubelle,
533,Water well,,http://en.wikipedia.org/wiki/Water_well,http://fr.wikipedia.org/wiki/Puits_%C3%A0_eau,Puits à eau,
534,Fish,,http://en.wikipedia.org/wiki/Fish,http://fr.wikipedia.org/wiki/Poisson,Poisson,
426,Herb,,http://en.wikipedia.org/wiki/Herb,http://fr.wikipedia.org/wiki/Herbe,Herbe,
161,Bamboo,,http://en.wikipedia.org/wiki/Bamboo,http://fr.wikipedia.org/wiki/Bambou,Bambou,
211,Beehive,,http://en.wikipedia.org/wiki/Beehive,http://fr.wikipedia.org/wiki/Ruche,Ruche,
234,Fruit tree,,http://en.wikipedia.org/wiki/Fruit_tree,http://fr.wikipedia.org/wiki/Arbre_fruitier,Arbre fruitier,
264,Palm,,http://en.wikipedia.org/wiki/Palm_(plant),http://fr.wikipedia.org/wiki/Arecaceae,Palmier,
384,Nut tree,,http://en.wikipedia.org/wiki/Nut_(fruit),http://fr.wikipedia.org/wiki/Fruit_%C3%A0_coque,Fruit à coque,
446,Berry,,http://en.wikipedia.org/wiki/Berry,http://fr.wikipedia.org/wiki/Baie_(botanique),Baie,
562,Water spring,,http://en.wikipedia.org/wiki/Spring_(hydrology),http://fr.wikipedia.org/wiki/Source_(hydrologie),Source,
611,Orchard,,http://en.wikipedia.org/wiki/Orchard,http://fr.wikipedia.org/wiki/Verger,Verger,
612,Forest garden,,http://en.wikipedia.org/wiki/Forest_garden,http://fr.wikipedia.org/wiki/Jardin-for%C3%AAt,Jardin-forêt,
616,Compost,,http://en.wikipedia.org/wiki/Compost,http://fr.wikipedia.org/wiki/Compost,Compost,
660,Campsite,,http://en.wikipedia.org/wiki/Campsite,http://fr.wikipedia.org/wiki/Camping,Camping,
641,Guerilla garden,,http://en.wikipedia.org/wiki/Guerrilla_gardening,http://fr.wikipedia.org/wiki/Guerrilla_gardening,Jardin guérilla,
663,Tree swing,,http://en.wikipedia.org/wiki/Swing_(seat),http://fr.wikipedia.org/wiki/Balan%C3%A7oire,Balançoire,
674,Growing space,,http://en.wikipedia.org/wiki/Urban_agriculture,http://fr.wikipedia.org/wiki/Agriculture_urbaine,Éspace de jardinage,
687,Fruit,,http://en.wikipedia.org/wiki/Fruit,http://fr.wikipedia.org/wiki/Fruit_(botanique),Fruit,
688,Crayfish,,http://en.wikipedia.org/wiki/Crayfish,http://fr.wikipedia.org/wiki/%C3%89crevisse,Écrevisse,
694,Medicinal plant,,http://en.wikipedia.org/wiki/List_of_plants_used_in_herbalism,http://fr.wikipedia.org/wiki/Plante_m%C3%A9dicinale,Plante médicinale,
712,Rabbit,,http://en.wikipedia.org/wiki/Rabbit,http://fr.wikipedia.org/wiki/Lapin,Lapin,
734,Daisy,,http://en.wikipedia.org/wiki/Daisy,,,
745,Fern,,http://en.wikipedia.org/wiki/Fern,http://fr.wikipedia.org/wiki/Filicophyta,Fougère,
750,Plant,,http://en.wikipedia.org/wiki/Plant,http://fr.wikipedia.org/wiki/Plante,Plante,
751,Straw,,http://en.wikipedia.org/wiki/Straw,http://fr.wikipedia.org/wiki/Paille,Paille,
735,Water fountain,,http://en.wikipedia.org/wiki/Water_fountain,http://fr.wikipedia.org/wiki/Fontaine_(bassin),Fontaine,
763,Cactus,,http://en.wikipedia.org/wiki/Cactus,http://fr.wikipedia.org/wiki/Cactaceae,Cactus,
795,Puffball,,http://en.wikipedia.org/wiki/Puffball,http://fr.wikipedia.org/wiki/Vesse-de-loup,Vesse-de-loup,
775,Sapote,,http://en.wikipedia.org/wiki/Sapote,http://fr.wikipedia.org/wiki/Sapote,Sapote,
839,Free store,,http://en.wikipedia.org/wiki/Give-away_shop,http://fr.wikipedia.org/wiki/Magasin_gratuit,"Magasin gratuit, Free shop",
821,Free box,,http://en.wikipedia.org/wiki/Free_box,,,
836,Dumpster non-edible,,http://en.wikipedia.org/wiki/Garbage_picking,http://fr.wikipedia.org/wiki/D%C3%A9ch%C3%A9tarisme,Poubelle non-comestible,
826,Locust tree,,http://en.wikipedia.org/wiki/Locust_tree,,,
89,Mushroom,,http://en.wikipedia.org/wiki/Mushroom,http://fr.wikipedia.org/wiki/Champignon,Champignon,
837,Market,,http://en.wikipedia.org/wiki/Garbage_picking,http://fr.wikipedia.org/wiki/D%C3%A9ch%C3%A9tarisme,Marché,
838,Market non-edible,,http://en.wikipedia.org/wiki/Garbage_picking,http://fr.wikipedia.org/wiki/D%C3%A9ch%C3%A9tarisme,Marché non-comestible,
844,U-pick,,http://en.wikipedia.org/wiki/U-pick,,Autocueillette,
843,Freegan,,http://en.wikipedia.org/wiki/Freeganism,http://fr.wikipedia.org/wiki/Freeganisme,Freeganisme,
840,Table scraps,,http://en.wikipedia.org/wiki/Leftovers,http://fr.wikipedia.org/wiki/Cuisine_de_restes,Restes de table,
845,Leftovers,,http://en.wikipedia.org/wiki/Leftovers,http://fr.wikipedia.org/wiki/Cuisine_de_restes,Restes,
846,Meal,,http://en.wikipedia.org/wiki/Meal,http://fr.wikipedia.org/wiki/Repas,Repas,
848,Public bench,,http://en.wikipedia.org/wiki/Bench_(furniture),http://fr.wikipedia.org/wiki/Banc_public,Banc public,