ID,English Common Name,Latin Name,English Wikipedia,Polish Wikipedia [?],Translated Name (Jadalnia Warszawa),Translated Name (Monika),Translated Name (...)
377,Wattle,Acacia,http://en.wikipedia.org/wiki/Acacia,http://pl.wikipedia.org/wiki/Acacia,Akacja,,
327,True mulga,Acacia aneura,http://en.wikipedia.org/wiki/Acacia_aneura,http://pl.wikipedia.org/wiki/Acacia_aneura,Akacja mulga,,
579,Needle bush,Acacia farnesiana,http://en.wikipedia.org/wiki/Vachellia_farnesiana,http://pl.wikipedia.org/wiki/Acacia_farnesiana,Akacja Farnesa,,
298,Sydney golden wattle,Acacia longifolia,http://en.wikipedia.org/wiki/Acacia_longifolia,http://pl.wikipedia.org/wiki/Acacia_longifolia,,,
49,Feijoa,Acca sellowiana,http://en.wikipedia.org/wiki/Acca_sellowiana,http://pl.wikipedia.org/wiki/Akka_Sellowa,Akka Sellowa,,
175,Maple,Acer,http://en.wikipedia.org/wiki/Acer_(genus),http://pl.wikipedia.org/wiki/Acer,Klon,,
289,Black maple,Acer nigrum,http://en.wikipedia.org/wiki/Acer_nigrum,http://pl.wikipedia.org/wiki/Acer_nigrum,Klon czarny,,
272,Silver maple,Acer saccharinum,http://en.wikipedia.org/wiki/Acer_saccharinum,http://pl.wikipedia.org/wiki/Acer_saccharinum,Klon srebrzysty,,
136,Sugar maple,Acer saccharum,http://en.wikipedia.org/wiki/Acer_saccharum,http://pl.wikipedia.org/wiki/Acer_saccharum,Klon cukrowy,,
422,Common yarrow,Achillea millefolium,http://en.wikipedia.org/wiki/Achillea_millefolium,http://pl.wikipedia.org/wiki/Achillea_millefolium,Krwawnik pospolity,,
87,Kiwifruit,Actinidia,http://en.wikipedia.org/wiki/Kiwifruit,http://pl.wikipedia.org/wiki/Kiwi_%28owoc%29,Aktinidia,,
530,Ground elder,Aegopodium podagraria,http://en.wikipedia.org/wiki/Goutweed,http://pl.wikipedia.org/wiki/Aegopodium_podagraria,Podagrycznik,,
686,Goutweed,Aegopodium podagraria,http://en.wikipedia.org/wiki/Aegopodium_podagraria,http://pl.wikipedia.org/wiki/Aegopodium_podagraria,Podagrycznik ,,
290,Yellow buckeye,Aesculus flava,http://en.wikipedia.org/wiki/Aesculus_flava,http://pl.wikipedia.org/wiki/Aesculus_flava,Kasztanowiec żółty,,
224,Horse chestnut,Aesculus hippocastanum,http://en.wikipedia.org/wiki/Aesculus_hippocastanum,http://pl.wikipedia.org/wiki/Aesculus_hippocastanum,Kasztanowiec zwyczajny,,
794,Horse mushroom,Agaricus arvensis,http://en.wikipedia.org/wiki/Agaricus_arvensis,http://pl.wikipedia.org/wiki/Agaricus_arvensis,Pieczarka biaława,,
785,The prince,Agaricus augustus,http://en.wikipedia.org/wiki/Agaricus_augustus,http://pl.wikipedia.org/wiki/Agaricus_augustus,Pieczarka okazała,,
800,Field mushroom,Agaricus campestris,http://en.wikipedia.org/wiki/Agaricus_campestris,http://pl.wikipedia.org/wiki/Agaricus_campestris,Pieczarka łąkowa,,
276,Agave,Agave,http://en.wikipedia.org/wiki/Agave,http://pl.wikipedia.org/wiki/Agave,Agawa,,
435,Silk tree,Albizia,http://en.wikipedia.org/wiki/Albizia,http://pl.wikipedia.org/wiki/Albizia,,,
509,Persian silk tree,Albizia julibrissin,http://en.wikipedia.org/wiki/Albizia_julibrissin,http://pl.wikipedia.org/wiki/Albizia_julibrissin,Drzewo jedwabne,,
730,Lady's mantle,Alchemilla,http://en.wikipedia.org/wiki/Alchemilla,http://pl.wikipedia.org/wiki/Alchemilla,Przywrotnik,,
157,Garlic mustard,Alliaria petiolata,http://en.wikipedia.org/wiki/Alliaria_petiolata,http://pl.wikipedia.org/wiki/Alliaria_petiolata,Czosnaczek ,,
152,Onion,Allium,http://en.wikipedia.org/wiki/Allium,http://pl.wikipedia.org/wiki/Allium,Cebula,,
639,Leek,Allium ampeloprasum,http://en.wikipedia.org/wiki/Leek,http://pl.wikipedia.org/wiki/Allium_ampeloprasum,Por,,
131,Mouse garlic,Allium angulosum,,http://pl.wikipedia.org/wiki/Allium_angulosum,Czosnek kątowaty,,
202,Garlic,Allium sativum,http://en.wikipedia.org/wiki/Allium_sativum,http://pl.wikipedia.org/wiki/Allium_sativum,Czosnek,,
585,Chives,Allium schoenoprasum,http://en.wikipedia.org/wiki/Chives,http://pl.wikipedia.org/wiki/Allium_schoenoprasum,Szczypiorek,,
690,Ramps,Allium tricoccum,http://en.wikipedia.org/wiki/Allium_tricoccum,http://pl.wikipedia.org/wiki/Allium_tricoccum,,,
486,Three-cornered leek,Allium triquetrum,http://en.wikipedia.org/wiki/Allium_triquetrum,http://pl.wikipedia.org/wiki/Allium_triquetrum,,,
707,Garlic chives,Allium tuberosum,http://en.wikipedia.org/wiki/Allium_tuberosum,http://pl.wikipedia.org/wiki/Allium_tuberosum,,,
542,Wild garlic,Allium ursinum,http://en.wikipedia.org/wiki/Allium_ursinum,http://pl.wikipedia.org/wiki/Allium_ursinum,Czosnek niedźwiedzi,,
184,Tree onion,Allium x proliferum,http://en.wikipedia.org/wiki/Allium_proliferum,http://pl.wikipedia.org/wiki/Allium_proliferum,,,
772,Aloe,Aloe,http://en.wikipedia.org/wiki/Aloe,http://pl.wikipedia.org/wiki/Aloe,Aloes,,
709,Aloe vera,Aloe vera,http://en.wikipedia.org/wiki/Aloe_vera,http://pl.wikipedia.org/wiki/Aloe_vera,Aloes zwyczajny,,
459,Lemon verbena,Aloysia citrodora,http://en.wikipedia.org/wiki/Aloysia_citrodora,http://pl.wikipedia.org/wiki/Aloysia_citrodora,Lippia trójlistna,,
115,Serviceberry,Amelanchier,http://en.wikipedia.org/wiki/Amelanchier,http://pl.wikipedia.org/wiki/Amelanchier,Świdośliwa,,
396,Saskatoon,Amelanchier alnifolia,http://en.wikipedia.org/wiki/Amelanchier_alnifolia,http://pl.wikipedia.org/wiki/Amelanchier_alnifolia,Świdośliwa olcholistna,,
141,Downy serviceberry,Amelanchier arborea,http://en.wikipedia.org/wiki/Amelanchier_arborea,http://pl.wikipedia.org/wiki/Amelanchier_arborea,Świdośliwa drzewiasta,,
337,Canadian serviceberry,Amelanchier canadensis,http://en.wikipedia.org/wiki/Amelanchier_canadensis,http://pl.wikipedia.org/wiki/Amelanchier_canadensis,,,
291,Allegheny serviceberry,Amelanchier laevis,http://en.wikipedia.org/wiki/Amelanchier_laevis,http://pl.wikipedia.org/wiki/Amelanchier_laevis,Świdośliwa gładka,,
354,Apple serviceberry,Amelanchier x grandiflora,http://en.wikipedia.org/wiki/Amelanchier_grandiflora,http://pl.wikipedia.org/wiki/Amelanchier_grandiflora,Świdośliwa wielkokwiatowa,,
699,Pineapple,Ananas comosus,http://en.wikipedia.org/wiki/Pineapple,http://pl.wikipedia.org/wiki/Ananas_comosus,Ananas,,
429,Dill,Anethum graveolens,http://en.wikipedia.org/wiki/Anethum_graveolens,http://pl.wikipedia.org/wiki/Anethum_graveolens,Koper,,
561,Cherimoya,Annona cherimola,http://en.wikipedia.org/wiki/Cherimoya,http://pl.wikipedia.org/wiki/Annona_cherimola,Flaszowiec peruwiański,,
464,Soursop,Annona muricata,http://en.wikipedia.org/wiki/Annona_muricata,http://pl.wikipedia.org/wiki/Annona_muricata,Flaszowiec miękkociernisty,,
599,Cow parsley,Anthriscus sylvestris,http://en.wikipedia.org/wiki/Anthriscus_sylvestris,http://pl.wikipedia.org/wiki/Anthriscus_sylvestris,Trybula leśna,,
742,Columbine,Aquilegia,http://en.wikipedia.org/wiki/Aquilegia,http://pl.wikipedia.org/wiki/Aquilegia,Orlik,,
397,Chinese angelica tree,Aralia chinensis,http://en.wikipedia.org/wiki/Aralia_chinensis,http://pl.wikipedia.org/wiki/Aralia_chinensis,Aralia chińska,,
344,Japanese angelica tree,Aralia elata,http://en.wikipedia.org/wiki/Aralia_elata,http://pl.wikipedia.org/wiki/Aralia_elata,Aralia wysoka,,
292,Devil's walkingstick,Aralia spinosa,http://en.wikipedia.org/wiki/Aralia_spinosa,http://pl.wikipedia.org/wiki/Aralia_spinosa,Aralia kolczasta,,
576,Araucaria species,Araucaria,http://en.wikipedia.org/wiki/Araucaria,http://pl.wikipedia.org/wiki/Araucaria,Araukaria,,
200,Monkey puzzle,Araucaria araucana,http://en.wikipedia.org/wiki/Araucaria_araucana,http://pl.wikipedia.org/wiki/Araucaria_araucana,Araukaria chilijska,,
468,Bunya pine,Araucaria bidwillii,http://en.wikipedia.org/wiki/Araucaria_bidwillii,http://pl.wikipedia.org/wiki/Araucaria_bidwillii,Araukaria Bidwilla,,
299,Norfolk island pine,Araucaria heterophylla,http://en.wikipedia.org/wiki/Araucaria_heterophylla,http://pl.wikipedia.org/wiki/Araucaria_heterophylla,Araukaria wyniosła,,
300,Pacific madrone,Arbutus menziesii,http://en.wikipedia.org/wiki/Arbutus_menziesii,http://pl.wikipedia.org/wiki/Arbutus_menziesii,Chruścina ,,
60,Strawberry tree,Arbutus unedo,http://en.wikipedia.org/wiki/Arbutus_unedo,http://pl.wikipedia.org/wiki/Arbutus_unedo,Chruścina jagodna,,
169,Burdock,Arctium,http://en.wikipedia.org/wiki/Arctium,http://pl.wikipedia.org/wiki/Arctium,Łopian,,
83,Manzanita,Arctostaphylos,http://en.wikipedia.org/wiki/Manzanita,http://pl.wikipedia.org/wiki/Arctostaphylos,Mącznica,,
398,Whiteleaf manzanita,Arctostaphylos manzanita,http://en.wikipedia.org/wiki/Arctostaphylos_manzanita,http://pl.wikipedia.org/wiki/Arctostaphylos_manzanita,,,
527,Horseradish,Armoracia rusticana,http://en.wikipedia.org/wiki/Horseradish,http://pl.wikipedia.org/wiki/Armoracia_rusticana,Chrzan,,
119,Chokeberry,Aronia,http://en.wikipedia.org/wiki/Aronia,http://pl.wikipedia.org/wiki/Aronia,Aronia,,
219,Black chokeberry,Aronia melanocarpa,http://en.wikipedia.org/wiki/Aronia_melanocarpa,http://pl.wikipedia.org/wiki/Aronia_melanocarpa,Aronia czarna,,
752,Mugwort,Artemisia,http://en.wikipedia.org/wiki/Mugwort,http://pl.wikipedia.org/wiki/Bylica,Bylica,,
556,Silver wormwood,Artemisia ludoviciana,http://en.wikipedia.org/wiki/Artemisia_ludoviciana,http://pl.wikipedia.org/wiki/Artemisia_ludoviciana,,,
537,Breadfruit,Artocarpus altilis,http://en.wikipedia.org/wiki/Breadfruit,http://pl.wikipedia.org/wiki/Artocarpus_altilis,Chlebowiec właściwy,,
467,Jackfruit,Artocarpus heterophyllus,http://en.wikipedia.org/wiki/Jackfruit,http://pl.wikipedia.org/wiki/Artocarpus_heterophyllus,Chlebowiec różnolistny,,
165,Milkweed,Asclepias,http://en.wikipedia.org/wiki/Asclepias,http://pl.wikipedia.org/wiki/Asclepias,Trojeść,,
116,Pawpaw,Asimina triloba,http://en.wikipedia.org/wiki/Asimina_triloba,http://pl.wikipedia.org/wiki/Asimina_triloba,Asymina trójklapowa,,
156,Asparagus,Asparagus officinalis,http://en.wikipedia.org/wiki/Asparagus_officinalis,http://pl.wikipedia.org/wiki/Asparagus_officinalis,Szparag,,
724,Triangle orache,Atriplex prostrata,,http://pl.wikipedia.org/wiki/Atriplex_prostrata,Łoboda oszczepowata,,
798,Jelly ear fungus,Auricularia auricula-judae,http://en.wikipedia.org/wiki/Auricularia_auricula-judae,http://pl.wikipedia.org/wiki/Auricularia_auricula-judae,Uszak bzowy,,
797,Cloud ear fungus,Auricularia polytricha,http://en.wikipedia.org/wiki/Cloud_ear,http://pl.wikipedia.org/wiki/Auricularia_polytricha,,,
419,Starfruit,Averrhoa carambola,http://en.wikipedia.org/wiki/Averrhoa_carambola,http://pl.wikipedia.org/wiki/Averrhoa_carambola,Oskomian pospolity,,
455,Neem,Azadirachta indica,http://en.wikipedia.org/wiki/Azadirachta_indica,http://pl.wikipedia.org/wiki/Azadirachta_indica,Miodla indyjska,,
833,Lemon myrtle,Backhousia citriodora,http://en.wikipedia.org/wiki/Backhousia_citriodora,http://pl.wikipedia.org/wiki/Backhousia_citriodora,Mirt Cytrynowy,,
758,Malabar spinach,Basella alba,http://en.wikipedia.org/wiki/Basella_alba,http://pl.wikipedia.org/wiki/Basella_alba,,,
605,Barberry,Berberis,http://en.wikipedia.org/wiki/Berberis,http://pl.wikipedia.org/wiki/Berberis,Berberys,,
511,Beet,Beta vulgaris,http://en.wikipedia.org/wiki/Beet,http://pl.wikipedia.org/wiki/Burak_zwyczajny,Burak,,
689,Chard,Beta vulgaris subsp. cicla,http://en.wikipedia.org/wiki/Chard,http://pl.wikipedia.org/wiki/Burak_li%C5%9Bciowy,"Mangold, Boćwina, Burak liściowy",,
608,Sea beet,Beta vulgaris subsp. maritima,http://en.wikipedia.org/wiki/Sea_beet,http://pl.wikipedia.org/wiki/Beta_vulgaris_maritima,Burak dziki,,
524,Birch,Betula,http://en.wikipedia.org/wiki/Birch,http://pl.wikipedia.org/wiki/Betula,Brzoza,,
811,River birch,Betula nigra,http://en.wikipedia.org/wiki/Betula_nigra,http://pl.wikipedia.org/wiki/Betula_nigra,Brzoza nadrzeczna,,
715,Paper birch,Betula papyrifera,http://en.wikipedia.org/wiki/Betula_papyrifera,http://pl.wikipedia.org/wiki/Betula_papyrifera,Brzoza papierowa,,
814,Silver birch,Betula pendula,http://en.wikipedia.org/wiki/Betula_pendula,http://pl.wikipedia.org/wiki/Betula_pendula,Berzoza brodawkowata,,
783,Bolete,Boletus,http://en.wikipedia.org/wiki/Boletus,http://pl.wikipedia.org/wiki/Boletus,Borowik,,
784,King bolete,Boletus edulis,http://en.wikipedia.org/wiki/Boletus_edulis,http://pl.wikipedia.org/wiki/Boletus_edulis,Borowik szlachetny,,
207,Borage,Borago officinalis,http://en.wikipedia.org/wiki/Borago_officinalis,http://pl.wikipedia.org/wiki/Borago_officinalis,Ogórecznik,,
810,Palymra palm,Borassus,http://en.wikipedia.org/wiki/Borassus,http://pl.wikipedia.org/wiki/Winoda%C5%84_wachlarzowata,Winodań wachlarzowata,,
389,Illawarra flame tree,Brachychiton acerifolius,http://en.wikipedia.org/wiki/Brachychiton_acerifolius,http://pl.wikipedia.org/wiki/Brachychiton_acerifolius,Brachychiton klonolistny,,
271,Kurrajong,Brachychiton populneus,http://en.wikipedia.org/wiki/Brachychiton_populneus,http://pl.wikipedia.org/wiki/Brachychiton_populneus,,,
328,Mexican blue palm,Brahea armata,http://en.wikipedia.org/wiki/Brahea_armata,http://pl.wikipedia.org/wiki/Brahea_armata,Niebieska palma meksykańska,,
301,Guadalupe palm,Brahea edulis,http://en.wikipedia.org/wiki/Brahea_edulis,http://pl.wikipedia.org/wiki/Brahea_edulis,,,
615,Black mustard,Brassica nigra,http://en.wikipedia.org/wiki/Brassica_nigra,http://pl.wikipedia.org/wiki/Brassica_nigra,"Kapusta czarna, Gorczyca czarna",,
50,Kale,Brassica oleracea var. acephala,http://en.wikipedia.org/wiki/Kale,,Jarmuż,,
767,Red cabbage,Brassica oleracea var. capitata f. rubra,http://en.wikipedia.org/wiki/Red_cabbage,http://pl.wikipedia.org/wiki/Kapusta_g%C5%82owiasta_czerwona,Kapusta głowiasta czerwona,,
729,Brussels sprout,Brassica oleracea var. gemmifera,http://en.wikipedia.org/wiki/Brussels_sprout,http://pl.wikipedia.org/wiki/Kapusta_warzywna_brukselska,Kapusta brukselka,,
721,Broccoli,Brassica oleracea var. italica,http://en.wikipedia.org/wiki/Broccoli,http://pl.wikipedia.org/wiki/Broku%C5%82,Brokuł,,
302,Paper mulberry,Broussonetia papyrifera,http://en.wikipedia.org/wiki/Broussonetia_papyrifera,http://pl.wikipedia.org/wiki/Broussonetia_papyrifera,"Papierówka, Brusonecja",,
560,Butia palm,Butia,http://en.wikipedia.org/wiki/Butia,http://pl.wikipedia.org/wiki/Butia,Butia,,
303,Jelly palm,Butia capitata,http://en.wikipedia.org/wiki/Butia_capitata,http://pl.wikipedia.org/wiki/Butia_capitata,,,
474,Pigeon pea,Cajanus cajan,http://en.wikipedia.org/wiki/Pigeon_pea,http://pl.wikipedia.org/wiki/Cajanus_cajan,Nikla indyjska,,
484,Marigold,Calendula,http://en.wikipedia.org/wiki/Calendula,http://pl.wikipedia.org/wiki/Nagietek,Nagietek lekarski,,
488,Calendula,Calendula,http://en.wikipedia.org/wiki/Calendula,http://pl.wikipedia.org/wiki/Calendula,Nagietek,,
370,Beautyberry,Callicarpa,http://en.wikipedia.org/wiki/Callicarpa,http://pl.wikipedia.org/wiki/Callicarpa,Pieknotka,,
382,Cape chestnut,Calodendrum capense,http://en.wikipedia.org/wiki/Calodendrum_capense,http://pl.wikipedia.org/wiki/Calodendrum_capense,,,
799,Giant puffball,Calvatia gigantea,http://en.wikipedia.org/wiki/Calvatia_gigantea,http://pl.wikipedia.org/wiki/Czasznica_olbrzymia,Czasznica olbrzymia,,
371,Camellia,Camellia,http://en.wikipedia.org/wiki/Camellia,http://pl.wikipedia.org/wiki/Camellia,Kamelia,,
304,Japanese camellia,Camellia japonica,http://en.wikipedia.org/wiki/Camellia_japonica,http://pl.wikipedia.org/wiki/Camellia_japonica,Kamelia japoska,,
452,Cannabis,Cannabis,http://en.wikipedia.org/wiki/Cannabis,http://pl.wikipedia.org/wiki/Cannabis,Konopie siewne,,
719,Chanterelle,Cantharellus,http://en.wikipedia.org/wiki/Cantharellus,http://pl.wikipedia.org/wiki/Cantharellus,Pieprznik (Kurka),,
790,Yellow chanterelle,Cantharellus cibarius,http://en.wikipedia.org/wiki/Cantharellus_cibarius,http://pl.wikipedia.org/wiki/Pieprznik_jadalny,Pieprznik jadalny,,
791,White chanterelle,Cantharellus subalbidus,http://en.wikipedia.org/wiki/Cantharellus_subalbidus,http://pl.wikipedia.org/wiki/Cantharellus_subalbidus,,,
541,Shepherd's purse,Capsella bursa-pastoris,http://en.wikipedia.org/wiki/Capsella_bursa-pastoris,http://pl.wikipedia.org/wiki/Capsella_bursa_pastoris,Tasznik,,
55,Chili pepper,Capsicum,http://en.wikipedia.org/wiki/Chili_pepper,http://pl.wikipedia.org/wiki/Papryka_chili,Papryka chilli,,
102,Bell pepper,Capsicum annuum,http://en.wikipedia.org/wiki/Bell_pepper,http://pl.wikipedia.org/wiki/Papryka_roczna,Papryka ,,
633,Siberian peashrub,Caragana arborescens,http://en.wikipedia.org/wiki/Caragana_arborescens,http://pl.wikipedia.org/wiki/Caragana_arborescens,Karagana / Grochodrzew syberyjski,,
233,Hairy bittercress,Cardamine hirsuta,http://en.wikipedia.org/wiki/Cardamine_hirsuta,http://pl.wikipedia.org/wiki/Cardamine_hirsuta,Rzeżucha włochata ,,
222,Papaya,Carica papaya,http://en.wikipedia.org/wiki/Carica_papaya,http://pl.wikipedia.org/wiki/Carica_papaya,Papaja,,
829,Carissa,Carissa,http://en.wikipedia.org/wiki/Carissa,http://pl.wikipedia.org/wiki/Carissa,,,
731,Natal plum,Carissa macrocarpa,http://en.wikipedia.org/wiki/Carissa_macrocarpa,http://pl.wikipedia.org/wiki/Carissa_macrocarpa,,,
492,Conkerberry,Carissa spinarum,http://en.wikipedia.org/wiki/Carissa_spinarum,http://pl.wikipedia.org/wiki/Carissa_spinarum,,,
483,Pigface,Carpobrotus,http://en.wikipedia.org/wiki/Carpobrotus,http://pl.wikipedia.org/wiki/Carpobrotus,,,
778,Highway ice plant,Carpobrotus edulis,http://en.wikipedia.org/wiki/Carpobrotus_edulis,http://pl.wikipedia.org/wiki/Carpobrotus_edulis,Figa hotentocka,,
144,Hickory,Carya,http://en.wikipedia.org/wiki/Carya,http://pl.wikipedia.org/wiki/Carya,Orzesznik,,
503,Bitternut hickory,Carya cordiformis,http://en.wikipedia.org/wiki/Carya_cordiformis,http://pl.wikipedia.org/wiki/Carya_cordiformis,Orzesznik gorzki ,,
352,Pignut hickory,Carya glabra,http://en.wikipedia.org/wiki/Carya_glabra,http://pl.wikipedia.org/wiki/Carya_glabra,"Orzesznik nagi, Orzesznik gładki ",,
93,Pecan,Carya illinoinensis,http://en.wikipedia.org/wiki/Carya_illinoinensis,http://pl.wikipedia.org/wiki/Carya_illinoinensis,"Orzesznik jadalny, Orzesznik pekanowy",,
362,Shellbark hickory,Carya laciniosa,http://en.wikipedia.org/wiki/Carya_laciniosa,http://pl.wikipedia.org/wiki/Carya_laciniosa,orzesznik siedmiolistkowy ,,
281,Shagbark hickory,Carya ovata,http://en.wikipedia.org/wiki/Carya_ovata,http://pl.wikipedia.org/wiki/Carya_ovata,orzesznik pięciolistkowy,,
356,Mockernut hickory,Carya tomentosa,http://en.wikipedia.org/wiki/Carya_tomentosa,http://pl.wikipedia.org/wiki/Carya_tomentosa,orzesznik owłosiony,,
95,White sapote,Casimiroa edulis,http://en.wikipedia.org/wiki/Casimiroa_edulis,http://pl.wikipedia.org/wiki/Casimiroa_edulis,Kazimira jadalna,,
70,Chestnut,Castanea,http://en.wikipedia.org/wiki/Castanea_(genus),http://pl.wikipedia.org/wiki/Kasztan,Kasztan,,
414,Japanese chestnut,Castanea crenata,http://en.wikipedia.org/wiki/Castanea_crenata,http://pl.wikipedia.org/wiki/Castanea_crenata,Kasztan japoński,,
343,American chestnut,Castanea dentata,http://en.wikipedia.org/wiki/Castanea_dentata,http://pl.wikipedia.org/wiki/Castanea_dentata,"Kasztan amerykański, Kasztan zębaty",,
155,Chinese chestnut,Castanea mollissima,http://en.wikipedia.org/wiki/Castanea_mollissima,http://pl.wikipedia.org/wiki/Castanea_mollissima,Kasztan chiński,,
345,Dwarf chestnut,Castanea pumila,http://en.wikipedia.org/wiki/Castanea_pumila,http://pl.wikipedia.org/wiki/Castanea_pumila,Kasztan niski,,
363,Sweet chestnut,Castanea sativa,http://en.wikipedia.org/wiki/Castanea_sativa,http://pl.wikipedia.org/wiki/Castanea_sativa,Kasztan jadalny,,
182,Hackberry,Celtis,http://en.wikipedia.org/wiki/Celtis,http://pl.wikipedia.org/wiki/Celtis,"Wiązowiec, Obrostnica",,
305,Mediterranean hackberry,Celtis australis,http://en.wikipedia.org/wiki/Celtis_australis,http://pl.wikipedia.org/wiki/Celtis_australis,Wiązowiec południowy,,
293,Common hackberry,Celtis occidentalis,http://en.wikipedia.org/wiki/Celtis_occidentalis,http://pl.wikipedia.org/wiki/Celtis_occidentalis,Wiązowiec zachodni,,
306,Netleaf hackberry,Celtis reticulata,http://en.wikipedia.org/wiki/Celtis_reticulata,http://pl.wikipedia.org/wiki/Celtis_reticulata,,,
329,Chinese hackberry,Celtis sinensis,http://en.wikipedia.org/wiki/Celtis_sinensis,http://pl.wikipedia.org/wiki/Celtis_sinensis,,,
275,Carob,Ceratonia siliqua,http://en.wikipedia.org/wiki/Ceratonia_siliqua,http://pl.wikipedia.org/wiki/Ceratonia_siliqua,"Drzewo karobowe, Karob, Ceratonia",,
340,Redbud,Cercis,http://en.wikipedia.org/wiki/Cercis,http://pl.wikipedia.org/wiki/Cercis,Judaszowiec,,
138,Eastern redbud,Cercis canadensis,http://en.wikipedia.org/wiki/Cercis_canadensis,http://pl.wikipedia.org/wiki/Cercis_canadensis, Judaszowiec kanadyjski,,
307,Western redbud,Cercis occidentalis,http://en.wikipedia.org/wiki/Cercis_occidentalis,http://pl.wikipedia.org/wiki/Cercis_occidentalis,Judaszowiec zachodni,,
364,Judas tree,Cercis siliquastrum,http://en.wikipedia.org/wiki/Cercis_siliquastrum,http://pl.wikipedia.org/wiki/Cercis_siliquastrum,Judaszowiec południowy,,
704,Japanese quince,Chaenomeles japonica,http://en.wikipedia.org/wiki/Chaenomeles_japonica,http://pl.wikipedia.org/wiki/Chaenomeles_japonica,Pigwowiec japoński,,
378,Dwarf fan palm,Chamaerops humilis,http://en.wikipedia.org/wiki/Chamaerops_humilis,http://pl.wikipedia.org/wiki/Chamaerops_humilis,Karłatka niska,,
188,Pitseed goosefoot,Chenopodium berlandieri,http://en.wikipedia.org/wiki/Chenopodium_berlandieri,http://pl.wikipedia.org/wiki/Chenopodium_berlandieri,Komosa Berlandiera,,
787,Shaggy parasol,Chlorophyllum,http://en.wikipedia.org/wiki/Shaggy_parasol,http://pl.wikipedia.org/wiki/Chlorophyllum,Chlorophyllum?,,
444,Cocoplum,Chrysobalanus icaco,http://en.wikipedia.org/wiki/Chrysobalanus_icaco,http://pl.wikipedia.org/wiki/Chrysobalanus_icaco, Złotośliw?,,
221,Star apple,Chrysophyllum cainito,http://en.wikipedia.org/wiki/Chrysophyllum_cainito,http://pl.wikipedia.org/wiki/Chrysophyllum_cainito,Złotoliść?,,
515,Endive,Cichorium,http://en.wikipedia.org/wiki/Endive,http://pl.wikipedia.org/wiki/Endywia,Endywia,,
697,Common chicory,Cichorium intybus,http://en.wikipedia.org/wiki/Chicory,http://pl.wikipedia.org/wiki/Cichorium_intybus,Cykoria,,
77,Calamondin,Citrofortunella microcarpa,http://en.wikipedia.org/wiki/Citrofortunella_microcarpa,http://pl.wikipedia.org/wiki/Citrofortunella_microcarpa,Kalamondin,,
573,Musk lime,Citrofortunella mitis,http://en.wikipedia.org/wiki/%C3%97_Citrofortunella_mitis,http://pl.wikipedia.org/wiki/Citrofortunella_mitis,,,
720,Watermelon,Citrullus lanatus,http://en.wikipedia.org/wiki/Watermelon,http://pl.wikipedia.org/wiki/Citrullus_lanatus,Arbuz,,
263,Citrus,Citrus,http://en.wikipedia.org/wiki/Citrus,http://pl.wikipedia.org/wiki/Citrus,Cytrus,,
26,Lime,Citrus,http://en.wikipedia.org/wiki/Lime_(fruit),http://pl.wikipedia.org/wiki/Lima_%28ro%C5%9Blina%29,Lima,,
81,Bitter orange,Citrus aurantium,http://en.wikipedia.org/wiki/Citrus_aurantium,http://pl.wikipedia.org/wiki/Citrus_aurantium,Pomarańcza gorzka (Pomarańcza kwaśna),,
831,Kaffir lime,Citrus hystrix,http://en.wikipedia.org/wiki/Kaffir_lime,http://pl.wikipedia.org/wiki/Citrus_hystrix,Papeda,,
19,Kumquat,Citrus japonica,http://en.wikipedia.org/wiki/Citrus_japonica,http://pl.wikipedia.org/wiki/Citrus_japonica,Kumkwat japoński,,
771,Sweet lime,Citrus limetta,http://en.wikipedia.org/wiki/Citrus_limetta,http://pl.wikipedia.org/wiki/Citrus_limetta,"Pomarańcza limeta (Limeta, Limeta kwaśna)",,
4,Lemon,Citrus limon,http://en.wikipedia.org/wiki/Citrus_limon,http://pl.wikipedia.org/wiki/Citrus_limon,Cytryna,,
485,Lemonade tree,Citrus limon x reticulata,,http://pl.wikipedia.org/wiki/Citrus_limon_reticulata,,,
11,Pomelo,Citrus maxima,http://en.wikipedia.org/wiki/Citrus_maxima,http://pl.wikipedia.org/wiki/Citrus_maxima,Pomelo,,
25,Buddha's hand,Citrus medica var. sarcodactyli,http://en.wikipedia.org/wiki/Buddha%27s_hand,,Ręka Buddy,,
5,Grapefruit,Citrus paradisi,http://en.wikipedia.org/wiki/Citrus_paradisi,http://pl.wikipedia.org/wiki/Citrus_paradisi,Grejpfrut,,
23,Mandarin,Citrus reticulata,http://en.wikipedia.org/wiki/Mandarin_orange,http://pl.wikipedia.org/wiki/Citrus_reticulata,Mandarynka,,
308,Key lime,Citrus x aurantifolia,http://en.wikipedia.org/wiki/Citrus_aurantifolia,http://pl.wikipedia.org/wiki/Citrus_aurantifolia,Lima (Liomonka),,
551,Mandarin-lime,Citrus x limonia,http://en.wikipedia.org/wiki/Rangpur_(fruit),http://pl.wikipedia.org/wiki/Citrus_limonia,,,
27,Meyer lemon,Citrus x meyeri,http://en.wikipedia.org/wiki/Citrus_meyeri,http://pl.wikipedia.org/wiki/Citrus_meyeri,Cytryna Meyera,,
3,Orange,Citrus x sinensis,http://en.wikipedia.org/wiki/Citrus_sinensis,http://pl.wikipedia.org/wiki/Citrus_sinensis,Pomarańcza,,
57,Miner's lettuce,Claytonia perfoliata,http://en.wikipedia.org/wiki/Claytonia_perfoliata,http://pl.wikipedia.org/wiki/Claytonia_perfoliata,Klajtonia,,
94,Chaya,Cnidoscolus aconitifolius,http://en.wikipedia.org/wiki/Cnidoscolus_aconitifolius,http://pl.wikipedia.org/wiki/Cnidoscolus_aconitifolius,,,
743,Seagrape,Coccoloba uvifera,http://en.wikipedia.org/wiki/Coccoloba_uvifera,http://pl.wikipedia.org/wiki/Coccoloba_uvifera,Kokkoloba gronowa,,
460,Coconut palm,Cocos nucifera,http://en.wikipedia.org/wiki/Coconut,http://pl.wikipedia.org/wiki/Cocos_nucifera,Palma kokosowa,,
793,Shaggy mane,Coprinus comatus,http://en.wikipedia.org/wiki/Coprinus_comatus,http://pl.wikipedia.org/wiki/Coprinus_comatus,Czernidłak kołpakowaty,,
759,Corchorus,Corchorus,http://en.wikipedia.org/wiki/Corchorus,http://pl.wikipedia.org/wiki/Corchorus,Juta ,,
309,Cabbage tree,Cordyline australis,http://en.wikipedia.org/wiki/Cordyline_australis,http://pl.wikipedia.org/wiki/Cordyline_australis,Kordylina australijska,,
277,Dogwood,Cornus,http://en.wikipedia.org/wiki/Cornus_(genus),http://pl.wikipedia.org/wiki/Cornus,Dereń,,
118,Kousa dogwood,Cornus kousa,http://en.wikipedia.org/wiki/Cornus_kousa,http://pl.wikipedia.org/wiki/Cornus_kousa,Dereń kousa,,
248,Cornelian cherry dogwood,Cornus mas,http://en.wikipedia.org/wiki/Cornus_mas,http://pl.wikipedia.org/wiki/Cornus_mas,"Dereń jadalny, Dereń właściwy",,
134,Red osier dogwood,Cornus sericea,http://en.wikipedia.org/wiki/Cornus_sericea,http://pl.wikipedia.org/wiki/Cornus_sericea,Dereń rozłogowy,,
120,Hazel,Corylus,http://en.wikipedia.org/wiki/Corylus,http://pl.wikipedia.org/wiki/Corylus,Leszczyna,,
294,Common hazel,Corylus avellana,http://en.wikipedia.org/wiki/Corylus_avellana,http://pl.wikipedia.org/wiki/Corylus_avellana,Leszczyna pospolita,,
251,Turkish hazel,Corylus colurna,http://en.wikipedia.org/wiki/Corylus_colurna,http://pl.wikipedia.org/wiki/Corylus_colurna,Leszczyna turecka,,
391,Beaked hazel,Corylus cornuta,http://en.wikipedia.org/wiki/Corylus_cornuta,http://pl.wikipedia.org/wiki/Corylus_cornuta,,,
395,Filbert,Corylus maxima,http://en.wikipedia.org/wiki/Corylus_maxima,http://pl.wikipedia.org/wiki/Corylus_maxima,Leszczyna południowa,,
570,Karaka,Corynocarpus laevigatus,http://en.wikipedia.org/wiki/Karaka_(tree),http://pl.wikipedia.org/wiki/Corynocarpus_laevigatus,Pałężyna ,,
804,Talipot palm,Corypha umbraculifera,http://en.wikipedia.org/wiki/Corypha_umbraculifera,http://pl.wikipedia.org/wiki/Corypha_umbraculifera,Wachlarzowiec właściwy,,
172,Hawthorn,Crataegus,http://en.wikipedia.org/wiki/Crataegus,http://pl.wikipedia.org/wiki/Crataegus,Głóg,,
342,Russian hawthorn,Crataegus ambigua,http://en.wikipedia.org/wiki/Crataegus_ambigua,http://pl.wikipedia.org/wiki/Crataegus_ambigua,,,
350,Grand rapids hawthorn,Crataegus ambitiosa,http://en.wikipedia.org/wiki/Crataegus_ambitiosa,http://pl.wikipedia.org/wiki/Crataegus_ambitiosa,,,
417,Arnold hawthorn,Crataegus arnoldiana,http://en.wikipedia.org/wiki/Crataegus_arnoldiana,http://pl.wikipedia.org/wiki/Crataegus_arnoldiana,,,
718,Azarole hawthorn,Crataegus azarolus,http://en.wikipedia.org/wiki/Crataegus_azarolus,http://pl.wikipedia.org/wiki/Crataegus_azarolus,Głóg włoski ,,
310,Black hawthorn,Crataegus douglasii,http://en.wikipedia.org/wiki/Crataegus_douglasii,http://pl.wikipedia.org/wiki/Crataegus_douglasii,Głóg Douglasa,,
346,Midland hawthorn,Crataegus laevigata,http://en.wikipedia.org/wiki/Crataegus_laevigata,http://pl.wikipedia.org/wiki/Crataegus_laevigata,Głóg dwuszyjkowy,,
365,Lavalle hawthorn,Crataegus lavallei,http://en.wikipedia.org/wiki/Crataegus_lavallei,http://pl.wikipedia.org/wiki/Crataegus_lavallei,,,
774,Tejocote,Crataegus mexicana,http://en.wikipedia.org/wiki/Crataegus_mexicana,http://pl.wikipedia.org/wiki/Crataegus_mexicana,,,
341,Downy hawthorn,Crataegus mollis,http://en.wikipedia.org/wiki/Crataegus_mollis,http://pl.wikipedia.org/wiki/Crataegus_mollis,Głóg miękki,,
399,Common hawthorn,Crataegus monogyna,http://en.wikipedia.org/wiki/Crataegus_monogyna,http://pl.wikipedia.org/wiki/Crataegus_monogyna,Głóg jednoszyjkowy,,
357,Washington hawthorn,Crataegus phaenopyrum,http://en.wikipedia.org/wiki/Crataegus_phaenopyrum,http://pl.wikipedia.org/wiki/Crataegus_phaenopyrum,,,
548,Chinese hawthorn,Crataegus pinnatifida,http://en.wikipedia.org/wiki/Crataegus_pinnatifida,http://pl.wikipedia.org/wiki/Crataegus_pinnatifida,,,
760,Mayhaw,Crataegus series Aestivales,http://en.wikipedia.org/wiki/Mayhaw,,,,
587,Rock samphire,Crithmum maritimum,http://en.wikipedia.org/wiki/Crithmum,http://pl.wikipedia.org/wiki/Crithmum_maritimum,,,
65,Squash,Cucurbita,http://en.wikipedia.org/wiki/Cucurbita,http://pl.wikipedia.org/wiki/Kabaczek,Kabaczek,,
67,Pumpkin,Cucurbita,http://en.wikipedia.org/wiki/Cucurbita,http://pl.wikipedia.org/wiki/Dynia_zwyczajna,Dynia,,
475,Spaghetti squash,Cucurbita pepo,http://en.wikipedia.org/wiki/Spaghetti_squash,,,,
850,Zucchini,Cucurbita pepo,http://en.wikipedia.org/wiki/Zucchini,,Cukinia,,
69,Quince,Cydonia oblonga,http://en.wikipedia.org/wiki/Cydonia_oblonga,http://pl.wikipedia.org/wiki/Cydonia_oblonga,,,
461,Lemongrass,Cymbopogon,http://en.wikipedia.org/wiki/Cymbopogon,http://pl.wikipedia.org/wiki/Cymbopogon,,,
765,Palmarosa,Cymbopogon martinii,http://en.wikipedia.org/wiki/Cymbopogon_martinii,http://pl.wikipedia.org/wiki/Cymbopogon_martinii,,,
85,Globe artichoke,Cynara cardunculus var. scolymus,http://en.wikipedia.org/wiki/Artichoke,,,,
526,Wild carrot,Daucus carota,http://en.wikipedia.org/wiki/Daucus_carota,http://pl.wikipedia.org/wiki/Daucus_carota,Dziki marchew,,
513,Flax lily,Dianella,http://en.wikipedia.org/wiki/Dianella_(genus),http://pl.wikipedia.org/wiki/Dianella,,,
133,Gasplant,Dictamnus albus,http://en.wikipedia.org/wiki/Dictamnus,http://pl.wikipedia.org/wiki/Dictamnus_albus,,,
828,Longan,Dimocarpus longan,http://en.wikipedia.org/wiki/Longan,http://pl.wikipedia.org/wiki/Dimocarpus_longan,,,
447,Yam,Dioscorea,http://en.wikipedia.org/wiki/Yam_(vegetable),,,,
12,Persimmon,Diospyros,http://en.wikipedia.org/wiki/Persimmon,http://pl.wikipedia.org/wiki/Diospyros,,,
462,Chocolate persimmon,Diospyros digyna,http://en.wikipedia.org/wiki/Diospyros_digyna,http://pl.wikipedia.org/wiki/Diospyros_digyna,,,
280,Japanese persimmon,Diospyros kaki,http://en.wikipedia.org/wiki/Diospyros_kaki,http://pl.wikipedia.org/wiki/Diospyros_kaki,,,
400,Date-plum,Diospyros lotus,http://en.wikipedia.org/wiki/Diospyros_lotus,http://pl.wikipedia.org/wiki/Diospyros_lotus,,,
246,American persimmon,Diospyros virginiana,http://en.wikipedia.org/wiki/Diospyros_virginiana,http://pl.wikipedia.org/wiki/Diospyros_virginiana,,,
600,Wild rocket,Diplotaxis tenuifolia,http://en.wikipedia.org/wiki/Diplotaxis_tenuifolia,http://pl.wikipedia.org/wiki/Diplotaxis_tenuifolia,,,
832,Kei apple,Dovyalis caffra,http://en.wikipedia.org/wiki/Dovyalis_caffra,http://pl.wikipedia.org/wiki/Dovyalis_caffra,,,
522,Durian,Durio,http://en.wikipedia.org/wiki/Durian,http://pl.wikipedia.org/wiki/Durio,,,
773,Epazote,Dysphania ambrosioides,http://en.wikipedia.org/wiki/Dysphania_ambrosioides,http://pl.wikipedia.org/wiki/Dysphania_ambrosioides,,,
201,Echinacea,Echinacea,http://en.wikipedia.org/wiki/Echinacea,http://pl.wikipedia.org/wiki/Echinacea,,,
609,Silverberry,Elaeagnus,http://en.wikipedia.org/wiki/Elaeagnus,http://pl.wikipedia.org/wiki/Elaeagnus,,,
242,Russian-olive,Elaeagnus angustifolia,http://en.wikipedia.org/wiki/Elaeagnus_angustifolia,http://pl.wikipedia.org/wiki/Elaeagnus_angustifolia,,,
358,Autumn-olive,Elaeagnus umbellata,http://en.wikipedia.org/wiki/Elaeagnus_umbellata,http://pl.wikipedia.org/wiki/Elaeagnus_umbellata,,,
830,Blue quandong,Elaeocarpus angustifolius,http://en.wikipedia.org/wiki/Elaeocarpus_angustifolius,http://pl.wikipedia.org/wiki/Elaeocarpus_angustifolius,,,
18,Loquat,Eriobotrya japonica,http://en.wikipedia.org/wiki/Eriobotrya_japonica,http://pl.wikipedia.org/wiki/Eriobotrya_japonica,,,
553,Golden yarrow,Eriophyllum confertiflorum,http://en.wikipedia.org/wiki/Eriophyllum_confertiflorum,http://pl.wikipedia.org/wiki/Eriophyllum_confertiflorum,,,
8,Eucalyptus,Eucalyptus,http://en.wikipedia.org/wiki/Eucalyptus,http://pl.wikipedia.org/wiki/Eucalyptus,,,
311,Cider gum,Eucalyptus gunnii,http://en.wikipedia.org/wiki/Eucalyptus_gunnii,http://pl.wikipedia.org/wiki/Eucalyptus_gunnii,,,
575,Manna gum,Eucalyptus viminalis,http://en.wikipedia.org/wiki/Eucalyptus_viminalis,http://pl.wikipedia.org/wiki/Eucalyptus_viminalis,,,
451,Surinam cherry,Eugenia uniflora,http://en.wikipedia.org/wiki/Eugenia_uniflora,http://pl.wikipedia.org/wiki/Eugenia_uniflora,,,
725,Ax§ax­ palm,Euterpe oleracea,http://en.wikipedia.org/wiki/A%C3%A7a%C3%AD_palm,http://pl.wikipedia.org/wiki/Euterpe_oleracea,,,
580,Beech,Fagus,http://en.wikipedia.org/wiki/Beech,http://pl.wikipedia.org/wiki/Fagus,,,
710,American beech,Fagus grandifolia,http://en.wikipedia.org/wiki/Fagus_grandifolia,http://pl.wikipedia.org/wiki/Fagus_grandifolia,,,
241,European beech,Fagus sylvatica,http://en.wikipedia.org/wiki/Fagus_sylvatica,http://pl.wikipedia.org/wiki/Fagus_sylvatica,,,
170,Japanese knotweed,Fallopia japonica,http://en.wikipedia.org/wiki/Fallopia_japonica,http://pl.wikipedia.org/wiki/Fallopia_japonica,Rdestowiec ostrokończysty,,
445,Fig,Ficus,http://en.wikipedia.org/wiki/Ficus,http://pl.wikipedia.org/wiki/Ficus,,,
20,Common fig,Ficus carica,http://en.wikipedia.org/wiki/Ficus_carica,http://pl.wikipedia.org/wiki/Ficus_carica,,,
469,Governor's plum,Flacourtia indica,http://en.wikipedia.org/wiki/Flacourtia_indica,http://pl.wikipedia.org/wiki/Flacourtia_indica,,,
63,Fennel,Foeniculum vulgare,http://en.wikipedia.org/wiki/Foeniculum_vulgare,http://pl.wikipedia.org/wiki/Foeniculum_vulgare,,,
105,Strawberry,Fragaria,http://en.wikipedia.org/wiki/Fragaria,http://pl.wikipedia.org/wiki/Fragaria,Poziomka,,
359,Manna ash,Fraxinus ornus,http://en.wikipedia.org/wiki/Fraxinus_ornus,http://pl.wikipedia.org/wiki/Fraxinus_ornus,,,
109,Cleavers,Galium aparine,http://en.wikipedia.org/wiki/Galium_aparine,http://pl.wikipedia.org/wiki/Galium_aparine,Przytulia czepna,,
217,Salal,Gaultheria shallon,http://en.wikipedia.org/wiki/Gaultheria_shallon,http://pl.wikipedia.org/wiki/Gaultheria_shallon,,,
146,Ginkgo,Ginkgo biloba,http://en.wikipedia.org/wiki/Ginkgo_biloba,http://pl.wikipedia.org/wiki/Ginkgo_biloba,Miłorząb,,
528,Ground ivy,Glechoma hederacea,http://en.wikipedia.org/wiki/Glechoma_hederacea,http://pl.wikipedia.org/wiki/Glechoma_hederacea,Bluszczyk kurdybanek,,
252,Honey locust,Gleditsia triacanthos,http://en.wikipedia.org/wiki/Gleditsia_triacanthos,http://pl.wikipedia.org/wiki/Gleditsia_triacanthos,,,
789,Spike-cap,Gomphidius,http://en.wikipedia.org/wiki/Gomphidius,http://pl.wikipedia.org/wiki/Gomphidius,,,
754,Hen-of-the-woods,Grifola frondosa,http://en.wikipedia.org/wiki/Grifola_frondosa,http://pl.wikipedia.org/wiki/Grifola_frondosa,,,
218,Kentucky coffeetree,Gymnocladus dioicus,http://en.wikipedia.org/wiki/Gymnocladus_dioicus,http://pl.wikipedia.org/wiki/Gymnocladus_dioicus,,,
137,Witch-hazel,Hamamelis,http://en.wikipedia.org/wiki/Hamamelis,http://pl.wikipedia.org/wiki/Hamamelis,,,
756,Mangaba,Hancornia speciosa,http://en.wikipedia.org/wiki/Hancornia_speciosa,http://pl.wikipedia.org/wiki/Hancornia_speciosa,,,
381,Kaffir plum,Harpephyllum caffrum,,http://pl.wikipedia.org/wiki/Harpephyllum_caffrum,,,
187,Sunflower,Helianthus annuus,http://en.wikipedia.org/wiki/Helianthus_annuus,http://pl.wikipedia.org/wiki/Helianthus_annuus,Słonecznik,,
209,Jerusalem artichoke,Helianthus tuberosus,http://en.wikipedia.org/wiki/Helianthus_tuberosus,http://pl.wikipedia.org/wiki/Helianthus_tuberosus,,,
127,Daylily,Hemerocallis,http://en.wikipedia.org/wiki/Hemerocallis,http://pl.wikipedia.org/wiki/Hemerocallis,,,
769,Toyon,Heteromeles arbutifolia,http://en.wikipedia.org/wiki/Heteromeles,http://pl.wikipedia.org/wiki/Heteromeles_arbutifolia,,,
312,Rose of sharon,Hibiscus syriacus,http://en.wikipedia.org/wiki/Hibiscus_syriacus,http://pl.wikipedia.org/wiki/Hibiscus_syriacus,,,
214,Sea hibiscus,Hibiscus tiliaceus,http://en.wikipedia.org/wiki/Hibiscus_tiliaceus,http://pl.wikipedia.org/wiki/Hibiscus_tiliaceus,,,
545,Sea-buckthorn,Hippophae,http://en.wikipedia.org/wiki/Hippophae,http://pl.wikipedia.org/wiki/Hippophae,Rokitnik,,
610,Common sea-buckthorn,Hippophae rhamnoides,http://en.wikipedia.org/wiki/Hippophae_rhamnoides,http://pl.wikipedia.org/wiki/Hippophae_rhamnoides,,,
549,Oriental raisin tree,Hovenia dulcis,http://en.wikipedia.org/wiki/Hovenia_dulcis,http://pl.wikipedia.org/wiki/Hovenia_dulcis,,,
185,Hop,Humulus lupulus,http://en.wikipedia.org/wiki/Hops,http://pl.wikipedia.org/wiki/Humulus_lupulus,Chmiel,,
563,St John's wort,Hypericum perforatum,http://en.wikipedia.org/wiki/St_John's_wort,http://pl.wikipedia.org/wiki/Hypericum_perforatum,Dziurawiec,,
664,Holly,Ilex,http://en.wikipedia.org/wiki/Holly,http://pl.wikipedia.org/wiki/Ilex,,,
500,Yaupon holly,Ilex vomitoria,http://en.wikipedia.org/wiki/Yaupon_holly,http://pl.wikipedia.org/wiki/Ilex_vomitoria,,,
465,Pacay,Inga feuilleei,http://en.wikipedia.org/wiki/Inga_feuilleei,http://pl.wikipedia.org/wiki/Inga_feuilleei,,,
471,Sweet potato,Ipomoea batatas,http://en.wikipedia.org/wiki/Sweet_potato,http://pl.wikipedia.org/wiki/Ipomoea_batatas,,,
73,Walnut,Juglans,http://en.wikipedia.org/wiki/Juglans,http://pl.wikipedia.org/wiki/Juglans,Orzech,,
413,Japanese walnut,Juglans ailantifolia,http://en.wikipedia.org/wiki/Juglans_ailantifolia,http://pl.wikipedia.org/wiki/Juglans_ailantifolia,,,
297,Southern california walnut,Juglans californica,http://en.wikipedia.org/wiki/Juglans_californica,http://pl.wikipedia.org/wiki/Juglans_californica,,,
180,Butternut,Juglans cinerea,http://en.wikipedia.org/wiki/Juglans_cinerea,http://pl.wikipedia.org/wiki/Juglans_cinerea,,,
376,Northern california walnut,Juglans hindsii,http://en.wikipedia.org/wiki/Juglans_hindsii,http://pl.wikipedia.org/wiki/Juglans_hindsii,,,
330,Arizona black walnut,Juglans major,http://en.wikipedia.org/wiki/Juglans_major,http://pl.wikipedia.org/wiki/Juglans_major,,,
111,Black walnut,Juglans nigra,http://en.wikipedia.org/wiki/Juglans_nigra,http://pl.wikipedia.org/wiki/Juglans_nigra,Orzech czarny,,
112,Persian walnut,Juglans regia,http://en.wikipedia.org/wiki/Juglans_regia,http://pl.wikipedia.org/wiki/Juglans_regia,Orzech włoski,,
227,Juniper,Juniperus,http://en.wikipedia.org/wiki/Juniperus,http://pl.wikipedia.org/wiki/Juniperus,Jałowiec,,
313,California juniper,Juniperus californica,http://en.wikipedia.org/wiki/Juniperus_californica,http://pl.wikipedia.org/wiki/Juniperus_californica,,,
401,Common juniper,Juniperus communis,http://en.wikipedia.org/wiki/Juniperus_communis,http://pl.wikipedia.org/wiki/Juniperus_communis,Jałowiec pospolity,,
392,Rocky mountain juniper,Juniperus scopulorum,http://en.wikipedia.org/wiki/Juniperus_scopulorum,http://pl.wikipedia.org/wiki/Juniperus_scopulorum,,,
283,Eastern red-cedar,Juniperus virginiana,http://en.wikipedia.org/wiki/Juniperus_virginiana,http://pl.wikipedia.org/wiki/Juniperus_virginiana,,,
788,Saffron milk cap,Lactarius deliciosus,http://en.wikipedia.org/wiki/Lactarius_deliciosus,http://pl.wikipedia.org/wiki/Lactarius_deliciosus,,,
749,Hygrophorus milky,Lactarius hygrophoroides,http://en.wikipedia.org/wiki/Lactarius_hygrophoroides,http://pl.wikipedia.org/wiki/Lactarius_hygrophoroides,,,
552,Lettuce,Lactuca sativa,http://en.wikipedia.org/wiki/Lettuce,http://pl.wikipedia.org/wiki/Lactuca_sativa,Sałata,,
430,Prickly lettuce,Lactuca serriola,http://en.wikipedia.org/wiki/Lactuca_serriola,http://pl.wikipedia.org/wiki/Lactuca_serriola,,,
781,Chicken-of-the-woods,Laetiporus sulphureus,http://en.wikipedia.org/wiki/Laetiporus_sulphureus,http://pl.wikipedia.org/wiki/Laetiporus_sulphureus,,,
602,Deadnettle,Lamium,http://en.wikipedia.org/wiki/Lamium,http://pl.wikipedia.org/wiki/Lamium,Jasnota,,
531,White deadnettle,Lamium album,http://en.wikipedia.org/wiki/Lamium_album,http://pl.wikipedia.org/wiki/Lamium_album,Jasnota biała,,
159,Henbit,Lamium amplexicaule,http://en.wikipedia.org/wiki/Lamium_amplexicaule,http://pl.wikipedia.org/wiki/Lamium_amplexicaule,,,
525,Purple deadnettle,Lamium purpureum,http://en.wikipedia.org/wiki/Lamium_purpureum,http://pl.wikipedia.org/wiki/Lamium_purpureum,Jasnota purpurowa,,
177,Toothwort,Lathraea,http://en.wikipedia.org/wiki/Lathraea,http://pl.wikipedia.org/wiki/Lathraea,,,
770,Perennial sweet pea,Lathyrus latifolius,http://en.wikipedia.org/wiki/Lathyrus_latifolius,http://pl.wikipedia.org/wiki/Lathyrus_latifolius,,,
438,Sweet pea,Lathyrus odoratus,http://en.wikipedia.org/wiki/Lathyrus_odoratus,http://pl.wikipedia.org/wiki/Lathyrus_odoratus,,,
268,Bay laurel,Laurus nobilis,http://en.wikipedia.org/wiki/Laurus_nobilis,http://pl.wikipedia.org/wiki/Laurus_nobilis,,,
17,Lavender,Lavandula,http://en.wikipedia.org/wiki/Lavandula,http://pl.wikipedia.org/wiki/Lavandula,Lawenda,,
792,Birch bolete,Leccinum scabrum,http://en.wikipedia.org/wiki/Leccinum_scabrum,http://pl.wikipedia.org/wiki/Leccinum_scabrum,,,
386,Lemon-scented teatree,Leptospermum petersonii,http://en.wikipedia.org/wiki/Leptospermum_petersonii,http://pl.wikipedia.org/wiki/Leptospermum_petersonii,,,
387,Teatree,Leptospermum scoparium,http://en.wikipedia.org/wiki/Leptospermum_scoparium,http://pl.wikipedia.org/wiki/Leptospermum_scoparium,,,
148,Spicebush,Lindera,http://en.wikipedia.org/wiki/Lindera,http://pl.wikipedia.org/wiki/Lindera,,,
498,Sweetgum,Liquidambar,http://en.wikipedia.org/wiki/Liquidambar,http://pl.wikipedia.org/wiki/Liquidambar,,,
536,Lychee,Litchi chinensis,http://en.wikipedia.org/wiki/Lychee,http://pl.wikipedia.org/wiki/Litchi_chinensis,,,
594,Ryegrass,Lolium,http://en.wikipedia.org/wiki/Ryegrass,http://pl.wikipedia.org/wiki/Lolium,Rajgras,,
360,Honeysuckle,Lonicera,http://en.wikipedia.org/wiki/Lonicera,http://pl.wikipedia.org/wiki/Lonicera,,,
597,Smallflower bird's-foot trefoil,Lotus parviflorus,,http://pl.wikipedia.org/wiki/Lotus_parviflorus,,,
604,Goji,Lycium,http://en.wikipedia.org/wiki/Goji,http://pl.wikipedia.org/wiki/Lycium,,,
383,Macadamia,Macadamia,http://en.wikipedia.org/wiki/Macadamia,http://pl.wikipedia.org/wiki/Macadamia,,,
145,Osage-orange,Maclura pomifera,http://en.wikipedia.org/wiki/Maclura_pomifera,http://pl.wikipedia.org/wiki/Maclura_pomifera,,,
796,Parasol mushroom,Macrolepiota procera,http://en.wikipedia.org/wiki/Macrolepiota_procera,http://pl.wikipedia.org/wiki/Macrolepiota_procera,,,
595,Mahonia species,Mahonia,http://en.wikipedia.org/wiki/Mahonia,http://pl.wikipedia.org/wiki/Mahonia,,,
197,Oregon-grape,Mahonia aquifolium,http://en.wikipedia.org/wiki/Mahonia_aquifolium,http://pl.wikipedia.org/wiki/Mahonia_aquifolium,,,
700,Agarita,Mahonia trifoliolata,http://en.wikipedia.org/wiki/Mahonia_trifoliolata,http://pl.wikipedia.org/wiki/Mahonia_trifoliolata,,,
114,Crabapple,Malus,http://en.wikipedia.org/wiki/Malus,http://pl.wikipedia.org/wiki/Jab%C5%82o%C5%84,Jabłoń,,
351,Siberian crabapple,Malus baccata,http://en.wikipedia.org/wiki/Malus_baccata,http://pl.wikipedia.org/wiki/Malus_baccata,,,
402,Sweet crabapple,Malus coronaria,http://en.wikipedia.org/wiki/Malus_coronaria,http://pl.wikipedia.org/wiki/Malus_coronaria,,,
14,Apple,Malus domestica,http://en.wikipedia.org/wiki/Malus_domestica,http://pl.wikipedia.org/wiki/Malus_domestica,Jabłoń domowa,,
270,Japanese flowering crabapple,Malus floribunda,http://en.wikipedia.org/wiki/Malus_floribunda,http://pl.wikipedia.org/wiki/Malus_floribunda,,,
403,Oregon crabapple,Malus fusca,http://en.wikipedia.org/wiki/Malus_fusca,http://pl.wikipedia.org/wiki/Malus_fusca,,,
416,Tea crabapple,Malus hupehensis,http://en.wikipedia.org/wiki/Malus_hupehensis,http://pl.wikipedia.org/wiki/Malus_hupehensis,,,
314,Prairie crabapple,Malus ioensis,http://en.wikipedia.org/wiki/Malus_ioensis,http://pl.wikipedia.org/wiki/Malus_ioensis,,,
404,Sargent crabapple,Malus sargentii,http://en.wikipedia.org/wiki/Malus_sargentii,http://pl.wikipedia.org/wiki/Malus_sargentii,,,
331,European crabapple,Malus sylvestris,http://en.wikipedia.org/wiki/Malus_sylvestris,http://pl.wikipedia.org/wiki/Malus_sylvestris,Jabłoń dzika,,
394,Cut-leaf crabapple,Malus transitoria,http://en.wikipedia.org/wiki/Malus_transitoria,http://pl.wikipedia.org/wiki/Malus_transitoria,,,
361,Pillar crabapple,Malus tschonoskii,http://en.wikipedia.org/wiki/Malus_tschonoskii,http://pl.wikipedia.org/wiki/Malus_tschonoskii,,,
554,Mallow,Malva,http://en.wikipedia.org/wiki/Malva,http://pl.wikipedia.org/wiki/Malva,,,
418,Mango,Mangifera indica,http://en.wikipedia.org/wiki/Mangifera_indica,http://pl.wikipedia.org/wiki/Mangifera_indica,,,
523,Cassava,Manihot esculenta,http://en.wikipedia.org/wiki/Cassava,http://pl.wikipedia.org/wiki/Manihot_esculenta,,,
708,Sapodilla,Manilkara zapota,http://en.wikipedia.org/wiki/Manilkara_zapota,http://pl.wikipedia.org/wiki/Manilkara_zapota,,,
801,Scotch bonnet,Marasmius oreades,http://en.wikipedia.org/wiki/Marasmius_oreades,http://pl.wikipedia.org/wiki/Marasmius_oreades,,,
567,White horehound,Marrubium vulgare,http://en.wikipedia.org/wiki/Marrubium_vulgare,http://pl.wikipedia.org/wiki/Marrubium_vulgare,,,
539,Disc mayweed,Matricaria discoidea,http://en.wikipedia.org/wiki/Matricaria_discoidea,http://pl.wikipedia.org/wiki/Matricaria_discoidea,,,
746,Ostrich fern,Matteuccia struthiopteris,http://en.wikipedia.org/wiki/Matteuccia_struthiopteris,http://pl.wikipedia.org/wiki/Matteuccia_struthiopteris,,,
703,Buriti,Mauritia flexuosa,http://en.wikipedia.org/wiki/Mauritia_flexuosa,http://pl.wikipedia.org/wiki/Mauritia_flexuosa,,,
206,Lemon balm,Melissa officinalis,http://en.wikipedia.org/wiki/Melissa_officinalis,http://pl.wikipedia.org/wiki/Melissa_officinalis,,,
99,Mint,Mentha,http://en.wikipedia.org/wiki/Mentha,http://pl.wikipedia.org/wiki/Mentha,Mięta,,
586,Water mint,Mentha aquatica,http://en.wikipedia.org/wiki/Mentha_aquatica,http://pl.wikipedia.org/wiki/Mentha_aquatica,Mięta nadwodna,,
204,Spearmint,Mentha spicata,http://en.wikipedia.org/wiki/Mentha_spicata,http://pl.wikipedia.org/wiki/Mentha_spicata,Mięta zielona,,
228,Medlar,Mespilus,http://en.wikipedia.org/wiki/Mespilus,http://pl.wikipedia.org/wiki/Mespilus,,,
405,Common medlar,Mespilus germanica,http://en.wikipedia.org/wiki/Mespilus_germanica,http://pl.wikipedia.org/wiki/Mespilus_germanica,,,
476,Fruit salad plant,Monstera deliciosa,http://en.wikipedia.org/wiki/Monstera_deliciosa,http://pl.wikipedia.org/wiki/Monstera_deliciosa,,,
779,Black morel,Morchella,http://en.wikipedia.org/wiki/Black_morel,,,,
702,Noni,Morinda citrifolia,http://en.wikipedia.org/wiki/Morinda_citrifolia,http://pl.wikipedia.org/wiki/Morinda_citrifolia,,,
693,Malunggay,Moringa oleifera,http://en.wikipedia.org/wiki/Moringa_oleifera,http://pl.wikipedia.org/wiki/Moringa_oleifera,,,
92,Mulberry,Morus,http://en.wikipedia.org/wiki/Morus_(plant),http://pl.wikipedia.org/wiki/Morus,Morwa,,
97,White mulberry,Morus alba,http://en.wikipedia.org/wiki/Morus_alba,http://pl.wikipedia.org/wiki/Morus_alba,Morwa biała,,
96,Black mulberry,Morus nigra,http://en.wikipedia.org/wiki/Morus_nigra,http://pl.wikipedia.org/wiki/Morus_nigra,Morwa czarna,,
173,Red mulberry,Morus rubra,http://en.wikipedia.org/wiki/Morus_rubra,http://pl.wikipedia.org/wiki/Morus_rubra,Morwa czerwona,,
711,Aratilis,Muntingia calabura,http://en.wikipedia.org/wiki/Muntingia,http://pl.wikipedia.org/wiki/Muntingia_calabura,,,
466,Curry tree,Murraya koenigii,http://en.wikipedia.org/wiki/Curry_tree,http://pl.wikipedia.org/wiki/Murraya_koenigii,,,
75,Banana,Musa,http://en.wikipedia.org/wiki/Banana,,Banan,,
160,Plantain,Musa,http://en.wikipedia.org/wiki/Plantains,,,,
132,Northern bayberry,Myrica pensylvanica,http://en.wikipedia.org/wiki/Myrica_pensylvanica,http://pl.wikipedia.org/wiki/Myrica_pensylvanica,,,
332,Common myrtle,Myrtus communis,http://en.wikipedia.org/wiki/Myrtus_communis,http://pl.wikipedia.org/wiki/Myrtus_communis,,,
564,Watercress,Nasturtium officinale,http://en.wikipedia.org/wiki/Watercress,http://pl.wikipedia.org/wiki/Nasturtium_officinale,,,
189,American lotus,Nelumbo lutea,http://en.wikipedia.org/wiki/Nelumbo_lutea,http://pl.wikipedia.org/wiki/Nelumbo_lutea,,,
158,Catnip,Nepeta cataria,http://en.wikipedia.org/wiki/Nepeta_cataria,http://pl.wikipedia.org/wiki/Nepeta_cataria,,,
521,Rambutan,Nephelium lappaceum,http://en.wikipedia.org/wiki/Rambutan,http://pl.wikipedia.org/wiki/Nephelium_lappaceum,,,
266,Black tupelo,Nyssa sylvatica,http://en.wikipedia.org/wiki/Nyssa_sylvatica,http://pl.wikipedia.org/wiki/Nyssa_sylvatica,,,
696,Basil,Ocimum,http://en.wikipedia.org/wiki/Basil,http://pl.wikipedia.org/wiki/Bazylia,Bazylia,,
231,Indian plum,Oemleria cerasiformis,http://en.wikipedia.org/wiki/Oemleria_cerasiformis,http://pl.wikipedia.org/wiki/Oemleria_cerasiformis,,,
167,Evening primrose,Oenothera,http://en.wikipedia.org/wiki/Oenothera,http://pl.wikipedia.org/wiki/Oenothera,,,
59,Olive,Olea europaea,http://en.wikipedia.org/wiki/Olea_europaea,http://pl.wikipedia.org/wiki/Olea_europaea,Oliwka europejska,,
56,Prickly pear,Opuntia,http://en.wikipedia.org/wiki/Opuntia,http://pl.wikipedia.org/wiki/Opuntia,,,
516,Marjoram,Origanum majorana,http://en.wikipedia.org/wiki/Marjoram,http://pl.wikipedia.org/wiki/Origanum_majorana,Majeranek ogrodowy,,
193,Oregano,Origanum vulgare,http://en.wikipedia.org/wiki/Origanum_vulgare,http://pl.wikipedia.org/wiki/Origanum_vulgare,Oregano,,
366,Sweet osmanthus,Osmanthus fragrans,http://en.wikipedia.org/wiki/Osmanthus_fragrans,http://pl.wikipedia.org/wiki/Osmanthus_fragrans,,,
100,Wood sorrel,Oxalis,http://en.wikipedia.org/wiki/Oxalis,http://pl.wikipedia.org/wiki/Oxalis,,,
502,Sourwood,Oxydendrum arboreum,http://en.wikipedia.org/wiki/Oxydendrum,http://pl.wikipedia.org/wiki/Oxydendrum_arboreum,,,
463,Pumpo,Pachira aquatica,http://en.wikipedia.org/wiki/Pachira_aquatica,http://pl.wikipedia.org/wiki/Pachira_aquatica,,,
806,Mexican palo verde,Parkinsonia aculeata,http://en.wikipedia.org/wiki/Parkinsonia_aculeata,http://pl.wikipedia.org/wiki/Parkinsonia_aculeata,,,
78,Passionfruit,Passiflora edulis,http://en.wikipedia.org/wiki/Passiflora_edulis,http://pl.wikipedia.org/wiki/Passiflora_edulis,,,
190,Maypop,Passiflora incarnata,http://en.wikipedia.org/wiki/Passiflora_incarnata,http://pl.wikipedia.org/wiki/Passiflora_incarnata,,,
761,Rose geranium,Pelargonium graveolens,http://en.wikipedia.org/wiki/Pelargonium_graveolens,http://pl.wikipedia.org/wiki/Pelargonium_graveolens,,,
7,Avocado,Persea americana,http://en.wikipedia.org/wiki/Persea_americana,http://pl.wikipedia.org/wiki/Persea_americana,,,
532,Water pepper,Persicaria hydropiper,http://en.wikipedia.org/wiki/Persicaria_hydropiper,http://pl.wikipedia.org/wiki/Persicaria_hydropiper,,,
457,Garden parsley,Petroselinum crispum,http://en.wikipedia.org/wiki/Petroselinum_crispum,http://pl.wikipedia.org/wiki/Petroselinum_crispum,,,
64,Green bean,Phaseolus vulgaris,http://en.wikipedia.org/wiki/Green_bean,http://pl.wikipedia.org/wiki/Phaseolus_vulgaris,,,
315,Date palm,Phoenix dactylifera,http://en.wikipedia.org/wiki/Phoenix_dactylifera,http://pl.wikipedia.org/wiki/Phoenix_dactylifera,,,
166,Pokeweed,Phytolacca,http://en.wikipedia.org/wiki/Phytolacca,http://pl.wikipedia.org/wiki/Phytolacca,,,
501,White pine,Pinus,http://en.wikipedia.org/wiki/White_pine,,,,
198,Pinyon pine,Pinus,http://en.wikipedia.org/wiki/Pinyon_pine,,,,
569,Pine,Pinus,http://en.wikipedia.org/wiki/Pine,http://pl.wikipedia.org/wiki/Pinus,,,
347,Lacebark pine,Pinus bungeana,http://en.wikipedia.org/wiki/Pinus_bungeana,http://pl.wikipedia.org/wiki/Pinus_bungeana,,,
338,Swiss pine,Pinus cembra,http://en.wikipedia.org/wiki/Pinus_cembra,http://pl.wikipedia.org/wiki/Pinus_cembra,,,
316,Mexican pinyon,Pinus cembroides,http://en.wikipedia.org/wiki/Pinus_cembroides,http://pl.wikipedia.org/wiki/Pinus_cembroides,,,
317,Coulter pine,Pinus coulteri,http://en.wikipedia.org/wiki/Pinus_coulteri,http://pl.wikipedia.org/wiki/Pinus_coulteri,,,
238,Colorado pinyon,Pinus edulis,http://en.wikipedia.org/wiki/Pinus_edulis,http://pl.wikipedia.org/wiki/Pinus_edulis,,,
139,Limber pine,Pinus flexilis,http://en.wikipedia.org/wiki/Pinus_flexilis,http://pl.wikipedia.org/wiki/Pinus_flexilis,,,
240,Jeffrey pine,Pinus jeffreyi,http://en.wikipedia.org/wiki/Pinus_jeffreyi,http://pl.wikipedia.org/wiki/Pinus_jeffreyi,,,
348,Korean pine,Pinus koraiensis,http://en.wikipedia.org/wiki/Pinus_koraiensis,http://pl.wikipedia.org/wiki/Pinus_koraiensis,,,
367,Single-leaf pinyon,Pinus monophylla,http://en.wikipedia.org/wiki/Pinus_monophylla,http://pl.wikipedia.org/wiki/Pinus_monophylla,,,
295,Japanese white pine,Pinus parviflora,http://en.wikipedia.org/wiki/Pinus_parviflora,http://pl.wikipedia.org/wiki/Pinus_parviflora,,,
269,Stone pine,Pinus pinea,http://en.wikipedia.org/wiki/Pinus_pinea,http://pl.wikipedia.org/wiki/Pinus_pinea,,,
768,Ponderosa pine,Pinus ponderosa,http://en.wikipedia.org/wiki/Pinus_ponderosa,http://pl.wikipedia.org/wiki/Pinus_ponderosa,,,
368,Gray pine,Pinus sabiniana,http://en.wikipedia.org/wiki/Pinus_sabiniana,http://pl.wikipedia.org/wiki/Pinus_sabiniana,,,
282,Eastern white pine,Pinus strobus,http://en.wikipedia.org/wiki/Pinus_strobus,http://pl.wikipedia.org/wiki/Pinus_strobus,,,
318,Torrey pine,Pinus torreyana,http://en.wikipedia.org/wiki/Pinus_torreyana,http://pl.wikipedia.org/wiki/Pinus_torreyana,,,
379,Mount atlas pistache,Pistacia atlantica,http://en.wikipedia.org/wiki/Pistacia_atlantica,http://pl.wikipedia.org/wiki/Pistacia_atlantica,,,
71,Pistachio,Pistacia vera,http://en.wikipedia.org/wiki/Pistacia_vera,http://pl.wikipedia.org/wiki/Pistacia_vera,,,
776,Madras thorn,Pithecellobium dulce,http://en.wikipedia.org/wiki/Pithecellobium_dulce,http://pl.wikipedia.org/wiki/Pithecellobium_dulce,,,
535,Plantain (plant),Plantago,http://en.wikipedia.org/wiki/Plantago,http://pl.wikipedia.org/wiki/Plantago,,,
538,English plantain,Plantago lanceolata,http://en.wikipedia.org/wiki/Plantago_lanceolata,http://pl.wikipedia.org/wiki/Plantago_lanceolata,,,
598,Common plantain,Plantago major,http://en.wikipedia.org/wiki/Plantago_major,http://pl.wikipedia.org/wiki/Plantago_major,,,
782,Oyster mushroom,Pleurotus,http://en.wikipedia.org/wiki/Pleurotus,http://pl.wikipedia.org/wiki/Pleurotus,,,
780,Pearl oyster mushroom,Pleurotus ostreatus,http://en.wikipedia.org/wiki/Pleurotus_ostreatus,http://pl.wikipedia.org/wiki/Pleurotus_ostreatus,,,
334,Plum-pine,Podocarpus,http://en.wikipedia.org/wiki/Podocarpus,http://pl.wikipedia.org/wiki/Podocarpus,,,
333,Yew plum-pine,Podocarpus macrophyllus,http://en.wikipedia.org/wiki/Podocarpus_macrophyllus,http://pl.wikipedia.org/wiki/Podocarpus_macrophyllus,,,
692,Mayapple,Podophyllum peltatum,http://en.wikipedia.org/wiki/Podophyllum_peltatum,http://pl.wikipedia.org/wiki/Podophyllum_peltatum,,,
631,Trifoliate orange,Poncirus trifoliata,http://en.wikipedia.org/wiki/Trifoliate_orange,http://pl.wikipedia.org/wiki/Poncirus_trifoliata,,,
766,Black poplar,Populus nigra,http://en.wikipedia.org/wiki/Populus_nigra,http://pl.wikipedia.org/wiki/Populus_nigra,,,
236,Common purslane,Portulaca oleracea,http://en.wikipedia.org/wiki/Portulaca_oleracea,http://pl.wikipedia.org/wiki/Portulaca_oleracea,,,
51,Lucuma,Pouteria lucuma,http://en.wikipedia.org/wiki/Pouteria_lucuma,http://pl.wikipedia.org/wiki/Pouteria_lucuma,,,
807,Mesquite,Prosopis,http://en.wikipedia.org/wiki/Mesquite,http://pl.wikipedia.org/wiki/Prosopis,,,
62,Cherry,Prunus,http://en.wikipedia.org/wiki/Cherry,,,,
285,Stone fruit,Prunus,http://en.wikipedia.org/wiki/Prunus,,Pestkowiec,,
1,Plum,Prunus,http://en.wikipedia.org/wiki/Plum,http://pl.wikipedia.org/wiki/Prunus,Śliwa,,
284,American plum,Prunus americana,http://en.wikipedia.org/wiki/Prunus_americana,http://pl.wikipedia.org/wiki/Prunus_americana,,,
68,Almond,Prunus amygdalus,http://en.wikipedia.org/wiki/Prunus_amygdalus,http://pl.wikipedia.org/wiki/Prunus_amygdalus,,,
723,Chickasaw plum,Prunus angustifolia,http://en.wikipedia.org/wiki/Prunus_angustifolia,http://pl.wikipedia.org/wiki/Prunus_angustifolia,,,
79,Apricot,Prunus armeniaca,http://en.wikipedia.org/wiki/Prunus_armeniaca,http://pl.wikipedia.org/wiki/Prunus_armeniaca,Morela,,
296,Sweet cherry,Prunus avium,http://en.wikipedia.org/wiki/Prunus_avium,http://pl.wikipedia.org/wiki/Prunus_avium,Czereśnia,,
113,Cherry plum,Prunus cerasifera,http://en.wikipedia.org/wiki/Prunus_cerasifera,http://pl.wikipedia.org/wiki/Prunus_cerasifera,Śliwa wiśniowa,,
121,Sour cherry,Prunus cerasus,http://en.wikipedia.org/wiki/Prunus_cerasus,http://pl.wikipedia.org/wiki/Prunus_cerasus,Wiśnia,,
441,European plum,Prunus domestica,http://en.wikipedia.org/wiki/Prunus_domestica,http://pl.wikipedia.org/wiki/Prunus_domestica,Śliwa domowa,,
748,Greengage plum,Prunus domestica subsp. italica var. claudiana,http://en.wikipedia.org/wiki/Greengage,,,,
691,Mirabelle plum,Prunus domestica subsp. syriaca,http://en.wikipedia.org/wiki/Mirabelle_plum,http://pl.wikipedia.org/wiki/%C5%9Aliwa_mirabelka,Śliwa mirabelka,,
744,Damson plum,Prunus domestica var. insititia,http://en.wikipedia.org/wiki/Damson,,,,
319,Hollyleaf cherry,Prunus ilicifolia,http://en.wikipedia.org/wiki/Prunus_ilicifolia,http://pl.wikipedia.org/wiki/Prunus_ilicifolia,,,
578,Catalina cherry,Prunus ilicifolia lyonii,http://en.wikipedia.org/wiki/Prunus_ilicifolia,http://pl.wikipedia.org/wiki/Prunus_ilicifolia_lyonii,,,
349,Fuji cherry,Prunus incisa,http://en.wikipedia.org/wiki/Prunus_incisa,http://pl.wikipedia.org/wiki/Prunus_incisa,,,
237,Mahaleb cherry,Prunus mahaleb,http://en.wikipedia.org/wiki/Prunus_mahaleb,http://pl.wikipedia.org/wiki/Prunus_mahaleb,,,
698,Beach plum,Prunus maritima,http://en.wikipedia.org/wiki/Prunus_maritima,http://pl.wikipedia.org/wiki/Prunus_maritima,,,
443,Mexican plum,Prunus mexicana,http://en.wikipedia.org/wiki/Prunus_mexicana,http://pl.wikipedia.org/wiki/Prunus_mexicana,,,
373,Japanese apricot,Prunus mume,http://en.wikipedia.org/wiki/Prunus_mume,http://pl.wikipedia.org/wiki/Prunus_mume,,,
504,Wild goose plum,Prunus munsoniana,,http://pl.wikipedia.org/wiki/Prunus_munsoniana,,,
339,Canada plum,Prunus nigra,http://en.wikipedia.org/wiki/Prunus_nigra,http://pl.wikipedia.org/wiki/Prunus_nigra,,,
154,European bird cherry,Prunus padus,http://en.wikipedia.org/wiki/Prunus_padus,http://pl.wikipedia.org/wiki/Czeremcha_(ro%C5%9Blina),Czeremcha,,
412,Pin cherry,Prunus pensylvanica,http://en.wikipedia.org/wiki/Prunus_pensylvanica,http://pl.wikipedia.org/wiki/Prunus_pensylvanica,,,
52,Peach,Prunus persica,http://en.wikipedia.org/wiki/Prunus_persica,http://pl.wikipedia.org/wiki/Prunus_persica,Brzoskwinia,,
54,Nectarine,Prunus persica var. nucipersica,http://en.wikipedia.org/wiki/Nectarine#Nectarines,http://pl.wikipedia.org/wiki/Nektarynka,Nektarynka,,
220,Sand cherry,Prunus pumila,http://en.wikipedia.org/wiki/Prunus_pumila,http://pl.wikipedia.org/wiki/Prunus_pumila,,,
406,Japanese plum,Prunus salicina,http://en.wikipedia.org/wiki/Prunus_salicina,http://pl.wikipedia.org/wiki/Prunus_salicina,,,
636,Sargent cherry,Prunus sargentii,http://en.wikipedia.org/wiki/Prunus_sargentii,http://pl.wikipedia.org/wiki/Prunus_sargentii,,,
168,Black cherry,Prunus serotina,http://en.wikipedia.org/wiki/Prunus_serotina,http://pl.wikipedia.org/wiki/Prunus_serotina,,,
388,Blackthorn,Prunus spinosa,http://en.wikipedia.org/wiki/Prunus_spinosa,http://pl.wikipedia.org/wiki/Prunus_spinosa,Śliwa tarnina,,
407,Klamath plum,Prunus subcordata,http://en.wikipedia.org/wiki/Prunus_subcordata,http://pl.wikipedia.org/wiki/Prunus_subcordata,,,
372,Higan cherry,Prunus subhirtella,http://en.wikipedia.org/wiki/Prunus_subhirtella,http://pl.wikipedia.org/wiki/Prunus_subhirtella,,,
442,Hog plum,Prunus umbellata,,http://pl.wikipedia.org/wiki/Prunus_umbellata,,,
186,Chokecherry,Prunus virginiana,http://en.wikipedia.org/wiki/Prunus_virginiana,http://pl.wikipedia.org/wiki/Prunus_virginiana,,,
408,Chinese quince,Pseudocydonia sinensis,http://en.wikipedia.org/wiki/Pseudocydonia_sinensis,http://pl.wikipedia.org/wiki/Pseudocydonia_sinensis,,,
76,Guava,Psidium,http://en.wikipedia.org/wiki/Psidium,http://pl.wikipedia.org/wiki/Psidium,,,
58,Strawberry guava,Psidium cattleianum,http://en.wikipedia.org/wiki/Psidium_cattleianum,http://pl.wikipedia.org/wiki/Psidium_cattleianum,,,
458,Common guava,Psidium guajava,http://en.wikipedia.org/wiki/Psidium_guajava,http://pl.wikipedia.org/wiki/Psidium_guajava,,,
747,Bracken fern,Pteridium,http://en.wikipedia.org/wiki/Bracken,http://pl.wikipedia.org/wiki/Pteridium,,,
103,Kudzu,Pueraria lobata,http://en.wikipedia.org/wiki/Pueraria_lobata,http://pl.wikipedia.org/wiki/Pueraria_lobata,,,
13,Pomegranate,Punica granatum,http://en.wikipedia.org/wiki/Punica_granatum,http://pl.wikipedia.org/wiki/Punica_granatum,,,
588,Firethorn,Pyracantha,http://en.wikipedia.org/wiki/Pyracantha,http://pl.wikipedia.org/wiki/Pyracantha,,,
733,Scarlet firethorn,Pyracantha coccinea,http://en.wikipedia.org/wiki/Pyracantha_coccinea,http://pl.wikipedia.org/wiki/Pyracantha_coccinea,,,
15,Pear,Pyrus,http://en.wikipedia.org/wiki/Pyrus,http://pl.wikipedia.org/wiki/Pyrus,,,
286,European pear,Pyrus communis,http://en.wikipedia.org/wiki/Pyrus_communis,http://pl.wikipedia.org/wiki/Pyrus_communis,,,
632,European wild pear,Pyrus pyraster,http://en.wikipedia.org/wiki/Pyrus_pyraster,http://pl.wikipedia.org/wiki/Pyrus_pyraster,,,
124,Asian pear,Pyrus pyrifolia,http://en.wikipedia.org/wiki/Pyrus_pyrifolia,http://pl.wikipedia.org/wiki/Pyrus_pyrifolia,,,
72,Oak,Quercus,http://en.wikipedia.org/wiki/Quercus,http://pl.wikipedia.org/wiki/Quercus,,,
808,Coast live oak,Quercus agrifolia,http://en.wikipedia.org/wiki/Quercus_agrifolia,http://pl.wikipedia.org/wiki/Quercus_agrifolia,,,
142,White oak,Quercus alba,http://en.wikipedia.org/wiki/Quercus_alba,http://pl.wikipedia.org/wiki/Quercus_alba,,,
288,Swamp white oak,Quercus bicolor,http://en.wikipedia.org/wiki/Quercus_bicolor,http://pl.wikipedia.org/wiki/Quercus_bicolor,,,
245,Turkey oak,Quercus cerris,http://en.wikipedia.org/wiki/Quercus_cerris,http://pl.wikipedia.org/wiki/Quercus_cerris,,,
274,Holm oak,Quercus ilex,http://en.wikipedia.org/wiki/Quercus_ilex,http://pl.wikipedia.org/wiki/Quercus_ilex,,,
559,Overcup oak,Quercus lyrata,http://en.wikipedia.org/wiki/Quercus_lyrata,http://pl.wikipedia.org/wiki/Quercus_lyrata,,,
179,Bur oak,Quercus macrocarpa,http://en.wikipedia.org/wiki/Quercus_macrocarpa,http://pl.wikipedia.org/wiki/Quercus_macrocarpa,,,
247,Chinkapin oak,Quercus muehlenbergii,http://en.wikipedia.org/wiki/Quercus_muehlenbergii,http://pl.wikipedia.org/wiki/Quercus_muehlenbergii,,,
287,Chestnut oak,Quercus prinus,http://en.wikipedia.org/wiki/Quercus_prinus,http://pl.wikipedia.org/wiki/Quercus_prinus,,,
249,English oak,Quercus robur,http://en.wikipedia.org/wiki/Quercus_robur,http://pl.wikipedia.org/wiki/Quercus_robur,,,
135,Northern red oak,Quercus rubra,http://en.wikipedia.org/wiki/Quercus_rubra,http://pl.wikipedia.org/wiki/Quercus_rubra,,,
129,Cork oak,Quercus suber,http://en.wikipedia.org/wiki/Quercus_suber,http://pl.wikipedia.org/wiki/Quercus_suber,,,
849,Radish,Raphanus sativus,http://en.wikipedia.org/wiki/Radish,http://pl.wikipedia.org/wiki/Raphanus_sativus,,,
24,Rhubarb,Rheum rhabarbarum,http://en.wikipedia.org/wiki/Rheum_rhabarbarum,http://pl.wikipedia.org/wiki/Rheum_rhabarbarum,,,
117,Sumac,Rhus,http://en.wikipedia.org/wiki/Rhus,http://pl.wikipedia.org/wiki/Rhus,,,
140,Fragrant sumac,Rhus aromatica,http://en.wikipedia.org/wiki/Rhus_aromatica,http://pl.wikipedia.org/wiki/Rhus_aromatica,,,
409,Smooth sumac,Rhus glabra,http://en.wikipedia.org/wiki/Rhus_glabra,http://pl.wikipedia.org/wiki/Rhus_glabra,,,
321,Sugar sumac,Rhus ovata,http://en.wikipedia.org/wiki/Rhus_ovata,http://pl.wikipedia.org/wiki/Rhus_ovata,,,
191,Staghorn sumac,Rhus typhina,http://en.wikipedia.org/wiki/Rhus_typhina,http://pl.wikipedia.org/wiki/Rhus_typhina,,,
106,Currant,Ribes,http://en.wikipedia.org/wiki/Ribes,http://pl.wikipedia.org/wiki/Ribes,,,
649,Jostaberry,Ribes x nidigrolaria,http://en.wikipedia.org/wiki/Jostaberry,http://pl.wikipedia.org/wiki/Ribes_nidigrolaria,,,
107,Golden currant,Ribes aureum,http://en.wikipedia.org/wiki/Ribes_aureum,http://pl.wikipedia.org/wiki/Ribes_aureum,,,
630,Blackcurrant,Ribes nigrum,http://en.wikipedia.org/wiki/Blackcurrant,http://pl.wikipedia.org/wiki/Ribes_nigrum,,,
432,Redcurrant,Ribes rubrum,http://en.wikipedia.org/wiki/Ribes_rubrum,http://pl.wikipedia.org/wiki/Ribes_rubrum,,,
650,Whitecurrant,Ribes rubrum,http://en.wikipedia.org/wiki/White_currant,http://pl.wikipedia.org/wiki/Ribes_rubrum,,,
126,Gooseberry,Ribes uva-crispa,http://en.wikipedia.org/wiki/Ribes_uva-crispa,http://pl.wikipedia.org/wiki/Ribes_uva-crispa,,,
755,Sticky currant,Ribes viscosissimum,http://en.wikipedia.org/wiki/Ribes_viscosissimum,http://pl.wikipedia.org/wiki/Ribes_viscosissimum,,,
110,Black locust,Robinia pseudoacacia,http://en.wikipedia.org/wiki/Robinia_pseudoacacia,http://pl.wikipedia.org/wiki/Robinia_pseudoacacia,,,
82,Rose,Rosa,http://en.wikipedia.org/wiki/Rose,http://pl.wikipedia.org/wiki/Rosa,,,
520,Dog rose,Rosa canina,http://en.wikipedia.org/wiki/Dog_rose,http://pl.wikipedia.org/wiki/Rosa_canina,,,
547,Sweetbriar rose,Rosa rubiginosa,http://en.wikipedia.org/wiki/Rosa_rubiginosa,http://pl.wikipedia.org/wiki/Rosa_rubiginosa,,,
757,Rugosa rose,Rosa rugosa,http://en.wikipedia.org/wiki/Rosa_rugosa,http://pl.wikipedia.org/wiki/Rosa_rugosa,,,
10,Rosemary,Rosmarinus officinalis,http://en.wikipedia.org/wiki/Rosmarinus_officinalis,http://pl.wikipedia.org/wiki/Rosmarinus_officinalis,,,
48,Blackberry,Rubus,http://en.wikipedia.org/wiki/Blackberry,,,,
98,Dewberry,Rubus,http://en.wikipedia.org/wiki/Dewberry,,,,
122,Raspberry,Rubus,http://en.wikipedia.org/wiki/Raspberry,,,,
123,Black raspberry,Rubus,http://en.wikipedia.org/wiki/Black_raspberry,,,,
566,Loganberry,Rubus x loganobaccus,http://en.wikipedia.org/wiki/Loganberry,http://pl.wikipedia.org/wiki/Rubus_loganobaccus,,,
420,Cloudberry,Rubus chamaemorus,http://en.wikipedia.org/wiki/Rubus_chamaemorus,http://pl.wikipedia.org/wiki/Rubus_chamaemorus,,,
196,Thimbleberry,Rubus parviflorus,http://en.wikipedia.org/wiki/Rubus_parviflorus,http://pl.wikipedia.org/wiki/Rubus_parviflorus,,,
701,Wine raspberry,Rubus phoenicolasius,http://en.wikipedia.org/wiki/Rubus_phoenicolasius,http://pl.wikipedia.org/wiki/Rubus_phoenicolasius,,,
230,Salmonberry,Rubus spectabilis,http://en.wikipedia.org/wiki/Rubus_spectabilis,http://pl.wikipedia.org/wiki/Rubus_spectabilis,,,
210,Dock,Rumex,http://en.wikipedia.org/wiki/Rumex,http://pl.wikipedia.org/wiki/Rumex,,,
437,Common sorrel,Rumex acetosa,http://en.wikipedia.org/wiki/Rumex_acetosa,http://pl.wikipedia.org/wiki/Rumex_acetosa,,,
171,Curly dock,Rumex crispus,http://en.wikipedia.org/wiki/Rumex_crispus,http://pl.wikipedia.org/wiki/Rumex_crispus,,,
809,Mexican palmetto,Sabal mexicana,http://en.wikipedia.org/wiki/Sabal_mexicana,http://pl.wikipedia.org/wiki/Sabal_mexicana,,,
125,Arrowhead,Sagittaria,http://en.wikipedia.org/wiki/Sagittaria,http://pl.wikipedia.org/wiki/Sagittaria,,,
706,Broadleaf arrowhead,Sagittaria latifolia,http://en.wikipedia.org/wiki/Sagittaria_latifolia,http://pl.wikipedia.org/wiki/Sagittaria_latifolia,,,
213,Black willow,Salix nigra,http://en.wikipedia.org/wiki/Salix_nigra,http://pl.wikipedia.org/wiki/Salix_nigra,,,
9,Sage,Salvia,http://en.wikipedia.org/wiki/Salvia,http://pl.wikipedia.org/wiki/Salvia,,,
777,White sage,Salvia apiana,http://en.wikipedia.org/wiki/Salvia_apiana,http://pl.wikipedia.org/wiki/Salvia_apiana,,,
74,Elderberry,Sambucus,http://en.wikipedia.org/wiki/Sambucus,http://pl.wikipedia.org/wiki/Sambucus,,,
433,Blue elderberry,Sambucus cerulea,http://en.wikipedia.org/wiki/Sambucus_cerulea,http://pl.wikipedia.org/wiki/Sambucus_cerulea,,,
322,Black elderberry,Sambucus nigra,http://en.wikipedia.org/wiki/Sambucus_nigra,http://pl.wikipedia.org/wiki/Sambucus_nigra,,,
514,Desert quandong,Santalum acuminatum,http://en.wikipedia.org/wiki/Santalum_acuminatum,http://pl.wikipedia.org/wiki/Santalum_acuminatum,,,
212,Soapberry,Sapindus,http://en.wikipedia.org/wiki/Sapindus,http://pl.wikipedia.org/wiki/Sapindus,,,
147,Sassafras,Sassafras albidum,http://en.wikipedia.org/wiki/Sassafras_albidum,http://pl.wikipedia.org/wiki/Sassafras_albidum,,,
762,Satureja species,Satureja,http://en.wikipedia.org/wiki/Satureja,http://pl.wikipedia.org/wiki/Satureja,,,
421,Summer savory,Satureja hortensis,http://en.wikipedia.org/wiki/Satureja_hortensis,http://pl.wikipedia.org/wiki/Satureja_hortensis,,,
335,Peruvian pepper,Schinus molle,http://en.wikipedia.org/wiki/Schinus_molle,http://pl.wikipedia.org/wiki/Schinus_molle,,,
262,Brazilian pepper,Schinus terebinthifolius,http://en.wikipedia.org/wiki/Schinus_terebinthifolius,http://pl.wikipedia.org/wiki/Schinus_terebinthifolius,,,
427,Eastern gray squirrel,Sciurus carolinensis,http://en.wikipedia.org/wiki/Sciurus_carolinensis,http://pl.wikipedia.org/wiki/Sciurus_carolinensis,,,
518,Chayote,Sechium edule,http://en.wikipedia.org/wiki/Chayote,http://pl.wikipedia.org/wiki/Sechium_edule,,,
540,Wallpepper,Sedum acre,http://en.wikipedia.org/wiki/Sedum_acre,http://pl.wikipedia.org/wiki/Sedum_acre,,,
695,White mustard,Sinapis alba,http://en.wikipedia.org/wiki/White_mustard,http://pl.wikipedia.org/wiki/Sinapis_alba,,,
601,London rocket,Sisymbrium irio,http://en.wikipedia.org/wiki/Sisymbrium_irio,http://pl.wikipedia.org/wiki/Sisymbrium_irio,,,
591,Hedge mustard,Sisymbrium officinale,http://en.wikipedia.org/wiki/Sisymbrium_officinale,http://pl.wikipedia.org/wiki/Sisymbrium_officinale,,,
614,Alexanders,Smyrnium olusatrum,http://en.wikipedia.org/wiki/Smyrnium_olusatrum,http://pl.wikipedia.org/wiki/Smyrnium_olusatrum,,,
470,Tamarillo,Solanum betaceum,http://en.wikipedia.org/wiki/Tamarillo,http://pl.wikipedia.org/wiki/Solanum_betaceum,,,
61,Tomato,Solanum lycopersicum,http://en.wikipedia.org/wiki/Solanum_lycopersicum,http://pl.wikipedia.org/wiki/Solanum_lycopersicum,,,
732,Eggplant,Solanum melongena,http://en.wikipedia.org/wiki/Eggplant,http://pl.wikipedia.org/wiki/Solanum_melongena,,,
638,Potato,Solanum tuberosum,http://en.wikipedia.org/wiki/Potato,http://pl.wikipedia.org/wiki/Solanum_tuberosum,,,
683,Rowan,Sorbus,http://en.wikipedia.org/wiki/Rowan,http://pl.wikipedia.org/wiki/Sorbus,,,
410,Common whitebeam,Sorbus aria,http://en.wikipedia.org/wiki/Sorbus_aria,http://pl.wikipedia.org/wiki/Sorbus_aria,,,
278,European rowan,Sorbus aucuparia,http://en.wikipedia.org/wiki/Sorbus_aucuparia,http://pl.wikipedia.org/wiki/Sorbus_aucuparia,,,
411,True service tree,Sorbus domestica,http://en.wikipedia.org/wiki/Sorbus_domestica,http://pl.wikipedia.org/wiki/Sorbus_domestica,,,
590,Swedish whitebeam,Sorbus intermedia,http://en.wikipedia.org/wiki/Sorbus_%C3%97_intermedia,http://pl.wikipedia.org/wiki/Sorbus_intermedia,,,
736,Mombin,Spondias,http://en.wikipedia.org/wiki/Spondias,http://pl.wikipedia.org/wiki/Spondias,,,
740,Yellow mombin,Spondias mombin,http://en.wikipedia.org/wiki/Spondias_mombin,http://pl.wikipedia.org/wiki/Spondias_mombin,,,
555,Lamb's ear,Stachys byzantina,http://en.wikipedia.org/wiki/Stachys_byzantina,http://pl.wikipedia.org/wiki/Stachys_byzantina,,,
229,Common chickweed,Stellaria media,http://en.wikipedia.org/wiki/Stellaria_media,http://pl.wikipedia.org/wiki/Stellaria_media,,,
817,Sterculia species,Sterculia,http://en.wikipedia.org/wiki/Sterculia,http://pl.wikipedia.org/wiki/Sterculia,,,
786,Slippery jack,Suillus luteus,http://en.wikipedia.org/wiki/Suillus_luteus,http://pl.wikipedia.org/wiki/Suillus_luteus,,,
273,Queen palm,Syagrus romanzoffiana,http://en.wikipedia.org/wiki/Syagrus_romanzoffiana,http://pl.wikipedia.org/wiki/Syagrus_romanzoffiana,,,
473,Comfrey,Symphytum,http://en.wikipedia.org/wiki/Symphytum,http://pl.wikipedia.org/wiki/Symphytum,,,
380,Lilly pilly,Syzygium,http://en.wikipedia.org/wiki/Syzygium,http://pl.wikipedia.org/wiki/Syzygium,,,
454,Jambul,Syzygium cumini,http://en.wikipedia.org/wiki/Jambul,http://pl.wikipedia.org/wiki/Syzygium_cumini,,,
265,Magenta lilly pilly,Syzygium paniculatum,http://en.wikipedia.org/wiki/Syzygium_paniculatum,http://pl.wikipedia.org/wiki/Syzygium_paniculatum,,,
834,Wax apple,Syzygium samarangense,http://en.wikipedia.org/wiki/Syzygium_samarangense,http://pl.wikipedia.org/wiki/Syzygium_samarangense,,,
453,Tamarind,Tamarindus indica,http://en.wikipedia.org/wiki/Tamarind,http://pl.wikipedia.org/wiki/Tamarindus_indica,,,
565,Feverfew,Tanacetum parthenium,http://en.wikipedia.org/wiki/Feverfew,http://pl.wikipedia.org/wiki/Tanacetum_parthenium,,,
543,Common tansy,Tanacetum vulgare,http://en.wikipedia.org/wiki/Tanacetum_vulgare,http://pl.wikipedia.org/wiki/Tanacetum_vulgare,,,
90,Dandelion,Taraxacum,http://en.wikipedia.org/wiki/Taraxacum,http://pl.wikipedia.org/wiki/Taraxacum,,,
726,Cupuax§u,Theobroma grandiflorum,http://en.wikipedia.org/wiki/Cupua%C3%A7u,http://pl.wikipedia.org/wiki/Theobroma_grandiflorum,,,
192,Thyme,Thymus,http://en.wikipedia.org/wiki/Thymus_(genus),http://pl.wikipedia.org/wiki/Thymus,,,
764,Silverleafed princess flower,Tibouchina heteromalla,http://en.wikipedia.org/wiki/Tibouchina_heteromalla,http://pl.wikipedia.org/wiki/Tibouchina_heteromalla,,,
163,Linden,Tilia,http://en.wikipedia.org/wiki/Tilia,http://pl.wikipedia.org/wiki/Tilia,,,
143,American linden,Tilia americana,http://en.wikipedia.org/wiki/Tilia_americana,http://pl.wikipedia.org/wiki/Tilia_americana,,,
253,Small-leaved linden,Tilia cordata,http://en.wikipedia.org/wiki/Tilia_cordata,http://pl.wikipedia.org/wiki/Tilia_cordata,,,
369,Large-leaved linden,Tilia platyphyllos,http://en.wikipedia.org/wiki/Tilia_platyphyllos,http://pl.wikipedia.org/wiki/Tilia_platyphyllos,,,
239,Silver linden,Tilia tomentosa,http://en.wikipedia.org/wiki/Tilia_tomentosa,http://pl.wikipedia.org/wiki/Tilia_tomentosa,,,
243,European linden,Tilia x europaea,http://en.wikipedia.org/wiki/Tilia_europaea,http://pl.wikipedia.org/wiki/Tilia_europaea,,,
244,Chinese toon,Toona sinensis,http://en.wikipedia.org/wiki/Toona_sinensis,http://pl.wikipedia.org/wiki/Toona_sinensis,,,
374,California nutmeg,Torreya californica,http://en.wikipedia.org/wiki/Torreya_californica,http://pl.wikipedia.org/wiki/Torreya_californica,,,
722,Common salsify,Tragopogon porrifolius,http://en.wikipedia.org/wiki/Tragopogon_porrifolius,http://pl.wikipedia.org/wiki/Tragopogon_porrifolius,,,
596,Clover,Trifolium,http://en.wikipedia.org/wiki/Clover,,,,
728,Red clover,Trifolium pratense,http://en.wikipedia.org/wiki/Trifolium_pratense,http://pl.wikipedia.org/wiki/Trifolium_pratense,,,
727,White clover,Trifolium repens,http://en.wikipedia.org/wiki/Trifolium_repens,http://pl.wikipedia.org/wiki/Trifolium_repens,,,
66,Nasturtium,Tropaeolum,http://en.wikipedia.org/wiki/Tropaeolum,http://pl.wikipedia.org/wiki/Tropaeolum,,,
108,Cattail,Typha,http://en.wikipedia.org/wiki/Typha,http://pl.wikipedia.org/wiki/Typha,,,
589,Gorse,Ulex,http://en.wikipedia.org/wiki/Ulex,http://pl.wikipedia.org/wiki/Ulex,,,
164,Elm,Ulmus,http://en.wikipedia.org/wiki/Ulmus,http://pl.wikipedia.org/wiki/Ulmus,,,
279,California laurel,Umbellularia californica,http://en.wikipedia.org/wiki/Umbellularia_californica,http://pl.wikipedia.org/wiki/Umbellularia_californica,,,
149,Nettle,Urtica,http://en.wikipedia.org/wiki/Urtica,http://pl.wikipedia.org/wiki/Urtica,,,
232,Stinging nettle,Urtica dioica,http://en.wikipedia.org/wiki/Urtica_dioica,http://pl.wikipedia.org/wiki/Urtica_dioica,,,
88,Blueberry,Vaccinium,http://en.wikipedia.org/wiki/Blueberry,,,,
223,Cranberry,Vaccinium,http://en.wikipedia.org/wiki/Cranberry,,,,
613,Whortleberry,Vaccinium,http://en.wikipedia.org/wiki/Whortleberry,,,,
558,Darrow's blueberry,Vaccinium darrowii,http://en.wikipedia.org/wiki/Vaccinium_darrowii,http://pl.wikipedia.org/wiki/Vaccinium_darrowii,,,
529,Common bilberry,Vaccinium myrtillus,http://en.wikipedia.org/wiki/Vaccinium_myrtillus,http://pl.wikipedia.org/wiki/Vaccinium_myrtillus,,,
713,Red huckleberry,Vaccinium parvifolium,http://en.wikipedia.org/wiki/Vaccinium_parvifolium,http://pl.wikipedia.org/wiki/Vaccinium_parvifolium,,,
425,Lingonberry,Vaccinium vitis-idaea,http://en.wikipedia.org/wiki/Vaccinium_vitis-idaea,http://pl.wikipedia.org/wiki/Vaccinium_vitis-idaea,,,
415,Nannyberry,Viburnum lentago,http://en.wikipedia.org/wiki/Viburnum_lentago,http://pl.wikipedia.org/wiki/Viburnum_lentago,,,
607,Guelder rose,Viburnum opulus,http://en.wikipedia.org/wiki/Viburnum_opulus,http://pl.wikipedia.org/wiki/Viburnum_opulus,,,
355,Black haw,Viburnum prunifolium,http://en.wikipedia.org/wiki/Viburnum_prunifolium,http://pl.wikipedia.org/wiki/Viburnum_prunifolium,,,
176,American cranberrybush,Viburnum trilobum,http://en.wikipedia.org/wiki/Viburnum_trilobum,http://pl.wikipedia.org/wiki/Viburnum_trilobum,,,
506,Fava bean,Vicia faba,http://en.wikipedia.org/wiki/Vicia_faba,http://pl.wikipedia.org/wiki/Vicia_faba,,,
456,Mung bean,Vigna radiata,http://en.wikipedia.org/wiki/Vigna_radiata,http://pl.wikipedia.org/wiki/Vigna_radiata,,,
424,Violet,Viola,http://en.wikipedia.org/wiki/Viola_(plant),http://pl.wikipedia.org/wiki/Viola,,,
336,Chaste tree,Vitex agnus-castus,http://en.wikipedia.org/wiki/Vitex_agnus-castus,http://pl.wikipedia.org/wiki/Vitex_agnus-castus,,,
16,Grape,Vitis,http://en.wikipedia.org/wiki/Vitis,http://pl.wikipedia.org/wiki/Vitis,,,
128,Fox grape,Vitis labrusca,http://en.wikipedia.org/wiki/Vitis_labrusca,http://pl.wikipedia.org/wiki/Vitis_labrusca,,,
753,Concord grape,Vitis labrusca 'Concord',http://en.wikipedia.org/wiki/Concord_(grape),,,,
705,Mustang grape,Vitis mustangensis,http://en.wikipedia.org/wiki/Vitis_mustangensis,http://pl.wikipedia.org/wiki/Vitis_mustangensis,,,
101,Muscadine,Vitis rotundifolia,http://en.wikipedia.org/wiki/Vitis_rotundifolia,http://pl.wikipedia.org/wiki/Vitis_rotundifolia,,,
629,Common grape,Vitis vinifera,https://en.wikipedia.org/wiki/Vitis_vinifera,http://pl.wikipedia.org/wiki/Vitis_vinifera,,,
324,Desert fan palm,Washingtonia filifera,http://en.wikipedia.org/wiki/Washingtonia_filifera,http://pl.wikipedia.org/wiki/Washingtonia_filifera,,,
325,Mexican fan palm,Washingtonia robusta,http://en.wikipedia.org/wiki/Washingtonia_robusta,http://pl.wikipedia.org/wiki/Washingtonia_robusta,,,
550,Yellowhorn,Xanthoceras sorbifolium,http://en.wikipedia.org/wiki/Xanthoceras,http://pl.wikipedia.org/wiki/Xanthoceras_sorbifolium,,,
741,Yucca,Yucca,http://en.wikipedia.org/wiki/Yucca,http://pl.wikipedia.org/wiki/Yucca,,,
375,Faxon yucca,Yucca faxoniana,http://en.wikipedia.org/wiki/Yucca_faxoniana,http://pl.wikipedia.org/wiki/Yucca_faxoniana,,,
385,Spineless yucca,Yucca gigantea,http://en.wikipedia.org/wiki/Yucca_gigantea,http://pl.wikipedia.org/wiki/Yucca_gigantea,,,
393,Moundlily yucca,Yucca gloriosa,http://en.wikipedia.org/wiki/Yucca_gloriosa,http://pl.wikipedia.org/wiki/Yucca_gloriosa,,,
577,Curve-leaf yucca,Yucca recurvifolia,http://en.wikipedia.org/wiki/Curve-leaf_yucca,http://pl.wikipedia.org/wiki/Yucca_recurvifolia,,,
645,Corn,Zea mays,http://en.wikipedia.org/wiki/Maize,http://pl.wikipedia.org/wiki/Zea_mays,,,
104,Jujube,Ziziphus jujuba,http://en.wikipedia.org/wiki/Ziziphus_jujuba,http://pl.wikipedia.org/wiki/Ziziphus_jujuba,,,
86,Community garden,,http://en.wikipedia.org/wiki/Community_garden,,,,
195,Huckleberry,,http://en.wikipedia.org/wiki/Huckleberry,,,,
205,Chamomile,,http://en.wikipedia.org/wiki/Chamomile,,,,
450,Community nursery,,http://en.wikipedia.org/wiki/Community_gardening,,,,
517,Vegetable,,http://en.wikipedia.org/wiki/Vegetable,,Warzywo,,
482,Monkey fruit,,http://en.wikipedia.org/wiki/Monkey_fruit,,,,
508,Urban farm,,http://en.wikipedia.org/wiki/Urban_farm,,,,
2,Dumpster,,http://en.wikipedia.org/wiki/Garbage_picking,,,,
533,Water well,,http://en.wikipedia.org/wiki/Water_well,,Studnia,,
534,Fish,,http://en.wikipedia.org/wiki/Fish,,Ryba,,
426,Herb,,http://en.wikipedia.org/wiki/Herb,,,,
161,Bamboo,,http://en.wikipedia.org/wiki/Bamboo,,,,
211,Beehive,,http://en.wikipedia.org/wiki/Beehive,,Ul,,
234,Fruit tree,,http://en.wikipedia.org/wiki/Fruit_tree,,Drzewo owocowe,,
264,Palm,,http://en.wikipedia.org/wiki/Palm_(plant),,Palma,,
384,Nut tree,,http://en.wikipedia.org/wiki/Nut_(fruit),,,,
446,Berry,,http://en.wikipedia.org/wiki/Berry,,,,
562,Water spring,,http://en.wikipedia.org/wiki/Spring_(hydrology),,Źródełko,,
611,Orchard,,http://en.wikipedia.org/wiki/Orchard,,Sad,,
612,Forest garden,,http://en.wikipedia.org/wiki/Forest_garden,,,,
616,Compost,,http://en.wikipedia.org/wiki/Compost,,,,
660,Campsite,,http://en.wikipedia.org/wiki/Campsite,,Pole namiotowe,,
641,Guerilla garden,,http://en.wikipedia.org/wiki/Guerrilla_gardening,,,,
663,Tree swing,,http://en.wikipedia.org/wiki/Swing_(seat),,,,
674,Growing space,,http://en.wikipedia.org/wiki/Urban_agriculture,,,,
687,Fruit,,http://en.wikipedia.org/wiki/Fruit,,Owoc,,
688,Crayfish,,http://en.wikipedia.org/wiki/Crayfish,,,,
694,Medicinal plant,,http://en.wikipedia.org/wiki/List_of_plants_used_in_herbalism,,,,
712,Rabbit,,http://en.wikipedia.org/wiki/Rabbit,,Królik,,
734,Daisy,,http://en.wikipedia.org/wiki/Daisy,,,,
745,Fern,,http://en.wikipedia.org/wiki/Fern,,Paproć,,
750,Plant,,http://en.wikipedia.org/wiki/Plant,,Roślina,,
751,Straw,,http://en.wikipedia.org/wiki/Straw,,,,
735,Drinking fountain,,http://en.wikipedia.org/wiki/Water_fountain#Drinking_fountain,,,,
763,Cactus,,http://en.wikipedia.org/wiki/Cactus,,Kaktus,,
795,Puffball,,http://en.wikipedia.org/wiki/Puffball,,,,
775,Sapote,,http://en.wikipedia.org/wiki/Sapote,,,,
839,Free store,,http://en.wikipedia.org/wiki/Give-away_shop,,,,
821,Free box,,http://en.wikipedia.org/wiki/Free_box,,,,
836,Dumpster non-edible,,http://en.wikipedia.org/wiki/Garbage_picking,,,,
826,Locust tree,,http://en.wikipedia.org/wiki/Locust_tree,,,,
89,Mushroom,,http://en.wikipedia.org/wiki/Mushroom,,Grzyb,,
837,Market,,http://en.wikipedia.org/wiki/Garbage_picking,,,,
838,Market non-edible,,http://en.wikipedia.org/wiki/Garbage_picking,,,,
844,U-pick,,http://en.wikipedia.org/wiki/U-pick,,,,
843,Freegan,,http://en.wikipedia.org/wiki/Freeganism,,,,
840,Table,,http://en.wikipedia.org/wiki/Garbage_picking,,Stół,,
845,Leftovers,,http://en.wikipedia.org/wiki/Leftovers,,,,
846,Meal,,http://en.wikipedia.org/wiki/Meal,,Posiłek,,
848,Public bench,,http://en.wikipedia.org/wiki/Bench_(furniture),,Ławka publiczna,,