ID,English Common Name,Latin Name,Wikipedia Link,Portuguese Wikipedia [?],Translated Name (Kira),Translated Name (Hanna)
377,Wattle,Acacia,http://en.wikipedia.org/wiki/Acacia,http://pt.wikipedia.org/wiki/Acacia,,
327,True mulga,Acacia aneura,http://en.wikipedia.org/wiki/Acacia_aneura,http://pt.wikipedia.org/wiki/Acacia_aneura,,
579,Needle bush,Acacia farnesiana,http://en.wikipedia.org/wiki/Vachellia_farnesiana,http://pt.wikipedia.org/wiki/Acacia_farnesiana,,
298,Sydney golden wattle,Acacia longifolia,http://en.wikipedia.org/wiki/Acacia_longifolia,http://pt.wikipedia.org/wiki/Acacia_longifolia,,
49,Feijoa,Acca sellowiana,http://en.wikipedia.org/wiki/Acca_sellowiana,http://pt.wikipedia.org/wiki/Acca_sellowiana,"goiaba-serrana, goiaba-ananás",
175,Maple,Acer,http://en.wikipedia.org/wiki/Acer_(genus),http://pt.wikipedia.org/wiki/Acer,bordo,
289,Black maple,Acer nigrum,http://en.wikipedia.org/wiki/Acer_nigrum,http://pt.wikipedia.org/wiki/Acer_nigrum,,
272,Silver maple,Acer saccharinum,http://en.wikipedia.org/wiki/Acer_saccharinum,http://pt.wikipedia.org/wiki/Acer_saccharinum,,
136,Sugar maple,Acer saccharum,http://en.wikipedia.org/wiki/Acer_saccharum,http://pt.wikipedia.org/wiki/Acer_saccharum,bordo-açucareiro,
422,Common yarrow,Achillea millefolium,http://en.wikipedia.org/wiki/Achillea_millefolium,http://pt.wikipedia.org/wiki/Achillea_millefolium,"milefólio, milenrama, erva-dos-carpinteiros, feiteirinha, mil-folhas",
87,Kiwifruit,Actinidia,http://en.wikipedia.org/wiki/Kiwifruit,,"quiuí, kiwi",
530,Ground elder,Aegopodium podagraria,http://en.wikipedia.org/wiki/Goutweed,http://pt.wikipedia.org/wiki/Aegopodium_podagraria,,
686,Goutweed,Aegopodium podagraria,http://en.wikipedia.org/wiki/Aegopodium_podagraria,http://pt.wikipedia.org/wiki/Aegopodium_podagraria,,
290,Yellow buckeye,Aesculus flava,http://en.wikipedia.org/wiki/Aesculus_flava,http://pt.wikipedia.org/wiki/Aesculus_flava,,
224,Horse chestnut,Aesculus hippocastanum,http://en.wikipedia.org/wiki/Aesculus_hippocastanum,http://pt.wikipedia.org/wiki/Aesculus_hippocastanum,castanheiro-da-índia,
794,Horse mushroom,Agaricus arvensis,http://en.wikipedia.org/wiki/Agaricus_arvensis,http://pt.wikipedia.org/wiki/Agaricus_arvensis,cogumelo do cavalo,
785,The prince,Agaricus augustus,http://en.wikipedia.org/wiki/Agaricus_augustus,http://pt.wikipedia.org/wiki/Agaricus_augustus,,
800,Field mushroom,Agaricus campestris,http://en.wikipedia.org/wiki/Agaricus_campestris,http://pt.wikipedia.org/wiki/Agaricus_campestris,,
276,Agave,Agave,http://en.wikipedia.org/wiki/Agave,http://pt.wikipedia.org/wiki/Agave,Agave,
435,Silk tree,Albizia,http://en.wikipedia.org/wiki/Albizia,http://pt.wikipedia.org/wiki/Albizia,,
509,Persian silk tree,Albizia julibrissin,http://en.wikipedia.org/wiki/Albizia_julibrissin,http://pt.wikipedia.org/wiki/Albizia_julibrissin,,
730,Lady's mantle,Alchemilla,http://en.wikipedia.org/wiki/Alchemilla,http://pt.wikipedia.org/wiki/Alchemilla,,
157,Garlic mustard,Alliaria petiolata,http://en.wikipedia.org/wiki/Alliaria_petiolata,http://pt.wikipedia.org/wiki/Alliaria_petiolata,erva-alheira,
152,Onion,Allium,http://en.wikipedia.org/wiki/Allium,http://pt.wikipedia.org/wiki/Allium,,
639,Leek,Allium ampeloprasum,http://en.wikipedia.org/wiki/Leek,http://pt.wikipedia.org/wiki/Allium_ampeloprasum,alho-porro-bravo,
131,Mouse garlic,Allium angulosum,,,,
202,Garlic,Allium sativum,http://en.wikipedia.org/wiki/Allium_sativum,http://pt.wikipedia.org/wiki/Allium_sativum,alho,
585,Chives,Allium schoenoprasum,http://en.wikipedia.org/wiki/Chives,http://pt.wikipedia.org/wiki/Allium_schoenoprasum,"cebolinha, cebolinha-francesa",
690,Ramps,Allium tricoccum,http://en.wikipedia.org/wiki/Allium_tricoccum,,,
486,Three-cornered leek,Allium triquetrum,http://en.wikipedia.org/wiki/Allium_triquetrum,,,
707,Garlic chives,Allium tuberosum,http://en.wikipedia.org/wiki/Allium_tuberosum,http://pt.wikipedia.org/wiki/Allium_tuberosum,Cebolinho chinês,
542,Wild garlic,Allium ursinum,http://en.wikipedia.org/wiki/Allium_ursinum,http://pt.wikipedia.org/wiki/Allium_ursinum,"alho-dos-ursos, alho selvagem",
184,Tree onion,Allium x proliferum,http://en.wikipedia.org/wiki/Allium_proliferum,,,
772,Aloe,Aloe,http://en.wikipedia.org/wiki/Aloe,http://pt.wikipedia.org/wiki/Aloe,Aloe,
709,Aloe vera,Aloe vera,http://en.wikipedia.org/wiki/Aloe_vera,http://pt.wikipedia.org/wiki/Aloe_vera,babosa,
459,Lemon verbena,Aloysia citrodora,http://en.wikipedia.org/wiki/Aloysia_citrodora,,"lúcia-lima, verbena-cidrada, bela-luísa, erva-cidreira",
115,Serviceberry,Amelanchier,http://en.wikipedia.org/wiki/Amelanchier,http://pt.wikipedia.org/wiki/Amelanchier,,
396,Saskatoon,Amelanchier alnifolia,http://en.wikipedia.org/wiki/Amelanchier_alnifolia,,,
141,Downy serviceberry,Amelanchier arborea,http://en.wikipedia.org/wiki/Amelanchier_arborea,,,
337,Canadian serviceberry,Amelanchier canadensis,http://en.wikipedia.org/wiki/Amelanchier_canadensis,,,
291,Allegheny serviceberry,Amelanchier laevis,http://en.wikipedia.org/wiki/Amelanchier_laevis,,,
354,Apple serviceberry,Amelanchier x grandiflora,http://en.wikipedia.org/wiki/Amelanchier_grandiflora,,,
699,Pineapple,Ananas comosus,http://en.wikipedia.org/wiki/Pineapple,http://pt.wikipedia.org/wiki/Ananas_comosus,"Abacaxi, ananás",
429,Dill,Anethum graveolens,http://en.wikipedia.org/wiki/Anethum_graveolens,http://pt.wikipedia.org/wiki/Anethum_graveolens,"endro, aneto",
561,Cherimoya,Annona cherimola,http://en.wikipedia.org/wiki/Cherimoya,http://pt.wikipedia.org/wiki/Annona_cherimola,"cherimólia, cherimoia",
464,Soursop,Annona muricata,http://en.wikipedia.org/wiki/Annona_muricata,http://pt.wikipedia.org/wiki/Annona_muricata,graviola,
599,Cow parsley,Anthriscus sylvestris,http://en.wikipedia.org/wiki/Anthriscus_sylvestris,,,
742,Columbine,Aquilegia,http://en.wikipedia.org/wiki/Aquilegia,http://pt.wikipedia.org/wiki/Aquilegia,"aquilégia, colombina",
397,Chinese angelica tree,Aralia chinensis,http://en.wikipedia.org/wiki/Aralia_chinensis,,,
344,Japanese angelica tree,Aralia elata,http://en.wikipedia.org/wiki/Aralia_elata,,,
292,Devil's walkingstick,Aralia spinosa,http://en.wikipedia.org/wiki/Aralia_spinosa,,,
576,Araucaria species,Araucaria,http://en.wikipedia.org/wiki/Araucaria,http://pt.wikipedia.org/wiki/Araucaria,"araucária, pinheiro",
200,Monkey puzzle,Araucaria araucana,http://en.wikipedia.org/wiki/Araucaria_araucana,http://pt.wikipedia.org/wiki/Araucaria_araucana,"araucária chilena, péhuen",
468,Bunya pine,Araucaria bidwillii,http://en.wikipedia.org/wiki/Araucaria_bidwillii,http://pt.wikipedia.org/wiki/Araucaria_bidwillii,pinheiro Bunia,
299,Norfolk island pine,Araucaria heterophylla,http://en.wikipedia.org/wiki/Araucaria_heterophylla,http://pt.wikipedia.org/wiki/Araucaria_heterophylla,"pinheiro-de-norfolk, araucária-de-norfolk",
300,Pacific madrone,Arbutus menziesii,http://en.wikipedia.org/wiki/Arbutus_menziesii,,,
60,Strawberry tree,Arbutus unedo,http://en.wikipedia.org/wiki/Arbutus_unedo,http://pt.wikipedia.org/wiki/Arbutus_unedo,"medronheiro, meródios, ervedeiro, êrvedo ou êrvodo",
169,Burdock,Arctium,http://en.wikipedia.org/wiki/Arctium,http://pt.wikipedia.org/wiki/Arctium,,
83,Manzanita,Arctostaphylos,http://en.wikipedia.org/wiki/Manzanita,http://pt.wikipedia.org/wiki/Arctostaphylos,,
398,Whiteleaf manzanita,Arctostaphylos manzanita,http://en.wikipedia.org/wiki/Arctostaphylos_manzanita,http://pt.wikipedia.org/wiki/Arctostaphylos_manzanita,,
527,Horseradish,Armoracia rusticana,http://en.wikipedia.org/wiki/Horseradish,http://pt.wikipedia.org/wiki/Armoracia_rusticana,,
119,Chokeberry,Aronia,http://en.wikipedia.org/wiki/Aronia,http://pt.wikipedia.org/wiki/Aronia,,
219,Black chokeberry,Aronia melanocarpa,http://en.wikipedia.org/wiki/Aronia_melanocarpa,http://pt.wikipedia.org/wiki/Aronia_melanocarpa,,
752,Mugwort,Artemisia,http://en.wikipedia.org/wiki/Mugwort,,,
556,Silver wormwood,Artemisia ludoviciana,http://en.wikipedia.org/wiki/Artemisia_ludoviciana,,,
537,Breadfruit,Artocarpus altilis,http://en.wikipedia.org/wiki/Breadfruit,,,
467,Jackfruit,Artocarpus heterophyllus,http://en.wikipedia.org/wiki/Jackfruit,http://pt.wikipedia.org/wiki/Artocarpus_heterophyllus,jaqueira,
165,Milkweed,Asclepias,http://en.wikipedia.org/wiki/Asclepias,http://pt.wikipedia.org/wiki/Asclepias,,
116,Pawpaw,Asimina triloba,http://en.wikipedia.org/wiki/Asimina_triloba,,,
156,Asparagus,Asparagus officinalis,http://en.wikipedia.org/wiki/Asparagus_officinalis,http://pt.wikipedia.org/wiki/Asparagus_officinalis,aspargo,
724,Triangle orache,Atriplex prostrata,,http://pt.wikipedia.org/wiki/Atriplex_prostrata,,
798,Jelly ear fungus,Auricularia auricula-judae,http://en.wikipedia.org/wiki/Auricularia_auricula-judae,,,
797,Cloud ear fungus,Auricularia polytricha,http://en.wikipedia.org/wiki/Cloud_ear,http://pt.wikipedia.org/wiki/Auricularia_polytricha,,
419,Starfruit,Averrhoa carambola,http://en.wikipedia.org/wiki/Averrhoa_carambola,http://pt.wikipedia.org/wiki/Averrhoa_carambola,caramboleira,
455,Neem,Azadirachta indica,http://en.wikipedia.org/wiki/Azadirachta_indica,http://pt.wikipedia.org/wiki/Azadirachta_indica,"nim, neem, amargosa",
833,Lemon myrtle,Backhousia citriodora,http://en.wikipedia.org/wiki/Backhousia_citriodora,,,
758,Malabar spinach,Basella alba,http://en.wikipedia.org/wiki/Basella_alba,http://pt.wikipedia.org/wiki/Basella_alba,"Bertalha, Espinafre Indiano",
605,Barberry,Berberis,http://en.wikipedia.org/wiki/Berberis,http://pt.wikipedia.org/wiki/Berberis,,
511,Beet,Beta vulgaris,http://en.wikipedia.org/wiki/Beet,,,
689,Chard,Beta vulgaris subsp. cicla,http://en.wikipedia.org/wiki/Chard,,,
608,Sea beet,Beta vulgaris subsp. maritima,http://en.wikipedia.org/wiki/Sea_beet,,,
524,Birch,Betula,http://en.wikipedia.org/wiki/Birch,http://pt.wikipedia.org/wiki/Betula,Bétula,
811,River birch,Betula nigra,http://en.wikipedia.org/wiki/Betula_nigra,,,
715,Paper birch,Betula papyrifera,http://en.wikipedia.org/wiki/Betula_papyrifera,,,
814,Silver birch,Betula pendula,http://en.wikipedia.org/wiki/Betula_pendula,http://pt.wikipedia.org/wiki/Betula_pendula,"vidoeiro-branco, bétula-branca, vidoeiro-prateado",
783,Bolete,Boletus,http://en.wikipedia.org/wiki/Boletus,http://pt.wikipedia.org/wiki/Boletus,Boleto,
784,King bolete,Boletus edulis,http://en.wikipedia.org/wiki/Boletus_edulis,,,
207,Borage,Borago officinalis,http://en.wikipedia.org/wiki/Borago_officinalis,http://pt.wikipedia.org/wiki/Borago_officinalis,"borrage, borracha, borracha-chimarrona, foligem",
810,Palymra palm,Borassus,http://en.wikipedia.org/wiki/Borassus,http://pt.wikipedia.org/wiki/Borassus,"palmeiras-de-palmira, palmeiras-de-leque",
389,Illawarra flame tree,Brachychiton acerifolius,http://en.wikipedia.org/wiki/Brachychiton_acerifolius,http://pt.wikipedia.org/wiki/Brachychiton_acerifolius,árvore-de-fogo-de-Illawarra,
271,Kurrajong,Brachychiton populneus,http://en.wikipedia.org/wiki/Brachychiton_populneus,http://pt.wikipedia.org/wiki/Brachychiton_populneus,"perna-de-moça, branquiquito, kurrajong",
328,Mexican blue palm,Brahea armata,http://en.wikipedia.org/wiki/Brahea_armata,,,
301,Guadalupe palm,Brahea edulis,http://en.wikipedia.org/wiki/Brahea_edulis,,,
615,Black mustard,Brassica nigra,http://en.wikipedia.org/wiki/Brassica_nigra,http://pt.wikipedia.org/wiki/Brassica_nigra,mostarda-preta,
50,Kale,Brassica oleracea var. acephala,http://en.wikipedia.org/wiki/Kale,,,
767,Red cabbage,Brassica oleracea var. capitata f. rubra,http://en.wikipedia.org/wiki/Red_cabbage,,,
729,Brussels sprout,Brassica oleracea var. gemmifera,http://en.wikipedia.org/wiki/Brussels_sprout,,,
721,Broccoli,Brassica oleracea var. italica,http://en.wikipedia.org/wiki/Broccoli,,,
302,Paper mulberry,Broussonetia papyrifera,http://en.wikipedia.org/wiki/Broussonetia_papyrifera,,,
560,Butia palm,Butia,http://en.wikipedia.org/wiki/Butia,http://pt.wikipedia.org/wiki/Butia,butiá,
303,Jelly palm,Butia capitata,http://en.wikipedia.org/wiki/Butia_capitata,http://pt.wikipedia.org/wiki/Butia_capitata,"cabeçudo, coqueiro-cabeçudo",
474,Pigeon pea,Cajanus cajan,http://en.wikipedia.org/wiki/Pigeon_pea,,,
484,Marigold,Calendula,http://en.wikipedia.org/wiki/Calendula,,,
488,Calendula,Calendula,http://en.wikipedia.org/wiki/Calendula,http://pt.wikipedia.org/wiki/Calendula,calêndula,
370,Beautyberry,Callicarpa,http://en.wikipedia.org/wiki/Callicarpa,http://pt.wikipedia.org/wiki/Callicarpa,,
382,Cape chestnut,Calodendrum capense,http://en.wikipedia.org/wiki/Calodendrum_capense,,,
799,Giant puffball,Calvatia gigantea,http://en.wikipedia.org/wiki/Calvatia_gigantea,,,
371,Camellia,Camellia,http://en.wikipedia.org/wiki/Camellia,http://pt.wikipedia.org/wiki/Camellia,camélia,
304,Japanese camellia,Camellia japonica,http://en.wikipedia.org/wiki/Camellia_japonica,http://pt.wikipedia.org/wiki/Camellia_japonica,camélia,
452,Cannabis,Cannabis,http://en.wikipedia.org/wiki/Cannabis,http://pt.wikipedia.org/wiki/Cannabis,"cânhamo, cânabis",
719,Chanterelle,Cantharellus,http://en.wikipedia.org/wiki/Cantharellus,http://pt.wikipedia.org/wiki/Cantharellus,,
790,Yellow chanterelle,Cantharellus cibarius,http://en.wikipedia.org/wiki/Cantharellus_cibarius,http://pt.wikipedia.org/wiki/Cantharellus_cibarius,,
791,White chanterelle,Cantharellus subalbidus,http://en.wikipedia.org/wiki/Cantharellus_subalbidus,,,
541,Shepherd's purse,Capsella bursa-pastoris,http://en.wikipedia.org/wiki/Capsella_bursa-pastoris,http://pt.wikipedia.org/wiki/Capsella_bursa-pastoris,Bolsa-de-pastor,
55,Chili pepper,Capsicum,http://en.wikipedia.org/wiki/Chili_pepper,,,
102,Bell pepper,Capsicum annuum,http://en.wikipedia.org/wiki/Bell_pepper,,,
633,Siberian peashrub,Caragana arborescens,http://en.wikipedia.org/wiki/Caragana_arborescens,,,
233,Hairy bittercress,Cardamine hirsuta,http://en.wikipedia.org/wiki/Cardamine_hirsuta,http://pt.wikipedia.org/wiki/Cardamine_hirsuta,,
222,Papaya,Carica papaya,http://en.wikipedia.org/wiki/Carica_papaya,http://pt.wikipedia.org/wiki/Carica_papaya,"mamoeiro, papaeira",
829,Carissa,Carissa,http://en.wikipedia.org/wiki/Carissa,http://pt.wikipedia.org/wiki/Carissa,,
731,Natal plum,Carissa macrocarpa,http://en.wikipedia.org/wiki/Carissa_macrocarpa,,,
492,Conkerberry,Carissa spinarum,http://en.wikipedia.org/wiki/Carissa_spinarum,,,
483,Pigface,Carpobrotus,http://en.wikipedia.org/wiki/Carpobrotus,http://pt.wikipedia.org/wiki/Carpobrotus,,
778,Highway ice plant,Carpobrotus edulis,http://en.wikipedia.org/wiki/Carpobrotus_edulis,http://pt.wikipedia.org/wiki/Carpobrotus_edulis,chorão-das-praias,
144,Hickory,Carya,http://en.wikipedia.org/wiki/Carya,http://pt.wikipedia.org/wiki/Carya,,
503,Bitternut hickory,Carya cordiformis,http://en.wikipedia.org/wiki/Carya_cordiformis,,,
352,Pignut hickory,Carya glabra,http://en.wikipedia.org/wiki/Carya_glabra,,,
93,Pecan,Carya illinoinensis,http://en.wikipedia.org/wiki/Carya_illinoinensis,,,
362,Shellbark hickory,Carya laciniosa,http://en.wikipedia.org/wiki/Carya_laciniosa,,,
281,Shagbark hickory,Carya ovata,http://en.wikipedia.org/wiki/Carya_ovata,,,
356,Mockernut hickory,Carya tomentosa,http://en.wikipedia.org/wiki/Carya_tomentosa,,,
95,White sapote,Casimiroa edulis,http://en.wikipedia.org/wiki/Casimiroa_edulis,,,
70,Chestnut,Castanea,http://en.wikipedia.org/wiki/Castanea_(genus),http://pt.wikipedia.org/wiki/Castanea,"Castanheiro, castanheira",
414,Japanese chestnut,Castanea crenata,http://en.wikipedia.org/wiki/Castanea_crenata,,,
343,American chestnut,Castanea dentata,http://en.wikipedia.org/wiki/Castanea_dentata,,,
155,Chinese chestnut,Castanea mollissima,http://en.wikipedia.org/wiki/Castanea_mollissima,,,
345,Dwarf chestnut,Castanea pumila,http://en.wikipedia.org/wiki/Castanea_pumila,,,
363,Sweet chestnut,Castanea sativa,http://en.wikipedia.org/wiki/Castanea_sativa,http://pt.wikipedia.org/wiki/Castanea_sativa,"castanheiro-bravo, castanheira-portuguesa",
182,Hackberry,Celtis,http://en.wikipedia.org/wiki/Celtis,http://pt.wikipedia.org/wiki/Celtis,,
305,Mediterranean hackberry,Celtis australis,http://en.wikipedia.org/wiki/Celtis_australis,http://pt.wikipedia.org/wiki/Celtis_australis,"lódão-bastardo, ginginha-do-rei, agreira, lodoeiro, lódão, nicreiro",
293,Common hackberry,Celtis occidentalis,http://en.wikipedia.org/wiki/Celtis_occidentalis,,,
306,Netleaf hackberry,Celtis reticulata,http://en.wikipedia.org/wiki/Celtis_reticulata,,,
329,Chinese hackberry,Celtis sinensis,http://en.wikipedia.org/wiki/Celtis_sinensis,,,
275,Carob,Ceratonia siliqua,http://en.wikipedia.org/wiki/Ceratonia_siliqua,http://pt.wikipedia.org/wiki/Ceratonia_siliqua,"alfarrobeira, figueira-de-pitágoras,  figueira-do-egipto",
340,Redbud,Cercis,http://en.wikipedia.org/wiki/Cercis,http://pt.wikipedia.org/wiki/Cercis,,
138,Eastern redbud,Cercis canadensis,http://en.wikipedia.org/wiki/Cercis_canadensis,,,
307,Western redbud,Cercis occidentalis,http://en.wikipedia.org/wiki/Cercis_occidentalis,,,
364,Judas tree,Cercis siliquastrum,http://en.wikipedia.org/wiki/Cercis_siliquastrum,http://pt.wikipedia.org/wiki/Cercis_siliquastrum,"olaia, árvore-de-judas, pata-de-vaca",
704,Japanese quince,Chaenomeles japonica,http://en.wikipedia.org/wiki/Chaenomeles_japonica,,,
378,Dwarf fan palm,Chamaerops humilis,http://en.wikipedia.org/wiki/Chamaerops_humilis,http://pt.wikipedia.org/wiki/Chamaerops_humilis,,
188,Pitseed goosefoot,Chenopodium berlandieri,http://en.wikipedia.org/wiki/Chenopodium_berlandieri,,,
787,Shaggy parasol,Chlorophyllum,http://en.wikipedia.org/wiki/Shaggy_parasol,,,
444,Cocoplum,Chrysobalanus icaco,http://en.wikipedia.org/wiki/Chrysobalanus_icaco,http://pt.wikipedia.org/wiki/Chrysobalanus_icaco,"Guajuru,  ajuru, apioba",
221,Star apple,Chrysophyllum cainito,http://en.wikipedia.org/wiki/Chrysophyllum_cainito,http://pt.wikipedia.org/wiki/Chrysophyllum_cainito,"caimito, abio, abio-do-pará, aguaí",
515,Endive,Cichorium,http://en.wikipedia.org/wiki/Endive,,,
697,Common chicory,Cichorium intybus,http://en.wikipedia.org/wiki/Chicory,http://pt.wikipedia.org/wiki/Cichorium_intybus,Chicória,
77,Calamondin,Citrofortunella microcarpa,http://en.wikipedia.org/wiki/Citrofortunella_microcarpa,,,
573,Musk lime,Citrofortunella mitis,http://en.wikipedia.org/wiki/%C3%97_Citrofortunella_mitis,,,
720,Watermelon,Citrullus lanatus,http://en.wikipedia.org/wiki/Watermelon,http://pt.wikipedia.org/wiki/Citrullus_lanatus,Melancia,
263,Citrus,Citrus,http://en.wikipedia.org/wiki/Citrus,http://pt.wikipedia.org/wiki/Citrus,citrinos,
26,Lime,Citrus,http://en.wikipedia.org/wiki/Lime_(fruit),,,
81,Bitter orange,Citrus aurantium,http://en.wikipedia.org/wiki/Citrus_aurantium,http://pt.wikipedia.org/wiki/Citrus_aurantium,"laranja-azeda, laranja-amarga",
831,Kaffir lime,Citrus hystrix,http://en.wikipedia.org/wiki/Kaffir_lime,,,
19,Kumquat,Citrus japonica,http://en.wikipedia.org/wiki/Citrus_japonica,,,
771,Sweet lime,Citrus limetta,http://en.wikipedia.org/wiki/Citrus_limetta,,,
4,Lemon,Citrus limon,http://en.wikipedia.org/wiki/Citrus_limon,http://pt.wikipedia.org/wiki/Citrus_limon,"limão, limão-siciliano, limão-verdadeiro",
485,Lemonade tree,Citrus limon x reticulata,,,,
11,Pomelo,Citrus maxima,http://en.wikipedia.org/wiki/Citrus_maxima,http://pt.wikipedia.org/wiki/Citrus_maxima,"cimboa, pomelo, laranja-natal",
25,Buddha's hand,Citrus medica var. sarcodactyli,http://en.wikipedia.org/wiki/Buddha%27s_hand,,,
5,Grapefruit,Citrus paradisi,http://en.wikipedia.org/wiki/Citrus_paradisi,,toranja,
23,Mandarin,Citrus reticulata,http://en.wikipedia.org/wiki/Mandarin_orange,http://pt.wikipedia.org/wiki/Citrus_reticulata,"tangerina, laranja-mimosa, mandarina, fuxiqueira, poncã, laranja-cravo, mimosa, vergamota, clementina, bergamota, mexerica ",
308,Key lime,Citrus x aurantifolia,http://en.wikipedia.org/wiki/Citrus_aurantifolia,,,
551,Mandarin-lime,Citrus x limonia,http://en.wikipedia.org/wiki/Rangpur_(fruit),,,
27,Meyer lemon,Citrus x meyeri,http://en.wikipedia.org/wiki/Citrus_meyeri,,,
3,Orange,Citrus x sinensis,http://en.wikipedia.org/wiki/Citrus_sinensis,http://pt.wikipedia.org/wiki/Citrus_sinensis,laranjeira,
57,Miner's lettuce,Claytonia perfoliata,http://en.wikipedia.org/wiki/Claytonia_perfoliata,,,
94,Chaya,Cnidoscolus aconitifolius,http://en.wikipedia.org/wiki/Cnidoscolus_aconitifolius,,,
743,Seagrape,Coccoloba uvifera,http://en.wikipedia.org/wiki/Coccoloba_uvifera,http://pt.wikipedia.org/wiki/Coccoloba_uvifera,,
460,Coconut palm,Cocos nucifera,http://en.wikipedia.org/wiki/Coconut,http://pt.wikipedia.org/wiki/Cocos_nucifera,coqueiro,
793,Shaggy mane,Coprinus comatus,http://en.wikipedia.org/wiki/Coprinus_comatus,,,
759,Corchorus,Corchorus,http://en.wikipedia.org/wiki/Corchorus,http://pt.wikipedia.org/wiki/Corchorus,,
309,Cabbage tree,Cordyline australis,http://en.wikipedia.org/wiki/Cordyline_australis,,,
277,Dogwood,Cornus,http://en.wikipedia.org/wiki/Cornus_(genus),http://pt.wikipedia.org/wiki/Cornus,,
118,Kousa dogwood,Cornus kousa,http://en.wikipedia.org/wiki/Cornus_kousa,,,
248,Cornelian cherry dogwood,Cornus mas,http://en.wikipedia.org/wiki/Cornus_mas,http://pt.wikipedia.org/wiki/Cornus_mas,corniso,
134,Red osier dogwood,Cornus sericea,http://en.wikipedia.org/wiki/Cornus_sericea,,,
120,Hazel,Corylus,http://en.wikipedia.org/wiki/Corylus,http://pt.wikipedia.org/wiki/Corylus,,
294,Common hazel,Corylus avellana,http://en.wikipedia.org/wiki/Corylus_avellana,http://pt.wikipedia.org/wiki/Corylus_avellana,"aveleira, avelaneira, avelãzeira",
251,Turkish hazel,Corylus colurna,http://en.wikipedia.org/wiki/Corylus_colurna,,,
391,Beaked hazel,Corylus cornuta,http://en.wikipedia.org/wiki/Corylus_cornuta,,,
395,Filbert,Corylus maxima,http://en.wikipedia.org/wiki/Corylus_maxima,,,
570,Karaka,Corynocarpus laevigatus,http://en.wikipedia.org/wiki/Karaka_(tree),,,
804,Talipot palm,Corypha umbraculifera,http://en.wikipedia.org/wiki/Corypha_umbraculifera,,,
172,Hawthorn,Crataegus,http://en.wikipedia.org/wiki/Crataegus,http://pt.wikipedia.org/wiki/Crataegus,Espinheiro Branco,
342,Russian hawthorn,Crataegus ambigua,http://en.wikipedia.org/wiki/Crataegus_ambigua,,,
350,Grand rapids hawthorn,Crataegus ambitiosa,http://en.wikipedia.org/wiki/Crataegus_ambitiosa,,,
417,Arnold hawthorn,Crataegus arnoldiana,http://en.wikipedia.org/wiki/Crataegus_arnoldiana,,,
718,Azarole hawthorn,Crataegus azarolus,http://en.wikipedia.org/wiki/Crataegus_azarolus,http://pt.wikipedia.org/wiki/Crataegus_azarolus,,
310,Black hawthorn,Crataegus douglasii,http://en.wikipedia.org/wiki/Crataegus_douglasii,,,
346,Midland hawthorn,Crataegus laevigata,http://en.wikipedia.org/wiki/Crataegus_laevigata,http://pt.wikipedia.org/wiki/Crataegus_laevigata,"corníolo, cratego-pirliteiro, escalheiro, escambrulheiro, escrambulheiro, espinha-branca, espinheiro-alvar, estrepeiro, pilriteira, pilrito, pirliteiro, carrapiteiro",
365,Lavalle hawthorn,Crataegus lavallei,http://en.wikipedia.org/wiki/Crataegus_lavallei,,,
774,Tejocote,Crataegus mexicana,http://en.wikipedia.org/wiki/Crataegus_mexicana,,,
341,Downy hawthorn,Crataegus mollis,http://en.wikipedia.org/wiki/Crataegus_mollis,,,
399,Common hawthorn,Crataegus monogyna,http://en.wikipedia.org/wiki/Crataegus_monogyna,http://pt.wikipedia.org/wiki/Crataegus_monogyna,pilreteiro,
357,Washington hawthorn,Crataegus phaenopyrum,http://en.wikipedia.org/wiki/Crataegus_phaenopyrum,,,
548,Chinese hawthorn,Crataegus pinnatifida,http://en.wikipedia.org/wiki/Crataegus_pinnatifida,,,
760,Mayhaw,Crataegus series Aestivales,http://en.wikipedia.org/wiki/Mayhaw,,,
587,Rock samphire,Crithmum maritimum,http://en.wikipedia.org/wiki/Crithmum,http://pt.wikipedia.org/wiki/Crithmum_maritimum,perrexil-do-mar,
65,Squash,Cucurbita,http://en.wikipedia.org/wiki/Cucurbita,,,
67,Pumpkin,Cucurbita,http://en.wikipedia.org/wiki/Cucurbita,,,
475,Spaghetti squash,Cucurbita pepo,http://en.wikipedia.org/wiki/Spaghetti_squash,,,
850,Zucchini,Cucurbita pepo,http://en.wikipedia.org/wiki/Zucchini,,,
69,Quince,Cydonia oblonga,http://en.wikipedia.org/wiki/Cydonia_oblonga,http://pt.wikipedia.org/wiki/Cydonia_oblonga,"marmeleiro, marmeleiro-da-europa, pereira-do-japão",
461,Lemongrass,Cymbopogon,http://en.wikipedia.org/wiki/Cymbopogon,http://pt.wikipedia.org/wiki/Cymbopogon,,
765,Palmarosa,Cymbopogon martinii,http://en.wikipedia.org/wiki/Cymbopogon_martinii,http://pt.wikipedia.org/wiki/Cymbopogon_martinii,"palmarosa, gerânio da Índia",
85,Globe artichoke,Cynara cardunculus var. scolymus,http://en.wikipedia.org/wiki/Artichoke,,,
526,Wild carrot,Daucus carota,http://en.wikipedia.org/wiki/Daucus_carota,http://pt.wikipedia.org/wiki/Daucus_carota,cenoura ,
513,Flax lily,Dianella,http://en.wikipedia.org/wiki/Dianella_(genus),http://pt.wikipedia.org/wiki/Dianella,,
133,Gasplant,Dictamnus albus,http://en.wikipedia.org/wiki/Dictamnus,,,
828,Longan,Dimocarpus longan,http://en.wikipedia.org/wiki/Longan,http://pt.wikipedia.org/wiki/Dimocarpus_longan,Longans,
447,Yam,Dioscorea,http://en.wikipedia.org/wiki/Yam_(vegetable),,,
12,Persimmon,Diospyros,http://en.wikipedia.org/wiki/Persimmon,http://pt.wikipedia.org/wiki/Diospyros,,
462,Chocolate persimmon,Diospyros digyna,http://en.wikipedia.org/wiki/Diospyros_digyna,,caqui-chocolate,
280,Japanese persimmon,Diospyros kaki,http://en.wikipedia.org/wiki/Diospyros_kaki,http://pt.wikipedia.org/wiki/Diospyros_kaki,"caqui, caquizeiro",
400,Date-plum,Diospyros lotus,http://en.wikipedia.org/wiki/Diospyros_lotus,,,
246,American persimmon,Diospyros virginiana,http://en.wikipedia.org/wiki/Diospyros_virginiana,,,
600,Wild rocket,Diplotaxis tenuifolia,http://en.wikipedia.org/wiki/Diplotaxis_tenuifolia,http://pt.wikipedia.org/wiki/Diplotaxis_tenuifolia,,
832,Kei apple,Dovyalis caffra,http://en.wikipedia.org/wiki/Dovyalis_caffra,,,
522,Durian,Durio,http://en.wikipedia.org/wiki/Durian,http://pt.wikipedia.org/wiki/Durio,,
773,Epazote,Dysphania ambrosioides,http://en.wikipedia.org/wiki/Dysphania_ambrosioides,http://pt.wikipedia.org/wiki/Dysphania_ambrosioides,Erva-de-santa-maria,
201,Echinacea,Echinacea,http://en.wikipedia.org/wiki/Echinacea,http://pt.wikipedia.org/wiki/Echinacea,equinácia,
609,Silverberry,Elaeagnus,http://en.wikipedia.org/wiki/Elaeagnus,http://pt.wikipedia.org/wiki/Elaeagnus,,
242,Russian-olive,Elaeagnus angustifolia,http://en.wikipedia.org/wiki/Elaeagnus_angustifolia,,,
358,Autumn-olive,Elaeagnus umbellata,http://en.wikipedia.org/wiki/Elaeagnus_umbellata,,,
830,Blue quandong,Elaeocarpus angustifolius,http://en.wikipedia.org/wiki/Elaeocarpus_angustifolius,,,
18,Loquat,Eriobotrya japonica,http://en.wikipedia.org/wiki/Eriobotrya_japonica,http://pt.wikipedia.org/wiki/Eriobotrya_japonica,nespereira,
553,Golden yarrow,Eriophyllum confertiflorum,http://en.wikipedia.org/wiki/Eriophyllum_confertiflorum,,,
8,Eucalyptus,Eucalyptus,http://en.wikipedia.org/wiki/Eucalyptus,http://pt.wikipedia.org/wiki/Eucalyptus,Eucalipto,
311,Cider gum,Eucalyptus gunnii,http://en.wikipedia.org/wiki/Eucalyptus_gunnii,,,
575,Manna gum,Eucalyptus viminalis,http://en.wikipedia.org/wiki/Eucalyptus_viminalis,,,
451,Surinam cherry,Eugenia uniflora,http://en.wikipedia.org/wiki/Eugenia_uniflora,http://pt.wikipedia.org/wiki/Eugenia_uniflora,pitangueira,
725,AĂ§aĂ­ palm,Euterpe oleracea,http://en.wikipedia.org/wiki/A%C3%A7a%C3%AD_palm,http://pt.wikipedia.org/wiki/Euterpe_oleracea,"açaí, açaizeiro, coqueiro-açaí, uaçaí, açaí-branco, iuçara, juçara, palmiteiro, palmito, piná, tucaniei",
580,Beech,Fagus,http://en.wikipedia.org/wiki/Beech,,faia,
710,American beech,Fagus grandifolia,http://en.wikipedia.org/wiki/Fagus_grandifolia,,faia-americana,
241,European beech,Fagus sylvatica,http://en.wikipedia.org/wiki/Fagus_sylvatica,http://pt.wikipedia.org/wiki/Fagus_sylvatica,faia-europeia,
170,Japanese knotweed,Fallopia japonica,http://en.wikipedia.org/wiki/Fallopia_japonica,,,
445,Fig,Ficus,http://en.wikipedia.org/wiki/Ficus,http://pt.wikipedia.org/wiki/Ficus,"figueira, ficus",
20,Common fig,Ficus carica,http://en.wikipedia.org/wiki/Ficus_carica,http://pt.wikipedia.org/wiki/Ficus_carica,"figueira-comum,  figueira-da-europa, figueira-de-baco, figueira-de-portugal, figueira-do-reino, figueira-mansa",
469,Governor's plum,Flacourtia indica,http://en.wikipedia.org/wiki/Flacourtia_indica,,,
63,Fennel,Foeniculum vulgare,http://en.wikipedia.org/wiki/Foeniculum_vulgare,http://pt.wikipedia.org/wiki/Foeniculum_vulgare,"funcho, anis-doce, erva-doce, maratro, finóquio, fiuncho, fiolho",
105,Strawberry,Fragaria,http://en.wikipedia.org/wiki/Fragaria,http://pt.wikipedia.org/wiki/Fragaria,Morangueiro,
359,Manna ash,Fraxinus ornus,http://en.wikipedia.org/wiki/Fraxinus_ornus,,,
109,Cleavers,Galium aparine,http://en.wikipedia.org/wiki/Galium_aparine,,,
217,Salal,Gaultheria shallon,http://en.wikipedia.org/wiki/Gaultheria_shallon,,,
146,Ginkgo,Ginkgo biloba,http://en.wikipedia.org/wiki/Ginkgo_biloba,http://pt.wikipedia.org/wiki/Ginkgo_biloba,"nogueira-do-japão, árvore-avenca, ginkgo",
528,Ground ivy,Glechoma hederacea,http://en.wikipedia.org/wiki/Glechoma_hederacea,,,
252,Honey locust,Gleditsia triacanthos,http://en.wikipedia.org/wiki/Gleditsia_triacanthos,,,
789,Spike-cap,Gomphidius,http://en.wikipedia.org/wiki/Gomphidius,,,
754,Hen-of-the-woods,Grifola frondosa,http://en.wikipedia.org/wiki/Grifola_frondosa,http://pt.wikipedia.org/wiki/Grifola_frondosa,maitake,
218,Kentucky coffeetree,Gymnocladus dioicus,http://en.wikipedia.org/wiki/Gymnocladus_dioicus,,,
137,Witch-hazel,Hamamelis,http://en.wikipedia.org/wiki/Hamamelis,http://pt.wikipedia.org/wiki/Hamamelis,Hamamélia,
756,Mangaba,Hancornia speciosa,http://en.wikipedia.org/wiki/Hancornia_speciosa,http://pt.wikipedia.org/wiki/Hancornia_speciosa,"mangabeira, mangaba-ovo",
381,Kaffir plum,Harpephyllum caffrum,,,,
187,Sunflower,Helianthus annuus,http://en.wikipedia.org/wiki/Helianthus_annuus,http://pt.wikipedia.org/wiki/Helianthus_annuus,girassol ,
209,Jerusalem artichoke,Helianthus tuberosus,http://en.wikipedia.org/wiki/Helianthus_tuberosus,http://pt.wikipedia.org/wiki/Helianthus_tuberosus,"tupinambo, girassol batateiro",
127,Daylily,Hemerocallis,http://en.wikipedia.org/wiki/Hemerocallis,http://pt.wikipedia.org/wiki/Hemerocallis,lírio-de-um-dia,
769,Toyon,Heteromeles arbutifolia,http://en.wikipedia.org/wiki/Heteromeles,,,
312,Rose of sharon,Hibiscus syriacus,http://en.wikipedia.org/wiki/Hibiscus_syriacus,http://pt.wikipedia.org/wiki/Hibiscus_syriacus,"hibisco-da-síria, rosa-de-sarom, mimo",
214,Sea hibiscus,Hibiscus tiliaceus,http://en.wikipedia.org/wiki/Hibiscus_tiliaceus,http://pt.wikipedia.org/wiki/Hibiscus_tiliaceus,"algodoeiro-da-praia, algodoeiro-da-índia, majagua",
545,Sea-buckthorn,Hippophae,http://en.wikipedia.org/wiki/Hippophae,http://pt.wikipedia.org/wiki/Hippophae,"espinheiro marítimo, espinheiro-cerval marítimo, falso-espinheiro",
610,Common sea-buckthorn,Hippophae rhamnoides,http://en.wikipedia.org/wiki/Hippophae_rhamnoides,,,
549,Oriental raisin tree,Hovenia dulcis,http://en.wikipedia.org/wiki/Hovenia_dulcis,http://pt.wikipedia.org/wiki/Hovenia_dulcis,"bananinha-do-japão, caju-do-japão, caju-japonês, chico-magro, gomari, mata-fome, passa-do-japão, passa-japonesa, pau-doce, pé-de-galinha, tripa-de-galinha, uva-da-china, uva-do-japão, macaquinho, amora-do-mato, uva-japonesa, uva-paraguaia",
185,Hop,Humulus lupulus,http://en.wikipedia.org/wiki/Hops,http://pt.wikipedia.org/wiki/Humulus_lupulus,Lúpulo,
563,St John's wort,Hypericum perforatum,http://en.wikipedia.org/wiki/St_John's_wort,http://pt.wikipedia.org/wiki/Hypericum_perforatum,"Erva-de-são-joão, Hipérico",
664,Holly,Ilex,http://en.wikipedia.org/wiki/Holly,http://pt.wikipedia.org/wiki/Ilex,,
500,Yaupon holly,Ilex vomitoria,http://en.wikipedia.org/wiki/Yaupon_holly,,,
465,Pacay,Inga feuilleei,http://en.wikipedia.org/wiki/Inga_feuilleei,,,
471,Sweet potato,Ipomoea batatas,http://en.wikipedia.org/wiki/Sweet_potato,http://pt.wikipedia.org/wiki/Ipomoea_batatas,"batata-doce, batata-da-terra, batata-da-ilha, jatica, jetica",
73,Walnut,Juglans,http://en.wikipedia.org/wiki/Juglans,http://pt.wikipedia.org/wiki/Juglans,nogueira,
413,Japanese walnut,Juglans ailantifolia,http://en.wikipedia.org/wiki/Juglans_ailantifolia,,,
297,Southern california walnut,Juglans californica,http://en.wikipedia.org/wiki/Juglans_californica,,,
180,Butternut,Juglans cinerea,http://en.wikipedia.org/wiki/Juglans_cinerea,,,
376,Northern california walnut,Juglans hindsii,http://en.wikipedia.org/wiki/Juglans_hindsii,,,
330,Arizona black walnut,Juglans major,http://en.wikipedia.org/wiki/Juglans_major,,,
111,Black walnut,Juglans nigra,http://en.wikipedia.org/wiki/Juglans_nigra,http://pt.wikipedia.org/wiki/Juglans_nigra,"nogueira preta, nogueira negra",
112,Persian walnut,Juglans regia,http://en.wikipedia.org/wiki/Juglans_regia,http://pt.wikipedia.org/wiki/Juglans_regia,nogueira-comum,
227,Juniper,Juniperus,http://en.wikipedia.org/wiki/Juniperus,http://pt.wikipedia.org/wiki/Juniperus,"zimbreiro, junípero, sabina",
313,California juniper,Juniperus californica,http://en.wikipedia.org/wiki/Juniperus_californica,,,
401,Common juniper,Juniperus communis,http://en.wikipedia.org/wiki/Juniperus_communis,http://pt.wikipedia.org/wiki/Juniperus_communis,"cedro, genebreiro, junípero-comum, zimbrão, zimbro, zimbro-anão zimbro-comum, zimbro-rasteiro, zimbro-vulgar",
392,Rocky mountain juniper,Juniperus scopulorum,http://en.wikipedia.org/wiki/Juniperus_scopulorum,,,
283,Eastern red-cedar,Juniperus virginiana,http://en.wikipedia.org/wiki/Juniperus_virginiana,http://pt.wikipedia.org/wiki/Juniperus_virginiana,"cedro-vermelho, junípero-vermelho, cedro-de-lápis",
788,Saffron milk cap,Lactarius deliciosus,http://en.wikipedia.org/wiki/Lactarius_deliciosus,http://pt.wikipedia.org/wiki/Lactarius_deliciosus,"sancha, tancha, pinheira, vaca-vermelha, míscaro, níscaro",
749,Hygrophorus milky,Lactarius hygrophoroides,http://en.wikipedia.org/wiki/Lactarius_hygrophoroides,http://pt.wikipedia.org/wiki/Lactarius_hygrophoroides,,
552,Lettuce,Lactuca sativa,http://en.wikipedia.org/wiki/Lettuce,http://pt.wikipedia.org/wiki/Lactuca_sativa,Alface,
430,Prickly lettuce,Lactuca serriola,http://en.wikipedia.org/wiki/Lactuca_serriola,http://pt.wikipedia.org/wiki/Lactuca_serriola,,
781,Chicken-of-the-woods,Laetiporus sulphureus,http://en.wikipedia.org/wiki/Laetiporus_sulphureus,,,
602,Deadnettle,Lamium,http://en.wikipedia.org/wiki/Lamium,http://pt.wikipedia.org/wiki/Lamium,,
531,White deadnettle,Lamium album,http://en.wikipedia.org/wiki/Lamium_album,,,
159,Henbit,Lamium amplexicaule,http://en.wikipedia.org/wiki/Lamium_amplexicaule,,,
525,Purple deadnettle,Lamium purpureum,http://en.wikipedia.org/wiki/Lamium_purpureum,,,
177,Toothwort,Lathraea,http://en.wikipedia.org/wiki/Lathraea,http://pt.wikipedia.org/wiki/Lathraea,,
770,Perennial sweet pea,Lathyrus latifolius,http://en.wikipedia.org/wiki/Lathyrus_latifolius,,,
438,Sweet pea,Lathyrus odoratus,http://en.wikipedia.org/wiki/Lathyrus_odoratus,,,
268,Bay laurel,Laurus nobilis,http://en.wikipedia.org/wiki/Laurus_nobilis,http://pt.wikipedia.org/wiki/Laurus_nobilis,loureiro,
17,Lavender,Lavandula,http://en.wikipedia.org/wiki/Lavandula,http://pt.wikipedia.org/wiki/Lavandula,lavandas,
792,Birch bolete,Leccinum scabrum,http://en.wikipedia.org/wiki/Leccinum_scabrum,,,
386,Lemon-scented teatree,Leptospermum petersonii,http://en.wikipedia.org/wiki/Leptospermum_petersonii,,,
387,Teatree,Leptospermum scoparium,http://en.wikipedia.org/wiki/Leptospermum_scoparium,http://pt.wikipedia.org/wiki/Leptospermum_scoparium,,
148,Spicebush,Lindera,http://en.wikipedia.org/wiki/Lindera,http://pt.wikipedia.org/wiki/Lindera,,
498,Sweetgum,Liquidambar,http://en.wikipedia.org/wiki/Liquidambar,http://pt.wikipedia.org/wiki/Liquidambar,"Liquidâmbar, árvore-do-âmbar",
536,Lychee,Litchi chinensis,http://en.wikipedia.org/wiki/Lychee,http://pt.wikipedia.org/wiki/Litchi_chinensis,"lichias, uruvaias",
594,Ryegrass,Lolium,http://en.wikipedia.org/wiki/Ryegrass,http://pt.wikipedia.org/wiki/Lolium,,
360,Honeysuckle,Lonicera,http://en.wikipedia.org/wiki/Lonicera,http://pt.wikipedia.org/wiki/Lonicera,madressilvas,
597,Smallflower bird's-foot trefoil,Lotus parviflorus,,,,
604,Goji,Lycium,http://en.wikipedia.org/wiki/Goji,http://pt.wikipedia.org/wiki/Lycium,,
383,Macadamia,Macadamia,http://en.wikipedia.org/wiki/Macadamia,http://pt.wikipedia.org/wiki/Macadamia,macadâmia,
145,Osage-orange,Maclura pomifera,http://en.wikipedia.org/wiki/Maclura_pomifera,http://pt.wikipedia.org/wiki/Maclura_pomifera,"laranjeira-de-osage, pau-d'arco",
796,Parasol mushroom,Macrolepiota procera,http://en.wikipedia.org/wiki/Macrolepiota_procera,,,
595,Mahonia species,Mahonia,http://en.wikipedia.org/wiki/Mahonia,http://pt.wikipedia.org/wiki/Mahonia,,
197,Oregon-grape,Mahonia aquifolium,http://en.wikipedia.org/wiki/Mahonia_aquifolium,,,
700,Agarita,Mahonia trifoliolata,http://en.wikipedia.org/wiki/Mahonia_trifoliolata,,,
114,Crabapple,Malus,http://en.wikipedia.org/wiki/Malus,http://pt.wikipedia.org/wiki/Malus,,
351,Siberian crabapple,Malus baccata,http://en.wikipedia.org/wiki/Malus_baccata,,,
402,Sweet crabapple,Malus coronaria,http://en.wikipedia.org/wiki/Malus_coronaria,,,
14,Apple,Malus domestica,http://en.wikipedia.org/wiki/Malus_domestica,http://pt.wikipedia.org/wiki/Malus_domestica,maça,
270,Japanese flowering crabapple,Malus floribunda,http://en.wikipedia.org/wiki/Malus_floribunda,,,
403,Oregon crabapple,Malus fusca,http://en.wikipedia.org/wiki/Malus_fusca,,,
416,Tea crabapple,Malus hupehensis,http://en.wikipedia.org/wiki/Malus_hupehensis,,,
314,Prairie crabapple,Malus ioensis,http://en.wikipedia.org/wiki/Malus_ioensis,,,
404,Sargent crabapple,Malus sargentii,http://en.wikipedia.org/wiki/Malus_sargentii,,,
331,European crabapple,Malus sylvestris,http://en.wikipedia.org/wiki/Malus_sylvestris,http://pt.wikipedia.org/wiki/Malus_sylvestris,,
394,Cut-leaf crabapple,Malus transitoria,http://en.wikipedia.org/wiki/Malus_transitoria,,,
361,Pillar crabapple,Malus tschonoskii,http://en.wikipedia.org/wiki/Malus_tschonoskii,,,
554,Mallow,Malva,http://en.wikipedia.org/wiki/Malva,http://pt.wikipedia.org/wiki/Malva,Malva,
418,Mango,Mangifera indica,http://en.wikipedia.org/wiki/Mangifera_indica,http://pt.wikipedia.org/wiki/Mangifera_indica,mangueira,
523,Cassava,Manihot esculenta,http://en.wikipedia.org/wiki/Cassava,http://pt.wikipedia.org/wiki/Manihot_esculenta,"mandioca, macaxeira",
708,Sapodilla,Manilkara zapota,http://en.wikipedia.org/wiki/Manilkara_zapota,http://pt.wikipedia.org/wiki/Manilkara_zapota,Sapotizeiro,
801,Scotch bonnet,Marasmius oreades,http://en.wikipedia.org/wiki/Marasmius_oreades,,,
567,White horehound,Marrubium vulgare,http://en.wikipedia.org/wiki/Marrubium_vulgare,,,
539,Disc mayweed,Matricaria discoidea,http://en.wikipedia.org/wiki/Matricaria_discoidea,,,
746,Ostrich fern,Matteuccia struthiopteris,http://en.wikipedia.org/wiki/Matteuccia_struthiopteris,,,
703,Buriti,Mauritia flexuosa,http://en.wikipedia.org/wiki/Mauritia_flexuosa,http://pt.wikipedia.org/wiki/Mauritia_flexuosa,"Buriti, coqueiro-buriti, buritizeiro, miriti, muriti, muritim, muruti, palmeira-dos-brejos, carandá-guaçu, carandaí-guaçu",
206,Lemon balm,Melissa officinalis,http://en.wikipedia.org/wiki/Melissa_officinalis,http://pt.wikipedia.org/wiki/Melissa_officinalis,"Erva-cidreira, melissa",
99,Mint,Mentha,http://en.wikipedia.org/wiki/Mentha,http://pt.wikipedia.org/wiki/Mentha,"menta, hortelã",
586,Water mint,Mentha aquatica,http://en.wikipedia.org/wiki/Mentha_aquatica,,,
204,Spearmint,Mentha spicata,http://en.wikipedia.org/wiki/Mentha_spicata,http://pt.wikipedia.org/wiki/Mentha_spicata,"hortelã-verde, hortelã-de-leite, hortelã-das-cozinhas, hortelã-dos-temperos, hortelã-vulgar, hortelã-das-hortas, hortelã-comum",
228,Medlar,Mespilus,http://en.wikipedia.org/wiki/Mespilus,http://pt.wikipedia.org/wiki/Mespilus,,
405,Common medlar,Mespilus germanica,http://en.wikipedia.org/wiki/Mespilus_germanica,http://pt.wikipedia.org/wiki/Mespilus_germanica,,
476,Fruit salad plant,Monstera deliciosa,http://en.wikipedia.org/wiki/Monstera_deliciosa,http://pt.wikipedia.org/wiki/Monstera_deliciosa,costela-de-adão,
779,Black morel,Morchella,http://en.wikipedia.org/wiki/Black_morel,,,
702,Noni,Morinda citrifolia,http://en.wikipedia.org/wiki/Morinda_citrifolia,http://pt.wikipedia.org/wiki/Morinda_citrifolia,Noni,
693,Malunggay,Moringa oleifera,http://en.wikipedia.org/wiki/Moringa_oleifera,http://pt.wikipedia.org/wiki/Moringa_oleifera,"Moringa, acácia-branca, árvore-rabanete-de-cavalo, cedro, moringueiro e quiabo-de-quina",
92,Mulberry,Morus,http://en.wikipedia.org/wiki/Morus_(plant),http://pt.wikipedia.org/wiki/Morus,amoreiras,
97,White mulberry,Morus alba,http://en.wikipedia.org/wiki/Morus_alba,http://pt.wikipedia.org/wiki/Morus_alba,,
96,Black mulberry,Morus nigra,http://en.wikipedia.org/wiki/Morus_nigra,http://pt.wikipedia.org/wiki/Morus_nigra,amoreira-preta,
173,Red mulberry,Morus rubra,http://en.wikipedia.org/wiki/Morus_rubra,http://pt.wikipedia.org/wiki/Morus_rubra,,
711,Aratilis,Muntingia calabura,http://en.wikipedia.org/wiki/Muntingia,http://pt.wikipedia.org/wiki/Muntingia_calabura,Calabura,
466,Curry tree,Murraya koenigii,http://en.wikipedia.org/wiki/Curry_tree,http://pt.wikipedia.org/wiki/Murraya_koenigii,árvore-do-caril,
75,Banana,Musa,http://en.wikipedia.org/wiki/Banana,,,
160,Plantain,Musa,http://en.wikipedia.org/wiki/Plantains,,,
132,Northern bayberry,Myrica pensylvanica,http://en.wikipedia.org/wiki/Myrica_pensylvanica,,,
332,Common myrtle,Myrtus communis,http://en.wikipedia.org/wiki/Myrtus_communis,http://pt.wikipedia.org/wiki/Myrtus_communis,Murta-comum,
564,Watercress,Nasturtium officinale,http://en.wikipedia.org/wiki/Watercress,http://pt.wikipedia.org/wiki/Nasturtium_officinale,,
189,American lotus,Nelumbo lutea,http://en.wikipedia.org/wiki/Nelumbo_lutea,http://pt.wikipedia.org/wiki/Nelumbo_lutea, lótus-amarelo,
158,Catnip,Nepeta cataria,http://en.wikipedia.org/wiki/Nepeta_cataria,http://pt.wikipedia.org/wiki/Nepeta_cataria,"erva-gateira, erva-de-gato",
521,Rambutan,Nephelium lappaceum,http://en.wikipedia.org/wiki/Rambutan,http://pt.wikipedia.org/wiki/Nephelium_lappaceum,rambutaneira,
266,Black tupelo,Nyssa sylvatica,http://en.wikipedia.org/wiki/Nyssa_sylvatica,,,
696,Basil,Ocimum,http://en.wikipedia.org/wiki/Basil,,,
231,Indian plum,Oemleria cerasiformis,http://en.wikipedia.org/wiki/Oemleria_cerasiformis,,,
167,Evening primrose,Oenothera,http://en.wikipedia.org/wiki/Oenothera,http://pt.wikipedia.org/wiki/Oenothera,,
59,Olive,Olea europaea,http://en.wikipedia.org/wiki/Olea_europaea,http://pt.wikipedia.org/wiki/Olea_europaea,oliveira,
56,Prickly pear,Opuntia,http://en.wikipedia.org/wiki/Opuntia,http://pt.wikipedia.org/wiki/Opuntia,,
516,Marjoram,Origanum majorana,http://en.wikipedia.org/wiki/Marjoram,http://pt.wikipedia.org/wiki/Origanum_majorana,manjerona ,
193,Oregano,Origanum vulgare,http://en.wikipedia.org/wiki/Origanum_vulgare,http://pt.wikipedia.org/wiki/Origanum_vulgare,"orégano, orégão",
366,Sweet osmanthus,Osmanthus fragrans,http://en.wikipedia.org/wiki/Osmanthus_fragrans,http://pt.wikipedia.org/wiki/Osmanthus_fragrans,,
100,Wood sorrel,Oxalis,http://en.wikipedia.org/wiki/Oxalis,http://pt.wikipedia.org/wiki/Oxalis,,
502,Sourwood,Oxydendrum arboreum,http://en.wikipedia.org/wiki/Oxydendrum,,,
463,Pumpo,Pachira aquatica,http://en.wikipedia.org/wiki/Pachira_aquatica,http://pt.wikipedia.org/wiki/Pachira_aquatica,"Monguba, munguba, mamorama, castanhola, castanha-do-maranhão, carolina, paineira-de-cuba, mamorana",
806,Mexican palo verde,Parkinsonia aculeata,http://en.wikipedia.org/wiki/Parkinsonia_aculeata,,,
78,Passionfruit,Passiflora edulis,http://en.wikipedia.org/wiki/Passiflora_edulis,http://pt.wikipedia.org/wiki/Passiflora_edulis,Maracujá,
190,Maypop,Passiflora incarnata,http://en.wikipedia.org/wiki/Passiflora_incarnata,http://pt.wikipedia.org/wiki/Passiflora_incarnata,flor-da-paixão,
761,Rose geranium,Pelargonium graveolens,http://en.wikipedia.org/wiki/Pelargonium_graveolens,http://pt.wikipedia.org/wiki/Pelargonium_graveolens,,
7,Avocado,Persea americana,http://en.wikipedia.org/wiki/Persea_americana,http://pt.wikipedia.org/wiki/Persea_americana,"Abacateiro, abacado, loiro-abacate, louro-abacate",
532,Water pepper,Persicaria hydropiper,http://en.wikipedia.org/wiki/Persicaria_hydropiper,http://pt.wikipedia.org/wiki/Persicaria_hydropiper,,
457,Garden parsley,Petroselinum crispum,http://en.wikipedia.org/wiki/Petroselinum_crispum,http://pt.wikipedia.org/wiki/Petroselinum_crispum,"salsa, salsinha, perrexil",
64,Green bean,Phaseolus vulgaris,http://en.wikipedia.org/wiki/Green_bean,http://pt.wikipedia.org/wiki/Phaseolus_vulgaris,Feijão,
315,Date palm,Phoenix dactylifera,http://en.wikipedia.org/wiki/Phoenix_dactylifera,http://pt.wikipedia.org/wiki/Phoenix_dactylifera,"tamareira, datileira",
166,Pokeweed,Phytolacca,http://en.wikipedia.org/wiki/Phytolacca,http://pt.wikipedia.org/wiki/Phytolacca,,
501,White pine,Pinus,http://en.wikipedia.org/wiki/White_pine,,,
198,Pinyon pine,Pinus,http://en.wikipedia.org/wiki/Pinyon_pine,,,
569,Pine,Pinus,http://en.wikipedia.org/wiki/Pine,http://pt.wikipedia.org/wiki/Pinus,pinheiro,
347,Lacebark pine,Pinus bungeana,http://en.wikipedia.org/wiki/Pinus_bungeana,http://pt.wikipedia.org/wiki/Pinus_bungeana,,
338,Swiss pine,Pinus cembra,http://en.wikipedia.org/wiki/Pinus_cembra,http://pt.wikipedia.org/wiki/Pinus_cembra,,
316,Mexican pinyon,Pinus cembroides,http://en.wikipedia.org/wiki/Pinus_cembroides,http://pt.wikipedia.org/wiki/Pinus_cembroides,,
317,Coulter pine,Pinus coulteri,http://en.wikipedia.org/wiki/Pinus_coulteri,http://pt.wikipedia.org/wiki/Pinus_coulteri,,
238,Colorado pinyon,Pinus edulis,http://en.wikipedia.org/wiki/Pinus_edulis,http://pt.wikipedia.org/wiki/Pinus_edulis,,
139,Limber pine,Pinus flexilis,http://en.wikipedia.org/wiki/Pinus_flexilis,http://pt.wikipedia.org/wiki/Pinus_flexilis,,
240,Jeffrey pine,Pinus jeffreyi,http://en.wikipedia.org/wiki/Pinus_jeffreyi,http://pt.wikipedia.org/wiki/Pinus_jeffreyi,,
348,Korean pine,Pinus koraiensis,http://en.wikipedia.org/wiki/Pinus_koraiensis,http://pt.wikipedia.org/wiki/Pinus_koraiensis,,
367,Single-leaf pinyon,Pinus monophylla,http://en.wikipedia.org/wiki/Pinus_monophylla,http://pt.wikipedia.org/wiki/Pinus_monophylla,,
295,Japanese white pine,Pinus parviflora,http://en.wikipedia.org/wiki/Pinus_parviflora,http://pt.wikipedia.org/wiki/Pinus_parviflora,,
269,Stone pine,Pinus pinea,http://en.wikipedia.org/wiki/Pinus_pinea,http://pt.wikipedia.org/wiki/Pinus_pinea,pinheiro-manso,
768,Ponderosa pine,Pinus ponderosa,http://en.wikipedia.org/wiki/Pinus_ponderosa,http://pt.wikipedia.org/wiki/Pinus_ponderosa,,
368,Gray pine,Pinus sabiniana,http://en.wikipedia.org/wiki/Pinus_sabiniana,,,
282,Eastern white pine,Pinus strobus,http://en.wikipedia.org/wiki/Pinus_strobus,http://pt.wikipedia.org/wiki/Pinus_strobus,,
318,Torrey pine,Pinus torreyana,http://en.wikipedia.org/wiki/Pinus_torreyana,http://pt.wikipedia.org/wiki/Pinus_torreyana,,
379,Mount atlas pistache,Pistacia atlantica,http://en.wikipedia.org/wiki/Pistacia_atlantica,,,
71,Pistachio,Pistacia vera,http://en.wikipedia.org/wiki/Pistacia_vera,http://pt.wikipedia.org/wiki/Pistacia_vera,"pistache, pistáchio",
776,Madras thorn,Pithecellobium dulce,http://en.wikipedia.org/wiki/Pithecellobium_dulce,http://pt.wikipedia.org/wiki/Pithecellobium_dulce,,
535,Plantain (plant),Plantago,http://en.wikipedia.org/wiki/Plantago,http://pt.wikipedia.org/wiki/Plantago,,
538,English plantain,Plantago lanceolata,http://en.wikipedia.org/wiki/Plantago_lanceolata,http://pt.wikipedia.org/wiki/Plantago_lanceolata,Língua de ovelha,
598,Common plantain,Plantago major,http://en.wikipedia.org/wiki/Plantago_major,http://pt.wikipedia.org/wiki/Plantago_major,"tanchagem, transagem, tansagem",
782,Oyster mushroom,Pleurotus,http://en.wikipedia.org/wiki/Pleurotus,http://pt.wikipedia.org/wiki/Pleurotus,,
780,Pearl oyster mushroom,Pleurotus ostreatus,http://en.wikipedia.org/wiki/Pleurotus_ostreatus,http://pt.wikipedia.org/wiki/Pleurotus_ostreatus,"shimeji-preto, cogumelo ostra",
334,Plum-pine,Podocarpus,http://en.wikipedia.org/wiki/Podocarpus,http://pt.wikipedia.org/wiki/Podocarpus,,
333,Yew plum-pine,Podocarpus macrophyllus,http://en.wikipedia.org/wiki/Podocarpus_macrophyllus,http://pt.wikipedia.org/wiki/Podocarpus_macrophyllus,,
692,Mayapple,Podophyllum peltatum,http://en.wikipedia.org/wiki/Podophyllum_peltatum,http://pt.wikipedia.org/wiki/Podophyllum_peltatum,,
631,Trifoliate orange,Poncirus trifoliata,http://en.wikipedia.org/wiki/Trifoliate_orange,http://pt.wikipedia.org/wiki/Poncirus_trifoliata,,
766,Black poplar,Populus nigra,http://en.wikipedia.org/wiki/Populus_nigra,http://pt.wikipedia.org/wiki/Populus_nigra,"álamo, álamo-negro, choupo negro",
236,Common purslane,Portulaca oleracea,http://en.wikipedia.org/wiki/Portulaca_oleracea,http://pt.wikipedia.org/wiki/Portulaca_oleracea,"beldroega comum, onze-horas, ora-pro-nobis, caaponga, salada-de-negro",
51,Lucuma,Pouteria lucuma,http://en.wikipedia.org/wiki/Pouteria_lucuma,,,
807,Mesquite,Prosopis,http://en.wikipedia.org/wiki/Mesquite,http://pt.wikipedia.org/wiki/Prosopis,algarobeira,
62,Cherry,Prunus,http://en.wikipedia.org/wiki/Cherry,,cerejeira,
285,Stone fruit,Prunus,http://en.wikipedia.org/wiki/Prunus,http://pt.wikipedia.org/wiki/Prunus,árvore de fruta com caroço,
1,Plum,Prunus,http://en.wikipedia.org/wiki/Plum,,"Ameixeira, ameixoeira, ameixieira",
284,American plum,Prunus americana,http://en.wikipedia.org/wiki/Prunus_americana,http://pt.wikipedia.org/wiki/Prunus_americana,,
68,Almond,Prunus amygdalus,http://en.wikipedia.org/wiki/Prunus_amygdalus,,,
723,Chickasaw plum,Prunus angustifolia,http://en.wikipedia.org/wiki/Prunus_angustifolia,,,
79,Apricot,Prunus armeniaca,http://en.wikipedia.org/wiki/Prunus_armeniaca,http://pt.wikipedia.org/wiki/Prunus_armeniaca,damasqueiro,
296,Sweet cherry,Prunus avium,http://en.wikipedia.org/wiki/Prunus_avium,http://pt.wikipedia.org/wiki/Prunus_avium,,
113,Cherry plum,Prunus cerasifera,http://en.wikipedia.org/wiki/Prunus_cerasifera,http://pt.wikipedia.org/wiki/Prunus_cerasifera,,
121,Sour cherry,Prunus cerasus,http://en.wikipedia.org/wiki/Prunus_cerasus,http://pt.wikipedia.org/wiki/Prunus_cerasus,"Ginja, cereja ácida, amarena",
441,European plum,Prunus domestica,http://en.wikipedia.org/wiki/Prunus_domestica,http://pt.wikipedia.org/wiki/Prunus_domestica,ameixeira-europeia,
748,Greengage plum,Prunus domestica subsp. italica var. claudiana,http://en.wikipedia.org/wiki/Greengage,,,
691,Mirabelle plum,Prunus domestica subsp. syriaca,http://en.wikipedia.org/wiki/Mirabelle_plum,,,
744,Damson plum,Prunus domestica var. insititia,http://en.wikipedia.org/wiki/Damson,,,
319,Hollyleaf cherry,Prunus ilicifolia,http://en.wikipedia.org/wiki/Prunus_ilicifolia,,,
578,Catalina cherry,Prunus ilicifolia lyonii,http://en.wikipedia.org/wiki/Prunus_ilicifolia,,,
349,Fuji cherry,Prunus incisa,http://en.wikipedia.org/wiki/Prunus_incisa,,,
237,Mahaleb cherry,Prunus mahaleb,http://en.wikipedia.org/wiki/Prunus_mahaleb,http://pt.wikipedia.org/wiki/Prunus_mahaleb,,
698,Beach plum,Prunus maritima,http://en.wikipedia.org/wiki/Prunus_maritima,,,
443,Mexican plum,Prunus mexicana,http://en.wikipedia.org/wiki/Prunus_mexicana,,,
373,Japanese apricot,Prunus mume,http://en.wikipedia.org/wiki/Prunus_mume,,,
504,Wild goose plum,Prunus munsoniana,,,,
339,Canada plum,Prunus nigra,http://en.wikipedia.org/wiki/Prunus_nigra,,,
154,European bird cherry,Prunus padus,http://en.wikipedia.org/wiki/Prunus_padus,http://pt.wikipedia.org/wiki/Prunus_padus,"azereiro-dos-danados, pado, pado-do-alvão",
412,Pin cherry,Prunus pensylvanica,http://en.wikipedia.org/wiki/Prunus_pensylvanica,,,
52,Peach,Prunus persica,http://en.wikipedia.org/wiki/Prunus_persica,http://pt.wikipedia.org/wiki/Prunus_persica,pessegueiro,
54,Nectarine,Prunus persica var. nucipersica,http://en.wikipedia.org/wiki/Nectarine#Nectarines,,,
220,Sand cherry,Prunus pumila,http://en.wikipedia.org/wiki/Prunus_pumila,,,
406,Japanese plum,Prunus salicina,http://en.wikipedia.org/wiki/Prunus_salicina,http://pt.wikipedia.org/wiki/Prunus_salicina,ameixeira-japonesa ,
636,Sargent cherry,Prunus sargentii,http://en.wikipedia.org/wiki/Prunus_sargentii,,,
168,Black cherry,Prunus serotina,http://en.wikipedia.org/wiki/Prunus_serotina,http://pt.wikipedia.org/wiki/Prunus_serotina,Cerejeira negra ,
388,Blackthorn,Prunus spinosa,http://en.wikipedia.org/wiki/Prunus_spinosa,http://pt.wikipedia.org/wiki/Prunus_spinosa,abrunheiro,
407,Klamath plum,Prunus subcordata,http://en.wikipedia.org/wiki/Prunus_subcordata,http://pt.wikipedia.org/wiki/Prunus_subcordata,,
372,Higan cherry,Prunus subhirtella,http://en.wikipedia.org/wiki/Prunus_subhirtella,http://pt.wikipedia.org/wiki/Prunus_subhirtella,,
442,Hog plum,Prunus umbellata,,http://pt.wikipedia.org/wiki/Prunus_umbellata,,
186,Chokecherry,Prunus virginiana,http://en.wikipedia.org/wiki/Prunus_virginiana,http://pt.wikipedia.org/wiki/Prunus_virginiana,,
408,Chinese quince,Pseudocydonia sinensis,http://en.wikipedia.org/wiki/Pseudocydonia_sinensis,http://pt.wikipedia.org/wiki/Pseudocydonia_sinensis,,
76,Guava,Psidium,http://en.wikipedia.org/wiki/Psidium,http://pt.wikipedia.org/wiki/Psidium,goiabeira,
58,Strawberry guava,Psidium cattleianum,http://en.wikipedia.org/wiki/Psidium_cattleianum,http://pt.wikipedia.org/wiki/Psidium_cattleianum,"araçaeiro, araçá",
458,Common guava,Psidium guajava,http://en.wikipedia.org/wiki/Psidium_guajava,http://pt.wikipedia.org/wiki/Psidium_guajava,goiabeira comum,
747,Bracken fern,Pteridium,http://en.wikipedia.org/wiki/Bracken,http://pt.wikipedia.org/wiki/Pteridium,,
103,Kudzu,Pueraria lobata,http://en.wikipedia.org/wiki/Pueraria_lobata,http://pt.wikipedia.org/wiki/Pueraria_lobata,,
13,Pomegranate,Punica granatum,http://en.wikipedia.org/wiki/Punica_granatum,http://pt.wikipedia.org/wiki/Punica_granatum,,
588,Firethorn,Pyracantha,http://en.wikipedia.org/wiki/Pyracantha,http://pt.wikipedia.org/wiki/Pyracantha,,
733,Scarlet firethorn,Pyracantha coccinea,http://en.wikipedia.org/wiki/Pyracantha_coccinea,http://pt.wikipedia.org/wiki/Pyracantha_coccinea,,
15,Pear,Pyrus,http://en.wikipedia.org/wiki/Pyrus,http://pt.wikipedia.org/wiki/Pyrus,,
286,European pear,Pyrus communis,http://en.wikipedia.org/wiki/Pyrus_communis,http://pt.wikipedia.org/wiki/Pyrus_communis,,
632,European wild pear,Pyrus pyraster,http://en.wikipedia.org/wiki/Pyrus_pyraster,http://pt.wikipedia.org/wiki/Pyrus_pyraster,,
124,Asian pear,Pyrus pyrifolia,http://en.wikipedia.org/wiki/Pyrus_pyrifolia,http://pt.wikipedia.org/wiki/Pyrus_pyrifolia,,
72,Oak,Quercus,http://en.wikipedia.org/wiki/Quercus,http://pt.wikipedia.org/wiki/Quercus,,
808,Coast live oak,Quercus agrifolia,http://en.wikipedia.org/wiki/Quercus_agrifolia,http://pt.wikipedia.org/wiki/Quercus_agrifolia,,
142,White oak,Quercus alba,http://en.wikipedia.org/wiki/Quercus_alba,http://pt.wikipedia.org/wiki/Quercus_alba,,
288,Swamp white oak,Quercus bicolor,http://en.wikipedia.org/wiki/Quercus_bicolor,http://pt.wikipedia.org/wiki/Quercus_bicolor,,
245,Turkey oak,Quercus cerris,http://en.wikipedia.org/wiki/Quercus_cerris,http://pt.wikipedia.org/wiki/Quercus_cerris,,
274,Holm oak,Quercus ilex,http://en.wikipedia.org/wiki/Quercus_ilex,http://pt.wikipedia.org/wiki/Quercus_ilex,,
559,Overcup oak,Quercus lyrata,http://en.wikipedia.org/wiki/Quercus_lyrata,http://pt.wikipedia.org/wiki/Quercus_lyrata,,
179,Bur oak,Quercus macrocarpa,http://en.wikipedia.org/wiki/Quercus_macrocarpa,http://pt.wikipedia.org/wiki/Quercus_macrocarpa,,
247,Chinkapin oak,Quercus muehlenbergii,http://en.wikipedia.org/wiki/Quercus_muehlenbergii,http://pt.wikipedia.org/wiki/Quercus_muehlenbergii,,
287,Chestnut oak,Quercus prinus,http://en.wikipedia.org/wiki/Quercus_prinus,http://pt.wikipedia.org/wiki/Quercus_prinus,,
249,English oak,Quercus robur,http://en.wikipedia.org/wiki/Quercus_robur,http://pt.wikipedia.org/wiki/Quercus_robur,,
135,Northern red oak,Quercus rubra,http://en.wikipedia.org/wiki/Quercus_rubra,http://pt.wikipedia.org/wiki/Quercus_rubra,,
129,Cork oak,Quercus suber,http://en.wikipedia.org/wiki/Quercus_suber,http://pt.wikipedia.org/wiki/Quercus_suber,,
849,Radish,Raphanus sativus,http://en.wikipedia.org/wiki/Radish,http://pt.wikipedia.org/wiki/Raphanus_sativus,,
24,Rhubarb,Rheum rhabarbarum,http://en.wikipedia.org/wiki/Rheum_rhabarbarum,http://pt.wikipedia.org/wiki/Rheum_rhabarbarum,,
117,Sumac,Rhus,http://en.wikipedia.org/wiki/Rhus,http://pt.wikipedia.org/wiki/Rhus,,
140,Fragrant sumac,Rhus aromatica,http://en.wikipedia.org/wiki/Rhus_aromatica,http://pt.wikipedia.org/wiki/Rhus_aromatica,,
409,Smooth sumac,Rhus glabra,http://en.wikipedia.org/wiki/Rhus_glabra,http://pt.wikipedia.org/wiki/Rhus_glabra,,
321,Sugar sumac,Rhus ovata,http://en.wikipedia.org/wiki/Rhus_ovata,http://pt.wikipedia.org/wiki/Rhus_ovata,,
191,Staghorn sumac,Rhus typhina,http://en.wikipedia.org/wiki/Rhus_typhina,http://pt.wikipedia.org/wiki/Rhus_typhina,,
106,Currant,Ribes,http://en.wikipedia.org/wiki/Ribes,http://pt.wikipedia.org/wiki/Ribes,,
649,Jostaberry,Ribes Ă nidigrolaria,http://en.wikipedia.org/wiki/Jostaberry,http://pt.wikipedia.org/wiki/Ribes_Ă_nidigrolaria,,
107,Golden currant,Ribes aureum,http://en.wikipedia.org/wiki/Ribes_aureum,http://pt.wikipedia.org/wiki/Ribes_aureum,,
630,Blackcurrant,Ribes nigrum,http://en.wikipedia.org/wiki/Blackcurrant,http://pt.wikipedia.org/wiki/Ribes_nigrum,,
432,Redcurrant,Ribes rubrum,http://en.wikipedia.org/wiki/Ribes_rubrum,http://pt.wikipedia.org/wiki/Ribes_rubrum,,
650,Whitecurrant,Ribes rubrum,http://en.wikipedia.org/wiki/White_currant,http://pt.wikipedia.org/wiki/Ribes_rubrum,,
126,Gooseberry,Ribes uva-crispa,http://en.wikipedia.org/wiki/Ribes_uva-crispa,http://pt.wikipedia.org/wiki/Ribes_uva-crispa,,
755,Sticky currant,Ribes viscosissimum,http://en.wikipedia.org/wiki/Ribes_viscosissimum,http://pt.wikipedia.org/wiki/Ribes_viscosissimum,,
110,Black locust,Robinia pseudoacacia,http://en.wikipedia.org/wiki/Robinia_pseudoacacia,http://pt.wikipedia.org/wiki/Robinia_pseudoacacia,,
82,Rose,Rosa,http://en.wikipedia.org/wiki/Rose,http://pt.wikipedia.org/wiki/Rosa,,
520,Dog rose,Rosa canina,http://en.wikipedia.org/wiki/Dog_rose,http://pt.wikipedia.org/wiki/Rosa_canina,,
547,Sweetbriar rose,Rosa rubiginosa,http://en.wikipedia.org/wiki/Rosa_rubiginosa,http://pt.wikipedia.org/wiki/Rosa_rubiginosa,,
757,Rugosa rose,Rosa rugosa,http://en.wikipedia.org/wiki/Rosa_rugosa,http://pt.wikipedia.org/wiki/Rosa_rugosa,,
10,Rosemary,Rosmarinus officinalis,http://en.wikipedia.org/wiki/Rosmarinus_officinalis,http://pt.wikipedia.org/wiki/Rosmarinus_officinalis,,
48,Blackberry,Rubus,http://en.wikipedia.org/wiki/Blackberry,,,
98,Dewberry,Rubus,http://en.wikipedia.org/wiki/Dewberry,,,
122,Raspberry,Rubus,http://en.wikipedia.org/wiki/Raspberry,,,
123,Black raspberry,Rubus,http://en.wikipedia.org/wiki/Black_raspberry,,,
566,Loganberry,Rubus Ă loganobaccus,http://en.wikipedia.org/wiki/Loganberry,http://pt.wikipedia.org/wiki/Rubus_Ă_loganobaccus,,
420,Cloudberry,Rubus chamaemorus,http://en.wikipedia.org/wiki/Rubus_chamaemorus,http://pt.wikipedia.org/wiki/Rubus_chamaemorus,,
196,Thimbleberry,Rubus parviflorus,http://en.wikipedia.org/wiki/Rubus_parviflorus,http://pt.wikipedia.org/wiki/Rubus_parviflorus,,
701,Wine raspberry,Rubus phoenicolasius,http://en.wikipedia.org/wiki/Rubus_phoenicolasius,http://pt.wikipedia.org/wiki/Rubus_phoenicolasius,,
230,Salmonberry,Rubus spectabilis,http://en.wikipedia.org/wiki/Rubus_spectabilis,http://pt.wikipedia.org/wiki/Rubus_spectabilis,,
210,Dock,Rumex,http://en.wikipedia.org/wiki/Rumex,http://pt.wikipedia.org/wiki/Rumex,,
437,Common sorrel,Rumex acetosa,http://en.wikipedia.org/wiki/Rumex_acetosa,http://pt.wikipedia.org/wiki/Rumex_acetosa,,
171,Curly dock,Rumex crispus,http://en.wikipedia.org/wiki/Rumex_crispus,http://pt.wikipedia.org/wiki/Rumex_crispus,,
809,Mexican palmetto,Sabal mexicana,http://en.wikipedia.org/wiki/Sabal_mexicana,http://pt.wikipedia.org/wiki/Sabal_mexicana,,
125,Arrowhead,Sagittaria,http://en.wikipedia.org/wiki/Sagittaria,http://pt.wikipedia.org/wiki/Sagittaria,,
706,Broadleaf arrowhead,Sagittaria latifolia,http://en.wikipedia.org/wiki/Sagittaria_latifolia,http://pt.wikipedia.org/wiki/Sagittaria_latifolia,,
213,Black willow,Salix nigra,http://en.wikipedia.org/wiki/Salix_nigra,http://pt.wikipedia.org/wiki/Salix_nigra,,
9,Sage,Salvia,http://en.wikipedia.org/wiki/Salvia,http://pt.wikipedia.org/wiki/Salvia,,
777,White sage,Salvia apiana,http://en.wikipedia.org/wiki/Salvia_apiana,http://pt.wikipedia.org/wiki/Salvia_apiana,,
74,Elderberry,Sambucus,http://en.wikipedia.org/wiki/Sambucus,http://pt.wikipedia.org/wiki/Sambucus,,
433,Blue elderberry,Sambucus cerulea,http://en.wikipedia.org/wiki/Sambucus_cerulea,http://pt.wikipedia.org/wiki/Sambucus_cerulea,,
322,Black elderberry,Sambucus nigra,http://en.wikipedia.org/wiki/Sambucus_nigra,http://pt.wikipedia.org/wiki/Sambucus_nigra,,
514,Desert quandong,Santalum acuminatum,http://en.wikipedia.org/wiki/Santalum_acuminatum,http://pt.wikipedia.org/wiki/Santalum_acuminatum,,
212,Soapberry,Sapindus,http://en.wikipedia.org/wiki/Sapindus,http://pt.wikipedia.org/wiki/Sapindus,,
147,Sassafras,Sassafras albidum,http://en.wikipedia.org/wiki/Sassafras_albidum,http://pt.wikipedia.org/wiki/Sassafras_albidum,,
762,Satureja species,Satureja,http://en.wikipedia.org/wiki/Satureja,http://pt.wikipedia.org/wiki/Satureja,,
421,Summer savory,Satureja hortensis,http://en.wikipedia.org/wiki/Satureja_hortensis,http://pt.wikipedia.org/wiki/Satureja_hortensis,,
335,Peruvian pepper,Schinus molle,http://en.wikipedia.org/wiki/Schinus_molle,http://pt.wikipedia.org/wiki/Schinus_molle,,
262,Brazilian pepper,Schinus terebinthifolius,http://en.wikipedia.org/wiki/Schinus_terebinthifolius,http://pt.wikipedia.org/wiki/Schinus_terebinthifolius,,
427,Eastern gray squirrel,Sciurus carolinensis,http://en.wikipedia.org/wiki/Sciurus_carolinensis,http://pt.wikipedia.org/wiki/Sciurus_carolinensis,,
518,Chayote,Sechium edule,http://en.wikipedia.org/wiki/Chayote,http://pt.wikipedia.org/wiki/Sechium_edule,,
540,Wallpepper,Sedum acre,http://en.wikipedia.org/wiki/Sedum_acre,http://pt.wikipedia.org/wiki/Sedum_acre,,
695,White mustard,Sinapis alba,http://en.wikipedia.org/wiki/White_mustard,http://pt.wikipedia.org/wiki/Sinapis_alba,,
601,London rocket,Sisymbrium irio,http://en.wikipedia.org/wiki/Sisymbrium_irio,http://pt.wikipedia.org/wiki/Sisymbrium_irio,,
591,Hedge mustard,Sisymbrium officinale,http://en.wikipedia.org/wiki/Sisymbrium_officinale,http://pt.wikipedia.org/wiki/Sisymbrium_officinale,,
614,Alexanders,Smyrnium olusatrum,http://en.wikipedia.org/wiki/Smyrnium_olusatrum,http://pt.wikipedia.org/wiki/Smyrnium_olusatrum,,
470,Tamarillo,Solanum betaceum,http://en.wikipedia.org/wiki/Tamarillo,http://pt.wikipedia.org/wiki/Solanum_betaceum,,
61,Tomato,Solanum lycopersicum,http://en.wikipedia.org/wiki/Solanum_lycopersicum,http://pt.wikipedia.org/wiki/Solanum_lycopersicum,,
732,Eggplant,Solanum melongena,http://en.wikipedia.org/wiki/Eggplant,http://pt.wikipedia.org/wiki/Solanum_melongena,,
638,Potato,Solanum tuberosum,http://en.wikipedia.org/wiki/Potato,http://pt.wikipedia.org/wiki/Solanum_tuberosum,,
683,Rowan,Sorbus,http://en.wikipedia.org/wiki/Rowan,http://pt.wikipedia.org/wiki/Sorbus,,
410,Common whitebeam,Sorbus aria,http://en.wikipedia.org/wiki/Sorbus_aria,http://pt.wikipedia.org/wiki/Sorbus_aria,,
278,European rowan,Sorbus aucuparia,http://en.wikipedia.org/wiki/Sorbus_aucuparia,http://pt.wikipedia.org/wiki/Sorbus_aucuparia,,
411,True service tree,Sorbus domestica,http://en.wikipedia.org/wiki/Sorbus_domestica,http://pt.wikipedia.org/wiki/Sorbus_domestica,,
590,Swedish whitebeam,Sorbus intermedia,http://en.wikipedia.org/wiki/Sorbus_%C3%97_intermedia,http://pt.wikipedia.org/wiki/Sorbus_intermedia,,
736,Mombin,Spondias,http://en.wikipedia.org/wiki/Spondias,http://pt.wikipedia.org/wiki/Spondias,,
740,Yellow mombin,Spondias mombin,http://en.wikipedia.org/wiki/Spondias_mombin,http://pt.wikipedia.org/wiki/Spondias_mombin,,
555,Lamb's ear,Stachys byzantina,http://en.wikipedia.org/wiki/Stachys_byzantina,http://pt.wikipedia.org/wiki/Stachys_byzantina,,
229,Common chickweed,Stellaria media,http://en.wikipedia.org/wiki/Stellaria_media,http://pt.wikipedia.org/wiki/Stellaria_media,,
817,Sterculia species,Sterculia,http://en.wikipedia.org/wiki/Sterculia,http://pt.wikipedia.org/wiki/Sterculia,,
786,Slippery jack,Suillus luteus,http://en.wikipedia.org/wiki/Suillus_luteus,http://pt.wikipedia.org/wiki/Suillus_luteus,,
273,Queen palm,Syagrus romanzoffiana,http://en.wikipedia.org/wiki/Syagrus_romanzoffiana,http://pt.wikipedia.org/wiki/Syagrus_romanzoffiana,,
473,Comfrey,Symphytum,http://en.wikipedia.org/wiki/Symphytum,http://pt.wikipedia.org/wiki/Symphytum,,
380,Lilly pilly,Syzygium,http://en.wikipedia.org/wiki/Syzygium,http://pt.wikipedia.org/wiki/Syzygium,,
454,Jambul,Syzygium cumini,http://en.wikipedia.org/wiki/Jambul,http://pt.wikipedia.org/wiki/Syzygium_cumini,,
265,Magenta lilly pilly,Syzygium paniculatum,http://en.wikipedia.org/wiki/Syzygium_paniculatum,http://pt.wikipedia.org/wiki/Syzygium_paniculatum,,
834,Wax apple,Syzygium samarangense,http://en.wikipedia.org/wiki/Syzygium_samarangense,http://pt.wikipedia.org/wiki/Syzygium_samarangense,,
453,Tamarind,Tamarindus indica,http://en.wikipedia.org/wiki/Tamarind,http://pt.wikipedia.org/wiki/Tamarindus_indica,,
565,Feverfew,Tanacetum parthenium,http://en.wikipedia.org/wiki/Feverfew,http://pt.wikipedia.org/wiki/Tanacetum_parthenium,,
543,Common tansy,Tanacetum vulgare,http://en.wikipedia.org/wiki/Tanacetum_vulgare,http://pt.wikipedia.org/wiki/Tanacetum_vulgare,,
90,Dandelion,Taraxacum,http://en.wikipedia.org/wiki/Taraxacum,http://pt.wikipedia.org/wiki/Taraxacum,,
726,CupuaĂ§u,Theobroma grandiflorum,http://en.wikipedia.org/wiki/Cupua%C3%A7u,http://pt.wikipedia.org/wiki/Theobroma_grandiflorum,,
192,Thyme,Thymus,http://en.wikipedia.org/wiki/Thymus_(genus),http://pt.wikipedia.org/wiki/Thymus,,
764,Silverleafed princess flower,Tibouchina heteromalla,http://en.wikipedia.org/wiki/Tibouchina_heteromalla,http://pt.wikipedia.org/wiki/Tibouchina_heteromalla,,
163,Linden,Tilia,http://en.wikipedia.org/wiki/Tilia,http://pt.wikipedia.org/wiki/Tilia,,
143,American linden,Tilia americana,http://en.wikipedia.org/wiki/Tilia_americana,http://pt.wikipedia.org/wiki/Tilia_americana,,
253,Small-leaved linden,Tilia cordata,http://en.wikipedia.org/wiki/Tilia_cordata,http://pt.wikipedia.org/wiki/Tilia_cordata,,
369,Large-leaved linden,Tilia platyphyllos,http://en.wikipedia.org/wiki/Tilia_platyphyllos,http://pt.wikipedia.org/wiki/Tilia_platyphyllos,,
239,Silver linden,Tilia tomentosa,http://en.wikipedia.org/wiki/Tilia_tomentosa,http://pt.wikipedia.org/wiki/Tilia_tomentosa,,
243,European linden,Tilia x europaea,http://en.wikipedia.org/wiki/Tilia_europaea,http://pt.wikipedia.org/wiki/Tilia_europaea,,
244,Chinese toon,Toona sinensis,http://en.wikipedia.org/wiki/Toona_sinensis,http://pt.wikipedia.org/wiki/Toona_sinensis,,
374,California nutmeg,Torreya californica,http://en.wikipedia.org/wiki/Torreya_californica,http://pt.wikipedia.org/wiki/Torreya_californica,,
722,Common salsify,Tragopogon porrifolius,http://en.wikipedia.org/wiki/Tragopogon_porrifolius,http://pt.wikipedia.org/wiki/Tragopogon_porrifolius,,
596,Clover,Trifolium,http://en.wikipedia.org/wiki/Clover,,,
728,Red clover,Trifolium pratense,http://en.wikipedia.org/wiki/Trifolium_pratense,http://pt.wikipedia.org/wiki/Trifolium_pratense,,
727,White clover,Trifolium repens,http://en.wikipedia.org/wiki/Trifolium_repens,http://pt.wikipedia.org/wiki/Trifolium_repens,,
66,Nasturtium,Tropaeolum,http://en.wikipedia.org/wiki/Tropaeolum,http://pt.wikipedia.org/wiki/Tropaeolum,,
108,Cattail,Typha,http://en.wikipedia.org/wiki/Typha,http://pt.wikipedia.org/wiki/Typha,,
589,Gorse,Ulex,http://en.wikipedia.org/wiki/Ulex,http://pt.wikipedia.org/wiki/Ulex,,
164,Elm,Ulmus,http://en.wikipedia.org/wiki/Ulmus,http://pt.wikipedia.org/wiki/Ulmus,,
279,California laurel,Umbellularia californica,http://en.wikipedia.org/wiki/Umbellularia_californica,http://pt.wikipedia.org/wiki/Umbellularia_californica,,
149,Nettle,Urtica,http://en.wikipedia.org/wiki/Urtica,http://pt.wikipedia.org/wiki/Urtica,,
232,Stinging nettle,Urtica dioica,http://en.wikipedia.org/wiki/Urtica_dioica,http://pt.wikipedia.org/wiki/Urtica_dioica,,
88,Blueberry,Vaccinium,http://en.wikipedia.org/wiki/Blueberry,,,
223,Cranberry,Vaccinium,http://en.wikipedia.org/wiki/Cranberry,,,
613,Whortleberry,Vaccinium,http://en.wikipedia.org/wiki/Whortleberry,,,
558,Darrow's blueberry,Vaccinium darrowii,http://en.wikipedia.org/wiki/Vaccinium_darrowii,http://pt.wikipedia.org/wiki/Vaccinium_darrowii,,
529,Common bilberry,Vaccinium myrtillus,http://en.wikipedia.org/wiki/Vaccinium_myrtillus,http://pt.wikipedia.org/wiki/Vaccinium_myrtillus,,
713,Red huckleberry,Vaccinium parvifolium,http://en.wikipedia.org/wiki/Vaccinium_parvifolium,http://pt.wikipedia.org/wiki/Vaccinium_parvifolium,,
425,Lingonberry,Vaccinium vitis-idaea,http://en.wikipedia.org/wiki/Vaccinium_vitis-idaea,http://pt.wikipedia.org/wiki/Vaccinium_vitis-idaea,,
415,Nannyberry,Viburnum lentago,http://en.wikipedia.org/wiki/Viburnum_lentago,http://pt.wikipedia.org/wiki/Viburnum_lentago,,
607,Guelder rose,Viburnum opulus,http://en.wikipedia.org/wiki/Viburnum_opulus,http://pt.wikipedia.org/wiki/Viburnum_opulus,,
355,Black haw,Viburnum prunifolium,http://en.wikipedia.org/wiki/Viburnum_prunifolium,http://pt.wikipedia.org/wiki/Viburnum_prunifolium,,
176,American cranberrybush,Viburnum trilobum,http://en.wikipedia.org/wiki/Viburnum_trilobum,http://pt.wikipedia.org/wiki/Viburnum_trilobum,,
506,Fava bean,Vicia faba,http://en.wikipedia.org/wiki/Vicia_faba,http://pt.wikipedia.org/wiki/Vicia_faba,,
456,Mung bean,Vigna radiata,http://en.wikipedia.org/wiki/Vigna_radiata,http://pt.wikipedia.org/wiki/Vigna_radiata,,
424,Violet,Viola,http://en.wikipedia.org/wiki/Viola_(plant),http://pt.wikipedia.org/wiki/Viola,,
336,Chaste tree,Vitex agnus-castus,http://en.wikipedia.org/wiki/Vitex_agnus-castus,http://pt.wikipedia.org/wiki/Vitex_agnus-castus,,
16,Grape,Vitis,http://en.wikipedia.org/wiki/Vitis,http://pt.wikipedia.org/wiki/Vitis,,
128,Fox grape,Vitis labrusca,http://en.wikipedia.org/wiki/Vitis_labrusca,http://pt.wikipedia.org/wiki/Vitis_labrusca,,
753,Concord grape,Vitis labrusca 'Concord',http://en.wikipedia.org/wiki/Concord_(grape),,,
705,Mustang grape,Vitis mustangensis,http://en.wikipedia.org/wiki/Vitis_mustangensis,http://pt.wikipedia.org/wiki/Vitis_mustangensis,,
101,Muscadine,Vitis rotundifolia,http://en.wikipedia.org/wiki/Vitis_rotundifolia,http://pt.wikipedia.org/wiki/Vitis_rotundifolia,,
629,Common grape,Vitis vinifera,https://en.wikipedia.org/wiki/Vitis_vinifera,http://pt.wikipedia.org/wiki/Vitis_vinifera,,
324,Desert fan palm,Washingtonia filifera,http://en.wikipedia.org/wiki/Washingtonia_filifera,http://pt.wikipedia.org/wiki/Washingtonia_filifera,,
325,Mexican fan palm,Washingtonia robusta,http://en.wikipedia.org/wiki/Washingtonia_robusta,http://pt.wikipedia.org/wiki/Washingtonia_robusta,,
550,Yellowhorn,Xanthoceras sorbifolium,http://en.wikipedia.org/wiki/Xanthoceras,http://pt.wikipedia.org/wiki/Xanthoceras_sorbifolium,,
741,Yucca,Yucca,http://en.wikipedia.org/wiki/Yucca,http://pt.wikipedia.org/wiki/Yucca,,
375,Faxon yucca,Yucca faxoniana,http://en.wikipedia.org/wiki/Yucca_faxoniana,http://pt.wikipedia.org/wiki/Yucca_faxoniana,,
385,Spineless yucca,Yucca gigantea,http://en.wikipedia.org/wiki/Yucca_gigantea,http://pt.wikipedia.org/wiki/Yucca_gigantea,,
393,Moundlily yucca,Yucca gloriosa,http://en.wikipedia.org/wiki/Yucca_gloriosa,http://pt.wikipedia.org/wiki/Yucca_gloriosa,,
577,Curve-leaf yucca,Yucca recurvifolia,http://en.wikipedia.org/wiki/Curve-leaf_yucca,http://pt.wikipedia.org/wiki/Yucca_recurvifolia,,
645,Corn,Zea mays,http://en.wikipedia.org/wiki/Maize,http://pt.wikipedia.org/wiki/Zea_mays,,
104,Jujube,Ziziphus jujuba,http://en.wikipedia.org/wiki/Ziziphus_jujuba,http://pt.wikipedia.org/wiki/Ziziphus_jujuba,,
86,Community garden,,http://en.wikipedia.org/wiki/Community_garden,,,
195,Huckleberry,,http://en.wikipedia.org/wiki/Huckleberry,,,
205,Chamomile,,http://en.wikipedia.org/wiki/Chamomile,,,
450,Community nursery,,http://en.wikipedia.org/wiki/Community_gardening,,,
517,Vegetable,,http://en.wikipedia.org/wiki/Vegetable,,,
482,Monkey fruit,,http://en.wikipedia.org/wiki/Monkey_fruit,,,
508,Urban farm,,http://en.wikipedia.org/wiki/Urban_farm,,,
2,Dumpster,,http://en.wikipedia.org/wiki/Garbage_picking,,,
533,Water well,,http://en.wikipedia.org/wiki/Water_well,,,
534,Fish,,http://en.wikipedia.org/wiki/Fish,,,
426,Herb,,http://en.wikipedia.org/wiki/Herb,,,
161,Bamboo,,http://en.wikipedia.org/wiki/Bamboo,,,
211,Beehive,,http://en.wikipedia.org/wiki/Beehive,,,
234,Fruit tree,,http://en.wikipedia.org/wiki/Fruit_tree,,,
264,Palm,,http://en.wikipedia.org/wiki/Palm_(plant),,,
384,Nut tree,,http://en.wikipedia.org/wiki/Nut_(fruit),,,
446,Berry,,http://en.wikipedia.org/wiki/Berry,,,
562,Water spring,,http://en.wikipedia.org/wiki/Spring_(hydrology),,,
611,Orchard,,http://en.wikipedia.org/wiki/Orchard,,,
612,Forest garden,,http://en.wikipedia.org/wiki/Forest_garden,,,
616,Compost,,http://en.wikipedia.org/wiki/Compost,,,
660,Campsite,,http://en.wikipedia.org/wiki/Campsite,,,
641,Guerilla garden,,http://en.wikipedia.org/wiki/Guerrilla_gardening,,,
663,Tree swing,,http://en.wikipedia.org/wiki/Swing_(seat),,,
674,Growing space,,http://en.wikipedia.org/wiki/Urban_agriculture,,,
687,Fruit,,http://en.wikipedia.org/wiki/Fruit,,,
688,Crayfish,,http://en.wikipedia.org/wiki/Crayfish,,,
694,Medicinal plant,,http://en.wikipedia.org/wiki/List_of_plants_used_in_herbalism,,,
712,Rabbit,,http://en.wikipedia.org/wiki/Rabbit,,,
734,Daisy,,http://en.wikipedia.org/wiki/Daisy,,,
745,Fern,,http://en.wikipedia.org/wiki/Fern,,,
750,Plant,,http://en.wikipedia.org/wiki/Plant,,,
751,Straw,,http://en.wikipedia.org/wiki/Straw,,,
735,Drinking fountain,,http://en.wikipedia.org/wiki/Water_fountain#Drinking_fountain,,,
763,Cactus,,http://en.wikipedia.org/wiki/Cactus,,,
795,Puffball,,http://en.wikipedia.org/wiki/Puffball,,,
775,Sapote,,http://en.wikipedia.org/wiki/Sapote,,,
839,Free store,,http://en.wikipedia.org/wiki/Give-away_shop,,,
821,Free box,,http://en.wikipedia.org/wiki/Free_box,,,
836,Dumpster non-edible,,http://en.wikipedia.org/wiki/Garbage_picking,,,
826,Locust tree,,http://en.wikipedia.org/wiki/Locust_tree,,,
89,Mushroom,,http://en.wikipedia.org/wiki/Mushroom,,,
837,Market,,http://en.wikipedia.org/wiki/Garbage_picking,,,
838,Market non-edible,,http://en.wikipedia.org/wiki/Garbage_picking,,,
844,U-pick,,http://en.wikipedia.org/wiki/U-pick,,,
843,Freegan,,http://en.wikipedia.org/wiki/Freeganism,,,
840,Table,,http://en.wikipedia.org/wiki/Garbage_picking,,,
845,Leftovers,,http://en.wikipedia.org/wiki/Leftovers,,,
846,Meal,,http://en.wikipedia.org/wiki/Meal,,,
848,Public bench,,http://en.wikipedia.org/wiki/Bench_(furniture),,Banco público,