ff_id,ff_rank,ff_scientific,eol_scientific,eol_id,wiki_title,wiki_url,ff_name,eol_names,wiki_names,human_names,translated_name
979,8,Acacia cultriformis,,,Esponjinha,https://pt.wikipedia.org/wiki/Esponjinha,Knife-leaf wattle,,Esponjinha,,Esponjinha
1010,8,Acacia decurrens,,,Acácia-negra,https://pt.wikipedia.org/wiki/Ac%C3%A1cia-negra,Early black wattle,,Acácia-negra,,Acácia-negra
579,8,Acacia farnesiana,Acacia farnesiana (L.) Willd.,684149,Acácia-amarela,https://pt.wikipedia.org/wiki/Ac%C3%A1cia-amarela,Needle bush,"Esponjeira, esponja",Acácia-amarela,,Acácia-amarela
1022,8,Acacia melanoxylon,Acacia melanoxylon R. Br.,8684941,,https://pt.wikipedia.org/wiki/Acacia_melanoxylon,Sally wattle,Acácia-preta,,,Acácia-preta
1171,8,Acacia saligna,Acacia saligna (Labill.) Wendl.,690383,,https://pt.wikipedia.org/wiki/Acacia_saligna,Coojong,Acácia,,,
49,,Acca sellowiana,Acca sellowiana (O. Berg) Burret,2508674,Feijoa,https://pt.wikipedia.org/wiki/Feijoa,Feijoa,"feijoa, araçá do rio grande, goiaba do campo, goiaba serrana, goiaba silvestre, goiaba-feijoa, goiabeira serrana","goiaba-serrana, goiaba-ananás","goiaba-serrana, goiaba-ananás",Goiaba-serrana
175,6,Acer,,,Acer (botânica),https://pt.wikipedia.org/wiki/Acer_(bot%C3%A2nica),Maple,,bordo,bordo,Bordo
1052,8,Acer campestre,,,Acer campestre,https://pt.wikipedia.org/wiki/Acer_campestre,Hedge maple,,"acer menor, acer silvestre",,
136,8,Acer saccharum,,,Acer saccharum,https://pt.wikipedia.org/wiki/Acer_saccharum,Sugar maple,,bordo-açucareiro,bordo-açucareiro,Bordo-açucareiro
422,,Achillea millefolium,,,Milefólio,https://pt.wikipedia.org/wiki/Milef%C3%B3lio,Common yarrow,,"milefólio, milenrama, erva-dos-carpinteiros, feiteirinha, mil-folhas","milefólio, milenrama, erva-dos-carpinteiros, feiteirinha, mil-folhas",Milefólio
87,6,Actinidia,,,Quiuí,https://pt.wikipedia.org/wiki/Quiu%C3%AD,Kiwifruit,,"quiuí, quivi, kiwi","quiuí, kiwi",Quiuí
224,8,Aesculus hippocastanum,,,Castanheiro-da-índia,https://pt.wikipedia.org/wiki/Castanheiro-da-%C3%ADndia,Common horse-chestnut,,"castanheiro-da-índia, castanha-da-índia",,Castanheiro-da-índia
794,,Agaricus arvensis,,,,https://pt.wikipedia.org/wiki/Agaricus_arvensis,Horse mushroom,,,cogumelo do cavalo,Cogumelo do cavalo
276,,Agave,,,,https://pt.wikipedia.org/wiki/Agave,Agave,,,Agave,Agave
509,8,Albizia julibrissin,Albizia julibrissin Durazz.,640054,,,Persian silk tree,Albízia-de-Constantinopla,,,Árvore-da-seda
1367,8,Albizia saman,,,Árvore da chuva,https://pt.wikipedia.org/wiki/%C3%81rvore_da_chuva,Saman silk tree,,"Árvore da chuva, chorona",,Árvore da chuva
157,,Alliaria petiolata,,,Erva-alheira,https://pt.wikipedia.org/wiki/Erva-alheira,Garlic mustard,,erva-alheira,erva-alheira,Erva-alheira
639,8,Allium ampeloprasum,Allium ampeloprasum L.,8790855,,https://pt.wikipedia.org/wiki/Alho-porro-bravo,Leek,"Alho-bravo, Alho-ordinário",,alho-porro-bravo,Alho-porro-bravo
202,8,Allium sativum,Allium sativum L.,1084926,Alho,https://pt.wikipedia.org/wiki/Alho,Garlic,Alho,alho,alho,Alho
585,8,Allium schoenoprasum,Allium schoenoprasum L.,1084938,Allium schoenoprasum,https://pt.wikipedia.org/wiki/Allium_schoenoprasum,Chives,Cebolinha,"Allium schoenoprasum, cebolinha, cebolinha-francesa, cebolinho","cebolinha, cebolinha-francesa",Cebolinha-francesa
707,8,Allium tuberosum,,,Allium tuberosum,https://pt.wikipedia.org/wiki/Allium_tuberosum,Garlic chives,,Cebolinho chinês,Cebolinho chinês,Cebolinho chinês
542,8,Allium ursinum,Allium ursinum L.,1085089,Allium ursinum,https://pt.wikipedia.org/wiki/Allium_ursinum,Wild garlic,"Alho-porró, Alho-de-urso","Alho dos ursos, alho-dos-ursos, alho selvagem","alho-dos-ursos, alho selvagem",Alho dos ursos
772,,Aloe,,,,https://pt.wikipedia.org/wiki/Aloe,Aloe,,,Aloe,Aloe
709,8,Aloe vera,Aloe vera (L.) Burm. f.,1085598,Babosa,https://pt.wikipedia.org/wiki/Babosa,Aloe vera,"Aloe maculata, Babosa, aloés de Barbados, azebre vegetal",,babosa,Babosa
459,,Aloysia citrodora,,,Lúcia-lima,https://pt.wikipedia.org/wiki/L%C3%BAcia-lima,Lemon verbena,,"Lúcia-lima, bela-luísa, limonete","lúcia-lima, verbena-cidrada, bela-luísa, erva-cidreira",Lúcia-lima
1520,6,Amaranthus,,,Amaranto,https://pt.wikipedia.org/wiki/Amaranto,Amaranth,,Amaranto,,Amaranto
115,6,Amelanchier,,,Amelanchier,https://pt.wikipedia.org/wiki/Amelanchier,Serviceberry,,Amelanqueiro,,Amelanqueiro
868,8,Anacardium occidentale,Anacardium occidentale L.,582263,Cajueiro,https://pt.wikipedia.org/wiki/Cajueiro,Cashew,"cajueiro, caju da praia, cajuaçú, cajueiro is the plant, cajú",cajueiro,,Cajueiro
699,,Ananas comosus,Ananas comosus (L.) Merr.,1126520,Ananás,https://pt.wikipedia.org/wiki/Anan%C3%A1s,Pineapple,"abacaxi, ananás","Ananás, abacaxi","Abacaxi, ananás",Abacaxi
429,,Anethum graveolens,Anethum graveolens L.,584995,Endro,https://pt.wikipedia.org/wiki/Endro,Dill,"Endro, Aneto","endro, aneto, dill","endro, aneto",Endro
1581,1,Animalia,Animalia,1,Animalia,https://pt.wikipedia.org/wiki/Animalia,Animal,"Animais, Agnotozoa, Animal","Animalia, Animal, Metazoa, animais",,Animais
561,,Annona cherimola,Annona cherimola Mill.,1054913,,https://pt.wikipedia.org/wiki/Cherimoia,Cherimoya,"anona do Chile, cabeça de negro, chirimólia, fruta do conde",,"cherimólia, cherimoia",Cherimólia
464,,Annona muricata,Annona muricata L.,1054863,,https://pt.wikipedia.org/wiki/Graviola,Soursop,"Anona, Graviola, coração de rainha, curassol, pinha azeda",,graviola,Graviola
742,,Aquilegia,,,,,Columbine,,,"aquilégia, colombina",Colombina
576,,Araucaria,,,,https://pt.wikipedia.org/wiki/Araucaria,,,,"araucária, pinheiro",Araucária
200,,Araucaria araucana,,,,https://pt.wikipedia.org/wiki/Araucaria_araucana,Monkey puzzle,,,"araucária chilena, péhuen",Araucária chilena
468,8,Araucaria bidwillii,,,Araucaria bidwillii,https://pt.wikipedia.org/wiki/Araucaria_bidwillii,Bunya pine,,Araucaria bidwillii,pinheiro Bunia,Pinheiro bunia
299,8,Araucaria heterophylla,Araucaria heterophylla (Salisb.) Franco,1033727,Pinheiro-de-norfolk,https://pt.wikipedia.org/wiki/Pinheiro-de-norfolk,Norfolk island pine,araucária-de-norfolk,"pinheiro-de-norfolk, araucária-de-norfolk","pinheiro-de-norfolk, araucária-de-norfolk",Pinheiro-de-norfolk
60,8,Arbutus unedo,Arbutus unedo L.,583608,Medronheiro,https://pt.wikipedia.org/wiki/Medronheiro,Strawberry tree,Medronheiro,"medronheiro, medronho","medronheiro, meródios, ervedeiro, êrvedo ou êrvodo",Medronheiro
264,5,Arecaceae,,,Palmeira,https://pt.wikipedia.org/wiki/Palmeira,Palm tree,,"Palmeira, Arecaceae, Palmae, Palmaceae",,Palmeira
527,,Armoracia rusticana,"Armoracia rusticana P. Gaertn., B. Mey. & Scherb.",583956,Raiz-forte,https://pt.wikipedia.org/wiki/Raiz-forte,Horseradish,"Raiz-forte, Rabanete, Rábanao","Armoracia, raiz-forte, rábano-bastardo, rábano-de-cavalo, rábano-picante, rábano-rústico, rábano-silvestre, rábano-silvestre-maior, rabão-silvestre, rabão-rústico, rabiça-brava, rabo-de-cavalo, saramago-maior",,Raiz-forte
467,,Artocarpus heterophyllus,Artocarpus heterophyllus Lam.,596411,Artocarpus heterophyllus,https://pt.wikipedia.org/wiki/Artocarpus_heterophyllus,Jackfruit,jaqueira,"jaqueira, jaca",jaqueira,Jaqueira
116,,Asimina triloba,Asimina triloba (L.) Dunal,1054816,,,Pawpaw,Asimina,,,Pawpaw
1336,6,Asparagus,,,Asparagus,https://pt.wikipedia.org/wiki/Asparagus,Asparagus,,Asparagus,aspargo,Aspargo
156,8,Asparagus officinalis ,Asparagus officinalis L.,988015,Asparagus officinalis,https://pt.wikipedia.org/wiki/Asparagus_officinalis,Garden asparagus,"corruda, espargo","aspargo, espargo",,Aspargo
724,,Atriplex prostrata,Atriplex prostrata Boucher ex DC.,596237,,https://pt.wikipedia.org/wiki/Atriplex_prostrata,Triangle orache,Armoles-bravos,,,Armoles-bravos
419,,Averrhoa carambola,,,Carambola,https://pt.wikipedia.org/wiki/Carambola,Starfruit,,"carambola, caramboleira",caramboleira,Caramboleira
455,,Azadirachta indica,,,,https://pt.wikipedia.org/wiki/Azadirachta_indica,Neem,,,"nim, neem, amargosa",Nim
1366,8,Bactris gasipaes,Bactris gasipaes Kunth,1130861,Pupunha,https://pt.wikipedia.org/wiki/Pupunha,Peach-palm,"cachipae, pupuhna","pupunha, pupunheira, pupunha-verde-amarela",,Pupunheira
1379,8,Bambusa vulgaris,,,Bambu-listrado,https://pt.wikipedia.org/wiki/Bambu-listrado,Buddha’s belly bamboo,,bambu-listrado,,Bambu-listrado
894,8,Barbarea vulgaris,,,Barbarea vulgaris,https://pt.wikipedia.org/wiki/Barbarea_vulgaris,Yellow rocketcress,,"Barbarea vulgaris, Barbarea arcuata, Barbarea stricta, Sisymbrium barbarea, Campe barbarea, Crucifera arcuata, Crucifera barbarea, Crucifera stricta, Campe stricta, agrião-da-terra, erva-de-são-julião, erva-dos-carpinteiros, erva-de-santa-bárbara",,Agrião-da-terra
758,,Basella alba,,,,https://pt.wikipedia.org/wiki/Basella_alba,Malabar spinach ,,,"Bertalha, Espinafre Indiano",Bertalha
1116,8,Bauhinia blakeana,,,Bauínia-blaqueana,https://pt.wikipedia.org/wiki/Bau%C3%ADnia-blaqueana,Hong kong orchid tree,,"Bauínia blaqueana, unha-de-vaca",,Unha-de-vaca
1165,8,Bauhinia forficata,,,Pata-de-vaca,https://pt.wikipedia.org/wiki/Pata-de-vaca,Brazilian orchid tree,,"pata-de-vaca, mororó, pé-de-boi",,Pata-de-vaca
511,,Beta vulgaris,Beta vulgaris L.,585884,,https://pt.wikipedia.org/wiki/Beterraba-sacarina,Beet,"Beterraba-sacarina, Acelga-brava, acelga",,,Beterraba-sacarina
689,,Beta vulgaris subsp. cicla,,,Acelga,https://pt.wikipedia.org/wiki/Acelga,Chard,,"acelga, beterraba branca",,Beterraba-branca
608,,Beta vulgaris subsp. maritima,Beta vulgaris L.,585884,,,Sea beet,"Beterraba-sacarina, Acelga-brava, acelga",,,
524,6,Betula,,,Bétula,https://pt.wikipedia.org/wiki/B%C3%A9tula,Birch,,Bétula,Bétula,Bétula
814,8,Betula pendula,,,Vidoeiro-branco,https://pt.wikipedia.org/wiki/Vidoeiro-branco,Silver birch,,"vidoeiro-branco, bétula-branca, vidoeiro-prateado","vidoeiro-branco, bétula-branca, vidoeiro-prateado",Bétula-branca
783,,Boletus,,,,https://pt.wikipedia.org/wiki/Boleto,Bolete,,,Boleto,Boleto
207,,Borago officinalis,Borago officinalis,580765,Borragem,https://pt.wikipedia.org/wiki/Borragem,Borage,Borragem,Borragem,"borrage, borracha, borracha-chimarrona, foligem",Borragem
810,,Borassus,,,,https://pt.wikipedia.org/wiki/Borassus,Palmyra palm,,,"palmeiras-de-palmira, palmeiras-de-leque",Palmeira-de-palmira
1377,8,Borassus flabellifer,Borassus flabellifer L.,1123573,,,Asian palmyra palm,"palmeira macha brava, panuguera",,,Palmeira macha brava
389,,Brachychiton acerifolius,,,,https://pt.wikipedia.org/wiki/Brachychiton_acerifolius,Illawarra flame tree,,,árvore-de-fogo-de-Illawarra,Árvore-de-fogo-de-Illawarra
271,,Brachychiton populneus ,,,,https://pt.wikipedia.org/wiki/Brachychiton_populneus,Kurrajong,,,"perna-de-moça, branquiquito, kurrajong",Perna-de-moça
615,8,Brassica nigra,Brassica nigra (L.) W. D. J. Koch,583895,Mostarda-preta,https://pt.wikipedia.org/wiki/Mostarda-preta,Black mustard,"Mostarda (preta), mostarda preta",mostarda-preta,mostarda-preta,Mostarda-preta
50,,Brassica oleracea var. acephala,,,Couve-de-folhas,https://pt.wikipedia.org/wiki/Couve-de-folhas,Kale,,"couve-de-folhas, Acephala",,Couve-de-folhas
729,,Brassica oleracea var. gemmifera,,,Couve-de-bruxelas,https://pt.wikipedia.org/wiki/Couve-de-bruxelas,Brussels sprout,,Couve-de-bruxelas,,Couve-de-bruxelas
721,,Brassica oleracea var. italica,,,Brócolis,https://pt.wikipedia.org/wiki/Br%C3%B3colis,Broccoli,,"brócolis, brócolos",,Brócolis
560,,Butia,,,Butiá,https://pt.wikipedia.org/wiki/Buti%C3%A1,Butia palm,,butiá,butiá,Butiá
303,,Butia capitata ,,,,https://pt.wikipedia.org/wiki/Butia_capitata,Jelly palm,,,"cabeçudo, coqueiro-cabeçudo",Cabeçudo
867,8,Byrsonima crassifolia,Byrsonima crassifolia (L.) Kunth,592366,Byrsonima crassifolia,https://pt.wikipedia.org/wiki/Byrsonima_crassifolia,Muruci,"Byrsonima crassifolia, cangica, murici, muruci da praia crabo, muruci do campo","murici, muruci, murici-da-praia, murici-do-brejo",,Murici
981,8,Caesalpinia pulcherrima,,,Caesalpinia pulcherrima,https://pt.wikipedia.org/wiki/Caesalpinia_pulcherrima,Red bird of paradise,,"Flamboyanzinho, flor-de-pavão, flamboyant-mirim, barba-de-barata, asa-de-barata",,Flamboyanzinho
1150,8,Caesalpinia spinosa,,,Caesalpinia tinctoria,https://pt.wikipedia.org/wiki/Caesalpinia_tinctoria,Tara,,falso pau-brasil,,Falso pau-brasil
474,,Cajanus cajan,Cajanus cajan (L.) Millsp.,643268,Guandu,https://pt.wikipedia.org/wiki/Guandu,Pigeon pea,"ervilha de Angola, ervilha do Congo, feijão guandú","guandu, andu, ervilha-de-pombo, anduzeiro, guandeiro, guando, feijão-guandu",,Guandu
488,,Calendula,,,,https://pt.wikipedia.org/wiki/Calendula,Calendula,,,calêndula,Calêndula
1113,8,Callistemon viminalis,,,Calistemo,https://pt.wikipedia.org/wiki/Calistemo,Weeping bottlebrush,,"Calistemo, Escova-de-garrafa, lava-garrafas, bottlebrush",,Calistemo
371,,Camellia,,,Camélia,https://pt.wikipedia.org/wiki/Cam%C3%A9lia,Camellia,,"camélia, japoneira",camélia,Camélia
304,,Camellia japonica,,,,https://pt.wikipedia.org/wiki/Camellia_japonica,Japanese camellia,,,camélia,
452,,Cannabis,,,,https://pt.wikipedia.org/wiki/Cannabis,Cannabis,,,"cânhamo, cânabis",Cânhamo
541,,Capsella bursa-pastoris,,,Bolsa-de-pastor,https://pt.wikipedia.org/wiki/Bolsa-de-pastor,Shepherd's purse,,Bolsa-de-pastor,Bolsa-de-pastor,Bolsa-de-pastor
102,,Capsicum annuum,Capsicum annuum L.,581098,Pimentão,https://pt.wikipedia.org/wiki/Piment%C3%A3o,Bell pepper,"Pimentão doce, Colorau","Pimentão, Pimento",,Pimentão doce
222,,Carica papaya,Carica papaya L.,585682,Mamão,https://pt.wikipedia.org/wiki/Mam%C3%A3o,Papaya,"mamao, mamão","Mamão, papaia, ababaia, mamoeiro, papaeira","mamoeiro, papaeira",Mamoeiro
927,8,Carissa bispinosa,Carissa bispinosa,6850668,,,Forest num-num,chocuan,,,Chocuan
778,,Carpobrotus edulis,,,Chorão-das-praias,https://pt.wikipedia.org/wiki/Chor%C3%A3o-das-praias,Highway ice plant,,chorão-das-praias,chorão-das-praias,Chorão-das-praias
93,,Carya illinoinensis,,,Nogueira-pecã,https://pt.wikipedia.org/wiki/Nogueira-pec%C3%A3,Pecan,,Nogueira-pecã,,Nogueira-pecã
1158,8,Caryota urens,Caryota urens L.,1090472,,,Solitary fishtail palm,palmeira jaggeri,,,Palmeira jaggeri
70,,Castanea,,,,https://pt.wikipedia.org/wiki/Castanea,Chestnut,,,"Castanheiro, castanheira",Castanheiro
363,,Castanea sativa,,,Castanea sativa,https://pt.wikipedia.org/wiki/Castanea_sativa,Sweet chestnut,,"Castanheiro, castanheira, castanheiro-bravo, castanheira-portuguesa, castinheiro, castiro","castanheiro-bravo, castanheira-portuguesa",Castanheiro-bravo
865,8,Ceiba speciosa,,,Paineira,https://pt.wikipedia.org/wiki/Paineira,Silk floss tree,,paineira,,Paineira
305,,Celtis australis,,,Celtis australis,https://pt.wikipedia.org/wiki/Celtis_australis,Mediterranean hackberry,,"lódão-bastardo, ginginha-do-rei, agreira, lodoeiro, lódão, nicreiro","lódão-bastardo, ginginha-do-rei, agreira, lodoeiro, lódão, nicreiro",Lódão-bastardo
897,,Centaurea cyanus,,,Centaurea cyanus,https://pt.wikipedia.org/wiki/Centaurea_cyanus,Cornflower,,"escovinha, marianinha, centáurea",,Escovinha
275,,Ceratonia siliqua,,,Alfarrobeira,https://pt.wikipedia.org/wiki/Alfarrobeira,Carob,,"alfarrobeira, Pão-de-João, Pão-de-São-João, figueira-de-pitágoras, figueira-do-egipto, alfarroba","alfarrobeira, figueira-de-pitágoras,  figueira-do-egipto",Alfarrobeira
364,,Cercis siliquastrum,Cercis siliquastrum L.,703834,Olaia,https://pt.wikipedia.org/wiki/Olaia,Judas tree,"Árvore-de-Judas, olaia","olaia, árvore-de-judas, pata-de-vaca","olaia, árvore-de-judas, pata-de-vaca",Olaia
444,,Chrysobalanus icaco,,,Guajuru,https://pt.wikipedia.org/wiki/Guajuru,Cocoplum,,Guajuru,"Guajuru,  ajuru, apioba",Guajuru
221,,Chrysophyllum cainito,Chrysophyllum cainito L.,1148152,Caimito (planta),https://pt.wikipedia.org/wiki/Caimito_(planta),Star apple,Cainito,"caimito, abio, abio-do-pará, aguaí","caimito, abio, abio-do-pará, aguaí",Caimito
515,,Cichorium,,,Endívia,https://pt.wikipedia.org/wiki/End%C3%ADvia,Endive,,Endívia,,Endívia
697,,Cichorium intybus,,,Cichorium intybus,https://pt.wikipedia.org/wiki/Cichorium_intybus,Common chicory,,chicória,Chicória,Chicória
1019,8,Cinnamomum camphora,Cinnamomum camphora (L.) J. Presl,596902,Cânfora,https://pt.wikipedia.org/wiki/C%C3%A2nfora,Camphor tree,"Cânfora, Arvore da camphora",canforeiro,,Canforeiro
1372,8,Cinnamomum verum,Cinnamomum verum J. Presl,490672,,,Ceylon cinnamon,"canela, canelleira da India",,,Canelleira da India
77,,Citrofortunella microcarpa,Fortunella japonica (Thunb.) Swingle,483556,,,Calamondin,limoeiro do Japão,,,
573,,Citrofortunella mitis,Fortunella japonica (Thunb.) Swingle,483556,,,Musk lime,limoeiro do Japão,,,
720,,Citrullus lanatus,Citrullus lanatus (Thunb.) Matsum. & Nakai,584423,Melancia,https://pt.wikipedia.org/wiki/Melancia,Watermelon,Melancia,Melancia,Melancia,Melancia
26,,Citrus,,,Lima (fruto),https://pt.wikipedia.org/wiki/Lima_(fruto),Lime,,"lima, limão, limeira",,Limeira
263,,Citrus,,,,https://pt.wikipedia.org/wiki/Citrus,Citrus,,,citrinos,Citrino
831,,Citrus hystrix,,,Combava,https://pt.wikipedia.org/wiki/Combava,Kaffir lime,,Combava,,Combava
19,,Citrus japonica,Fortunella japonica (Thunb.) Swingle,483556,Fortunella,https://pt.wikipedia.org/wiki/Fortunella,Kumquat,limoeiro do Japão,"kinkan, Kumquat",,Limoeiro do Japão
4,,Citrus limon,Citrus X limon (L.) Burm. f. (pro. sp.),582200,Limão,https://pt.wikipedia.org/wiki/Lim%C3%A3o,Lemon,"Limão, limoeiro azedo","limão-siciliano, limão","limão, limão-siciliano, limão-verdadeiro",Limão-siciliano
11,,Citrus maxima,Citrus maxima (Burm. f.) Merr.,488254,Pomelo,https://pt.wikipedia.org/wiki/Pomelo,Pomelo,jamboa,"cimboa, pomelo, laranja-natal, toranja","cimboa, pomelo, laranja-natal",Cimboa
5,,Citrus paradisi,,,Toranja,https://pt.wikipedia.org/wiki/Toranja,Grapefruit,,"toranja, toronja",toranja,Toranja
23,,Citrus reticulata,,,Tangerina,https://pt.wikipedia.org/wiki/Tangerina,Mandarin,,"tangerina, laranja-mimosa, mandarina, fuxiqueira, poncã, laranja-cravo, mimosa, vergamota, clementina, bergamota, mexerica","tangerina, laranja-mimosa, mandarina, fuxiqueira, poncã, laranja-cravo, mimosa, vergamota, clementina, bergamota, mexerica ",Tangerina
308,,Citrus x aurantifolia,Citrus aurantiifolia (Christm.) Swingle (pro. sp.),595293,Lima comum,https://pt.wikipedia.org/wiki/Lima_comum,Key lime,"Limão gelego, Lima âcida, limeira",lima comum,,Limão gelego
81,8,Citrus x aurantium,,,Laranja-azeda,https://pt.wikipedia.org/wiki/Laranja-azeda,Bitter orange,,"laranja-azeda, laranja-amarga","laranja-azeda, laranja-amarga",Laranja-azeda
551,,Citrus x limonia,Citrus limonia Osbeck (pro sp.),488255,,,Mandarin-lime,Limão,,,Limão
3,,Citrus x sinensis,Citrus sinensis (L.) Osbeck (pro. sp.),582206,Citrus × sinensis,https://pt.wikipedia.org/wiki/Citrus_%C3%97_sinensis,Orange,"Laranja doce, Laranja, laranjeira doce","laranja, laranjeira, Rutaceae",laranjeira,Laranjeira doce
460,,Cocos nucifera,Cocos nucifera L.,1091712,Coqueiro,https://pt.wikipedia.org/wiki/Coqueiro,Coconut palm,"Coqueiro, coqueiro da Bahia",coqueiro,coqueiro,Coqueiro
793,,Coprinus comatus,Coprinus comatus (O.F. Müll.) Pers. 1797,1030658,,,Shaggy mane,Coprino-barbudo,,,Coprino-barbudo
309,,Cordyline australis,Cordyline australis (G. Forst.) Endl.,1087084,,,Cabbage tree,Cordilínio,,,Cordilínio
898,8,Coriander sativum,,,Coentro,https://pt.wikipedia.org/wiki/Coentro,Coriander,,Coentro,,Coentro
248,,Cornus mas,,,Cornus mas,https://pt.wikipedia.org/wiki/Cornus_mas,Cornelian cherry dogwood,,corniso,corniso,Corniso
294,,Corylus avellana,,,Avelã,https://pt.wikipedia.org/wiki/Avel%C3%A3,Common hazel,,"avelã, aveleira, avelaneira, avelãzeira","aveleira, avelaneira, avelãzeira",Aveleira
172,,Crataegus,,,,https://pt.wikipedia.org/wiki/Crataegus,Hawthorn,,,Espinheiro Branco,
346,,Crataegus laevigata,,,,https://pt.wikipedia.org/wiki/Crataegus_laevigata,Midland hawthorn,,,"corníolo, cratego-pirliteiro, escalheiro, escambrulheiro, escrambulheiro, espinha-branca, espinheiro-alvar, estrepeiro, pilriteira, pilrito, pirliteiro, carrapiteiro",Corníolo
399,,Crataegus monogyna,Crataegus monogyna Jacq.,628306,Crataegus monogyna,https://pt.wikipedia.org/wiki/Crataegus_monogyna,Common hawthorn,Pilriteiro,pilriteiro,pilreteiro,Pilriteiro
587,,Crithmum maritimum,Crithmum maritimum L.,2867559,,https://pt.wikipedia.org/wiki/Crithmum_maritimum,Rock samphire,Funcho-do-mar,perrexil-do-mar,perrexil-do-mar,Perrexil-do-mar
900,8,Cucumis melo,Cucumis melo L.,584424,Melão,https://pt.wikipedia.org/wiki/Mel%C3%A3o,Muskmelon,Melão,Melão,,Melão
1487,8,Cucumis sativus,,,Pepino,https://pt.wikipedia.org/wiki/Pepino,Cucumber,,pepino,,Pepino
877,5,Cucurbitaceae,,,Cucurbitaceae,https://pt.wikipedia.org/wiki/Cucurbitaceae,Gourd,,Cucurbitaceae,,
69,,Cydonia oblonga,Cydonia oblonga Mill.,245489,Marmeleiro,https://pt.wikipedia.org/wiki/Marmeleiro,Quince,"Marmelo, Marmeleiro","marmeleiro, marmelos","marmeleiro, marmeleiro-da-europa, pereira-do-japão",Marmeleiro
765,,Cymbopogon martinii,,,Cymbopogon martinii,https://pt.wikipedia.org/wiki/Cymbopogon_martinii,Palmarosa,,"palmarosa, gerânio da Índia","palmarosa, gerânio da Índia",Palmarosa
85,,Cynara cardunculus var. scolymus,,,Alcachofra,https://pt.wikipedia.org/wiki/Alcachofra,Globe artichoke,,alcachofra,,Alcachofra
526,,Daucus carota,,,,https://pt.wikipedia.org/wiki/Cenoura,Wild carrot,,,cenoura ,Cenoura
1486,9,Daucus carota subsp. sativus,,,Cenoura,https://pt.wikipedia.org/wiki/Cenoura,Carrot,,cenoura,,Cenoura
828,,Dimocarpus longan,Dimocarpus longan Lour.,590822,Longan,https://pt.wikipedia.org/wiki/Longan,Longan,pitomba longana,Longans,Longans,Longans
447,,Dioscorea,,,Inhame,https://pt.wikipedia.org/wiki/Inhame,Yam,,Inhame,,Inhame
462,,Diospyros digyna,,,,,Chocolate persimmon ,,,caqui-chocolate,Caqui-chocolate
280,,Diospyros kaki,,,,,Japanese persimmon,,,"caqui, caquizeiro",Caqui
246,,Diospyros virginiana,,,Caqui americano,https://pt.wikipedia.org/wiki/Caqui_americano,American persimmon,,"caqui, dióspiro americano",,Caqui-americano
773,,Dysphania ambrosioides,Dysphania ambrosioides (L.) Mosyakin & Clemants,587524,,https://pt.wikipedia.org/wiki/Dysphania_ambrosioides,Epazote,"Erva-formigueira, Erva-de-santa-maria, Formigueira, Mastruz, Mastruço, Mentruz","Erva-de-santa-maria, mentruz",Erva-de-santa-maria,Erva-de-santa-maria
201,,Echinacea,,,,https://pt.wikipedia.org/wiki/Echinacea,,,,equinácia,Equinácia
902,,Echium vulgare,,,Echium vulgare,https://pt.wikipedia.org/wiki/Echium_vulgare,Blue weed,,"viperina, erva-viperina",,Viperina
242,,Elaeagnus angustifolia,Elaeagnus angustifolia L.,582727,,https://pt.wikipedia.org/wiki/Elaeagnus_angustifolia,Russian-olive,árvore-do-paraíso,,,Árvore-do-paraíso
1368,8,Elaeis oleifera,Elaeis oleifera (Kunth) Cortés,1098598,,,African oil palm,"caiaué, coqueiro de dendê, dendê do pará",,,Caiaué
18,,Eriobotrya japonica,Eriobotrya japonica (Thunb.) Lindl.,628975,Nespereira (árvore),https://pt.wikipedia.org/wiki/Nespereira_(%C3%A1rvore),Loquat,"Nespereira, nespereiro do Japão","nespereira, nêspera, ameixa-amarela",nespereira,Nespereira
1554,8,Eruca sativa,Eruca vesicaria ssp. sativa (Mill.) Thell.,1278008,Rúcula,https://pt.wikipedia.org/wiki/R%C3%BAcula,Arugula,"Eruca, Rúcula","rúcula, mostarda-persa",,Rúcula
8,6,Eucalyptus,,,Eucalipto,https://pt.wikipedia.org/wiki/Eucalipto,Eucalyptus,,Eucalipto,Eucalipto,Eucalipto
1024,8,Eucalyptus camaldulensis,Eucalyptus camaldulensis Dehnh.,301398,,https://pt.wikipedia.org/wiki/Eucalyptus_camaldulensis,River red gum,Eucalipto-vermelho,,,Eucalipto-vermelho
1042,8,Eucalyptus cinerea,,,Eucalyptus cinerea,https://pt.wikipedia.org/wiki/Eucalyptus_cinerea,Argyle apple,,Eucalyptus cinerea,,Eucalipto-argentino
1031,8,Eucalyptus globulus,,,Eucalyptus globulus,https://pt.wikipedia.org/wiki/Eucalyptus_globulus,Tasmanian blue gum,,"eucalipto-comum, eucalipto-da-Tasmânia",,Eucalipto-da-Tasmânia
1114,6,Eugenia,,,Eugenia (género),https://pt.wikipedia.org/wiki/Eugenia_(g%C3%A9nero),Eugenia,,araçá,,Araçá
451,,Eugenia uniflora,Eugenia uniflora L.,2508562,Pitanga,https://pt.wikipedia.org/wiki/Pitanga,Surinam cherry,"Vermelha, pitanga do norte, pitangueira, pitangueira branca, pitangueira do mato","pitanga, pitangueira",pitangueira,Pitangueira
725,,Euterpe oleracea,Euterpe oleracea Mart.,1100375,,https://pt.wikipedia.org/wiki/A%C3%A7a%C3%AD,Açaí palm,"açaí, açaí de touceira, açaí do baixo Amazonas, açaí do pará, açaízeiro, juçara, juçara de touceira, palmito açai",,"açaí, açaizeiro, coqueiro-açaí, uaçaí, açaí-branco, iuçara, juçara, palmiteiro, palmito, piná, tucaniei",Açaizeiro
884,8,Fagopyrum esculentum,,,Trigo sarraceno,https://pt.wikipedia.org/wiki/Trigo_sarraceno,Buckwheat,,"Trigo-sarraceno, trigo-mourisco",,Trigo-sarraceno
580,,Fagus,,,Faia,https://pt.wikipedia.org/wiki/Faia,Beech,,Faia,faia,Faia
710,,Fagus grandifolia,,,,,American beech,,,faia-americana,Faia-americana
241,,Fagus sylvatica,,,Faia-europeia,https://pt.wikipedia.org/wiki/Faia-europeia,European beech,,"faia-europeia, faia",faia-europeia,Faia-europeia
445,6,Ficus,,,Figueira,https://pt.wikipedia.org/wiki/Figueira,Fig,,"figueiras, fícus","figueira, ficus",Figueiras
1104,8,Ficus benjamina,,,Ficus benjamina,https://pt.wikipedia.org/wiki/Ficus_benjamina,Weeping fig,,"Ficus benjamina, Figueira-benjamim",,Figueira-benjamim
20,8,Ficus carica,Ficus carica,594632,,https://pt.wikipedia.org/wiki/Figueira-comum,Common fig,"Figueira, behereira",,"figueira-comum,  figueira-da-europa, figueira-de-baco, figueira-de-portugal, figueira-do-reino, figueira-mansa",Figueira-comum
1127,8,Ficus elastica,Ficus elastica Roxb. ex Hornem.,594821,,https://pt.wikipedia.org/wiki/%C3%81rvore-da-borracha,Rubber fig,Árvore-da-borracha,,,Árvore-da-borracha
63,,Foeniculum vulgare,Foeniculum vulgare Mill.,585008,Funcho,https://pt.wikipedia.org/wiki/Funcho,Fennel,Funcho,funcho,"funcho, anis-doce, erva-doce, maratro, finóquio, fiuncho, fiolho",Funcho
105,,Fragaria,,,,https://pt.wikipedia.org/wiki/Morangueiro,Strawberry,,,Morangueiro,Morangueiro
1175,6,Fraxinus,,,Fraxinus,https://pt.wikipedia.org/wiki/Fraxinus,Ash,,Fraxinus,,Freixo
1101,8,Fraxinus excelsior,,,Freixo,https://pt.wikipedia.org/wiki/Freixo,European ash,,freixo,,
146,,Ginkgo biloba,,,,https://pt.wikipedia.org/wiki/Ginkgo_biloba,Ginkgo,,,"nogueira-do-japão, árvore-avenca, ginkgo",Ginkgo
252,,Gleditsia triacanthos,Gleditsia triacanthos L.,416265,,https://pt.wikipedia.org/wiki/Gleditsia_triacanthos,Honey locust,espinheiro da Virginia,,,Espinheiro da Virginia
885,8,Glycine max,,,Soja,https://pt.wikipedia.org/wiki/Soja,Soybean,,"soja, feijão-soja, feijão-chinês",,Soja
1112,8,Grevillea robusta,,,Grevílea-robusta,https://pt.wikipedia.org/wiki/Grev%C3%ADlea-robusta,Silky oak,,Grevílea-robusta,,Grevílea-robusta
754,,Grifola frondosa,,,Maitake,https://pt.wikipedia.org/wiki/Maitake,Hen-of-the-woods,,maitake,maitake,Maitake
137,,Hamamelis,,,,https://pt.wikipedia.org/wiki/Hamamelis,Witch-hazel,,,Hamamélia,Hamamélia
756,,Hancornia speciosa,Hancornia speciosa Gomes,483922,,https://pt.wikipedia.org/wiki/Mangaba,Mangaba,"mangabeira, mangabe, mangabinha do norte",,"mangabeira, mangaba-ovo",Mangabeira
187,,Helianthus annuus,Helianthus annuus L.,468106,Girassol,https://pt.wikipedia.org/wiki/Girassol,Sunflower,Girassol,girassol,girassol ,Girassol
209,,Helianthus tuberosus,,,Helianthus tuberosus,https://pt.wikipedia.org/wiki/Helianthus_tuberosus,Jerusalem artichoke,,"Helianthus tuberosus, alcachofra-girassol tupinambo, girassol batateiro","tupinambo, girassol batateiro",Girassol balateiro
127,,Hemerocallis,,,Hemerocallis,https://pt.wikipedia.org/wiki/Hemerocallis,Daylily,,Hemerocallis,lírio-de-um-dia,Lírio-de-um-dia
1145,8,Hibiscus rosa-sinensis,Hibiscus rosa-sinensis L.,584771,Hibiscus rosa-sinensis,https://pt.wikipedia.org/wiki/Hibiscus_rosa-sinensis,Chinese hibiscus,"Hibisco, Rosa-da-China","mimo-de-vênus, hibisco, graxa-de-estudante",,Mimo-de-vênus
312,,Hibiscus syriacus,Hibiscus syriacus L.,584343,Hibisco-da-síria,https://pt.wikipedia.org/wiki/Hibisco-da-s%C3%ADria,Rose of sharon,Hibisco-da-síria,"hibisco-da-síria, rosa-de-sarom, mimo","hibisco-da-síria, rosa-de-sarom, mimo",Hibisco-da-síria
214,,Hibiscus tiliaceus,Talipariti tiliaceum (L.) Fryxell,584774,Algodoeiro-da-praia,https://pt.wikipedia.org/wiki/Algodoeiro-da-praia,Sea hibiscus,uacima da praia,"algodoeiro-da-praia, algodoeiro-da-índia, majagua","algodoeiro-da-praia, algodoeiro-da-índia, majagua",Algodoeiro-da-praia
545,,Hippophae,,,Hippophae,https://pt.wikipedia.org/wiki/Hippophae,Sea-buckthorn,,"espinheiro marítimo, espinheiro-cerval marítimo, falso-espinheiro","espinheiro marítimo, espinheiro-cerval marítimo, falso-espinheiro",Espinheiro marítimo
549,,Hovenia dulcis,,,Cajueiro-japonês,https://pt.wikipedia.org/wiki/Cajueiro-japon%C3%AAs,Oriental raisin tree,,"banana-do-japão, bananinha-do-japão, caju-do-japão, caju-japonês, chico-magro, gomari, mata-fome, passa-do-japão, passa-japonesa, pau-doce, pé-de-galinha, tripa-de-galinha, uva-da-china, uva-do-japão, macaquinho, amora-do-mato, uva-japonesa, uva-paraguaia","bananinha-do-japão, caju-do-japão, caju-japonês, chico-magro, gomari, mata-fome, passa-do-japão, passa-japonesa, pau-doce, pé-de-galinha, tripa-de-galinha, uva-da-china, uva-do-japão, macaquinho, amora-do-mato, uva-japonesa, uva-paraguaia",Bananinha-do-japão
185,,Humulus lupulus,,,Lúpulo,https://pt.wikipedia.org/wiki/L%C3%BApulo,Hop,,Lúpulo,Lúpulo,Lúpulo
563,,Hypericum perforatum,,,Erva-de-são-joão,https://pt.wikipedia.org/wiki/Erva-de-s%C3%A3o-jo%C3%A3o,St John's wort,,"Erva-de-são-joão, Hipérico, Hipericão","Erva-de-são-joão, Hipérico",Erva-de-são-joão
1550,8,Inga edulis,Inga edulis Mart.,8685157,,https://pt.wikipedia.org/wiki/Inga_edulis,Ice-cream-bean,"inga de metro, Inga cipo",ingá-cipó,,Ingá-cipó
465,8,Inga feuilleei,Inga feuilleei DC.,417064,,,Pacay,"Pacay, Pacae, ingá cipo, rabo de mico",,,Pacay
471,,Ipomoea batatas,Ipomoea batatas (L.) Lam.,580962,Batata-doce,https://pt.wikipedia.org/wiki/Batata-doce,Sweet potato,"Batata-doce, Camote, Papas","batata-doce, batata-da-terra, batata-da-ilha, jatica, jetica","batata-doce, batata-da-terra, batata-da-ilha, jatica, jetica",Batata-doce
1290,8,Jubaea chilensis,,,Palmeira-do-chile,https://pt.wikipedia.org/wiki/Palmeira-do-chile,Chilean wine palm,,"Palmeira-do-chile, palma-chilena",,Palmeira-do-chile
73,,Juglans,,,,https://pt.wikipedia.org/wiki/Juglans,Walnut,,,nogueira,Nogueira
111,,Juglans nigra,,,Juglans nigra,https://pt.wikipedia.org/wiki/Juglans_nigra,Black walnut,,"nogueira-preta, nogueira-negra","nogueira preta, nogueira negra",Nogueira-preta
112,,Juglans regia,Juglans regia L.,487229,Nogueira-comum,https://pt.wikipedia.org/wiki/Nogueira-comum,Persian walnut,Nogueira,"nogueira-comum, nozes",nogueira-comum,Nogueira-commun
227,,Juniperus,,,,https://pt.wikipedia.org/wiki/Juniperus,Juniper,,,"zimbreiro, junípero, sabina",Junípero
401,,Juniperus communis,Juniperus communis L.,1061674,,https://pt.wikipedia.org/wiki/Juniperus_communis,Common juniper,"Junípero, Junipo",,"cedro, genebreiro, junípero-comum, zimbrão, zimbro, zimbro-anão zimbro-comum, zimbro-rasteiro, zimbro-vulgar",Junípero-comum
283,,Juniperus virginiana,Juniperus virginiana L.,1061664,,https://pt.wikipedia.org/wiki/Juniperus_virginiana,Eastern red-cedar,Cedro vermelho,"cedro-vermelho, junípero-vermelho e cedro-de-lápis","cedro-vermelho, junípero-vermelho, cedro-de-lápis",Junípero-vermelho
984,8,Koelreuteria paniculata,,,Coreutéria,https://pt.wikipedia.org/wiki/Coreut%C3%A9ria,Golden rain tree,,Coreutéria,,Coreutéria
788,,Lactarius deliciosus,Lactarius deliciosus (L.) Gray 1821,188248,Lactarius deliciosus,https://pt.wikipedia.org/wiki/Lactarius_deliciosus,Saffron milk cap,"Lactário, Míscaro","sancha, tancha, pinheira, vaca-vermelha, míscaro, níscaro","sancha, tancha, pinheira, vaca-vermelha, míscaro, níscaro",Míscaro
552,,Lactuca sativa,Lactuca sativa L.,468144,Alface,https://pt.wikipedia.org/wiki/Alface,Lettuce,Alface,Alface,Alface,Alface
430,,Lactuca serriola,Lactuca serriola L.,468149,,https://pt.wikipedia.org/wiki/Lactuca_serriola,Prickly lettuce,"Alface-brava, Leituga",,,Alface-brava
159,,Lamium amplexicaule,Lamium amplexicaule L.,579592,,https://pt.wikipedia.org/wiki/Lamium_amplexicaule,Henbit,Lâmio,,,Lâmio
770,,Lathyrus latifolius,Lathyrus latifolius L.,703172,,https://pt.wikipedia.org/wiki/Lathyrus_latifolius,Perennial sweet pea,Cizirão-de-flor-grande,,,Cizirão-de-flor-grande
1536,5,Lauraceae,,,Lauraceae,https://pt.wikipedia.org/wiki/Lauraceae,Laurel,,Lauraceae,,
268,,Laurus nobilis,Laurus nobilis,486835,Loureiro,https://pt.wikipedia.org/wiki/Loureiro,Bay laurel,"Loureiro, Louro",loureiro,loureiro,Loureiro
17,,Lavandula,,,Lavanda,https://pt.wikipedia.org/wiki/Lavanda,Lavender,,"lavandas, alfazemas",lavandas,Lavandas
918,8,Lavandula angustifolia,Lavandula angustifolia Mill.,486837,Lavandula angustifolia,https://pt.wikipedia.org/wiki/Lavandula_angustifolia,English lavender,Alfazema,Lavandula angustifolia,,Lavanda-inglesa
387,,Leptospermum scoparium,Leptospermum scoparium J. R. Forst. & G. Forst.,2508620,,,Teatree,Urze-de-jardim,,,Urze-de-jardim
1163,8,Leucaena leucocephala,,,Leucena,https://pt.wikipedia.org/wiki/Leucena,White lead tree,,Leucena,,
498,,Liquidambar,,,Liquidâmbar,https://pt.wikipedia.org/wiki/Liquid%C3%A2mbar,Sweetgum,,árvore-do-âmbar,"Liquidâmbar, árvore-do-âmbar",
536,,Litchi chinensis,Litchi chinensis Sonn.,487032,,https://pt.wikipedia.org/wiki/Litchi_chinensis,Lychee,Lichia,,"lichias, uruvaias",Lichia
360,,Lonicera,,,Lonicera,https://pt.wikipedia.org/wiki/Lonicera,Honeysuckle,,Lonicera,madressilvas,Madressilvas
926,8,Lonicera caerulea,,,Lonicera caerulea,https://pt.wikipedia.org/wiki/Lonicera_caerulea,Haskap,,Lonicera caerulea,,
604,,Lycium,,,Goji,https://pt.wikipedia.org/wiki/Goji,Goji,,Goji,,Goji
383,,Macadamia,,,,https://pt.wikipedia.org/wiki/Macadamia,Macadamia,,,macadâmia,Macadâmia
145,,Maclura pomifera,,,Laranjeira-de-osage,https://pt.wikipedia.org/wiki/Laranjeira-de-osage,Osage-orange,,"laranjeira-de-osage, pau-d'arco","laranjeira-de-osage, pau-d'arco",Laranjeira-de-osage
796,,Macrolepiota procera,,,Macrolepiota procera,https://pt.wikipedia.org/wiki/Macrolepiota_procera,Parasol mushroom,,"cogumelo guarda-sol, marifusa, frade, púcara",,Cogumelo guarda-sol
973,8,Magnolia grandiflora,,,Magnólia-branca,https://pt.wikipedia.org/wiki/Magn%C3%B3lia-branca,Southern magnolia,,magnólia branca,,Magnólia branca
14,8,Malus domestica,,,Maçã,https://pt.wikipedia.org/wiki/Ma%C3%A7%C3%A3,Apple,,maçã,maça,Maçã
1566,9,Malus domestica,,,McIntosh (maçã),https://pt.wikipedia.org/wiki/McIntosh_(ma%C3%A7%C3%A3),Mcintosh apple,,"Red McIntosh, McIntosh",,Maçã McIntosh
554,,Malva,,,Malva,https://pt.wikipedia.org/wiki/Malva,Mallow,,Malva,Malva,Malva
418,8,Mangifera indica,Mangifera indica L.,582270,,https://pt.wikipedia.org/wiki/Mangifera_indica,Common mango,Manga,Mangueira,,Mangueira-comum
523,,Manihot esculenta,Manihot esculenta Crantz,1154718,,https://pt.wikipedia.org/wiki/Manihot_esculenta,Cassava,Mandioca,,"mandioca, macaxeira",Mandioca
708,,Manilkara zapota,Manilkara zapota (L.) P. Royen,1154544,Sapotizeiro,https://pt.wikipedia.org/wiki/Sapotizeiro,Sapodilla,sapota,Sapotizeiro,Sapotizeiro,Sapotizeiro
567,,Marrubium vulgare,Marrubium vulgare L.,582376,,https://pt.wikipedia.org/wiki/Marrubium_vulgare,White horehound,"marroio, marroio branco","erva-virgem, incenso, marroio, marroio-branco, marroio-de-frança, marroio-vulgar ou marrolho",,Marroio-branco
703,,Mauritia flexuosa,Mauritia flexuosa L. f.,1138930,Buriti,https://pt.wikipedia.org/wiki/Buriti,Buriti,"burití, coqueiro anajá, inajazeiro, mirití, murití, palmeira dos brejos","buriti, coqueiro-buriti, buritizeiro, miriti, muriti, muritim, muruti, palmeira-dos-brejos, carandá-guaçu, carandaí-guaçu","Buriti, coqueiro-buriti, buritizeiro, miriti, muriti, muritim, muruti, palmeira-dos-brejos, carandá-guaçu, carandaí-guaçu",Buriti
934,8,Melicoccus bijugatus,Melicoccus bijugatus Jacq.,582291,Mamoncillo,https://pt.wikipedia.org/wiki/Mamoncillo,Guinep,arvore de canopy,"genip guinep genipe ginepa quenepa chenet canepa mamon limoncillo, lima-espanhola",,Mamoncillo
206,,Melissa officinalis,Melissa officinalis L.,582374,Erva-cidreira,https://pt.wikipedia.org/wiki/Erva-cidreira,Lemon balm,"Erva-cidreira, Melissa","Erva-cidreira, melissa","Erva-cidreira, melissa",Erva-cidreira
99,6,Mentha,,,Mentha,https://pt.wikipedia.org/wiki/Mentha,Mint,,"mentas, hortelãs","menta, hortelã",Mentha
888,8,Mentha piperita,Mentha x piperita,579698,Hortelã-pimenta,https://pt.wikipedia.org/wiki/Hortel%C3%A3-pimenta,Peppermint,Hortelã-pimenta,Hortelã-pimenta,,Hortelã-pimenta
204,,Mentha spicata,Mentha crispata Schrad. ex Willd.,579697,Hortelã-verde,https://pt.wikipedia.org/wiki/Hortel%C3%A3-verde,Spearmint,Hortelã-verde,"hortelã-verde, hortelã-de-leite, hortelã-das-cozinhas, hortelã-dos-temperos, hortelã-vulgar, hortelã-das-hortas, hortelã-comum, hortelã","hortelã-verde, hortelã-de-leite, hortelã-das-cozinhas, hortelã-dos-temperos, hortelã-vulgar, hortelã-das-hortas, hortelã-comum",Hortelã-verde
476,,Monstera deliciosa,Monstera deliciosa Liebm.,1138107,Costela-de-adão,https://pt.wikipedia.org/wiki/Costela-de-ad%C3%A3o,Fruit salad plant,"banana de brejo, banana de macao, banana do mato, deliciosa, fruta de México, tornélia",costela-de-adão,costela-de-adão,Costela-de-adão
702,,Morinda citrifolia,,,Noni,https://pt.wikipedia.org/wiki/Noni,Noni,,"noni, nono, aal",Noni,Noni
693,,Moringa oleifera,,,Acácia-branca,https://pt.wikipedia.org/wiki/Ac%C3%A1cia-branca,Malunggay,,"moringas, acácia-branca, árvore-rabanete-de-cavalo, cedro, moringueiro, quiabo-de-quina, akásia-branka, morangue, moxingo","Moringa, acácia-branca, árvore-rabanete-de-cavalo, cedro, moringueiro e quiabo-de-quina",Acácia-branca
92,,Morus,,,,https://pt.wikipedia.org/wiki/Morus,Mulberry,,,amoreiras,Amoreira
97,,Morus alba,Morus alba L.,594885,,https://pt.wikipedia.org/wiki/Morus_alba,White mulberry,Amoreira-branca,,,Amoreira-branca
96,,Morus nigra,,,,https://pt.wikipedia.org/wiki/Morus_nigra,Black mulberry,,,amoreira-preta,Amoreira-preta
711,,Muntingia calabura,Muntingia calabura L.,584862,,https://pt.wikipedia.org/wiki/Muntingia_calabura,Aratilis,"calabura, páo de seda",,Calabura,Calabura
466,,Murraya koenigii,Murraya koenigii (L.) Spreng.,483522,Murraya koenigii,https://pt.wikipedia.org/wiki/Murraya_koenigii,Curry tree,Folhas de Caril,árvore-do-caril,árvore-do-caril,Árvore-do-caril
75,,Musa,,,Banana,https://pt.wikipedia.org/wiki/Banana,Banana,,"Banana, pacoba, pacova",,Banana
160,,Musa,,,Musa × paradisiaca,https://pt.wikipedia.org/wiki/Musa_%C3%97_paradisiaca,Plantain,,"banana-da-terra banana-comprida pacova, chifre de boi",,Banana-da-terra
332,,Myrtus communis,Myrtus communis L.,2508590,Murta-comum,https://pt.wikipedia.org/wiki/Murta-comum,Common myrtle,"Mirto, murta",Murta,Murta-comum,Murta-comum
564,,Nasturtium officinale,Nasturtium officinale W.T. Aiton,583920,Rorippa nasturtium-aquaticum,https://pt.wikipedia.org/wiki/Rorippa_nasturtium-aquaticum,Watercress,"Agrião-da-água, Agrião",agrião,,Agrião-da-água
189,,Nelumbo lutea,,,,https://pt.wikipedia.org/wiki/Nelumbo_lutea,American lotus,,, lótus-amarelo,Lótus-amarelo
1513,,Nepeta,,,,https://pt.wikipedia.org/wiki/Nepeta_cataria,Catnip,,,"erva-gateira, erva-de-gato",Erva-gateira
521,,Nephelium lappaceum,,,Rambutão,https://pt.wikipedia.org/wiki/Rambut%C3%A3o,Rambutan,,"rambutão, rambutã, rambutan, rambotã, rambutaneira",rambutaneira,Rambutaneira
696,,Ocimum,,,Ocimum,https://pt.wikipedia.org/wiki/Ocimum,Basil,,"manjericão de folha-larga, manjericão, basílico",,Manjericão
59,,Olea europaea,Olea europaea L.,579181,Oliveira,https://pt.wikipedia.org/wiki/Oliveira,Olive,"Azeitona, Oliveira",oliveira,oliveira,Oliveira
516,,Origanum majorana,,,Manjerona,https://pt.wikipedia.org/wiki/Manjerona,Marjoram,,manjerona,manjerona ,Manjerona
193,,Origanum vulgare,Origanum vulgare,579367,Orégano,https://pt.wikipedia.org/wiki/Or%C3%A9gano,Oregano,"Orégão, Oregâos, Orégano","orégano, orégão","orégano, orégão",Orégano
366,,Osmanthus fragrans,Osmanthus fragrans Lour.,483929,,,Sweet osmanthus,flor de imperator,,,
463,,Pachira aquatica,Pachira aquatica Aubl.,584765,Monguba,https://pt.wikipedia.org/wiki/Monguba,Pumpo,"castanheiro da Guyana, astanheiro do maranhão, cacau selvagem, castanheira da água, castanheirio do maranhão, castanheiro de Guiana, mamorana, monguba, mungaba",monguba,"Monguba, munguba, mamorama, castanhola, castanha-do-maranhão, carolina, paineira-de-cuba, mamorana",Monguba
919,,Papaver rhoeas,Papaver rhoeas L.,596241,,,Red poppy,Papoila,,,
905,,Papaver somniferum,Papaver somniferum L.,594796,Papoila-dormideira,https://pt.wikipedia.org/wiki/Papoila-dormideira,Opium poppie,"Papoila, Dormideira, Papoula",,,Papoula-dormideira
1530,5,Papaveraceae,,,Papaveraceae,https://pt.wikipedia.org/wiki/Papaveraceae,Poppy,,"Papoila, papoula",,Papoula
806,,Parkinsonia aculeata,Parkinsonia aculeata L.,414714,,,Mexican palo verde,espinheiro de Jerusalém,,,Espinheiro de Jerusalém
78,,Passiflora edulis,Passiflora edulis Sims,584518,Maracujá,https://pt.wikipedia.org/wiki/Maracuj%C3%A1,Passionfruit,"maracujá, maracujá comúm, maracujá de comer, maracujá de doce, maracujá de ponche, maracujá mirim, maracujá pequeno, maracujá peroba, maracujá redondo",Maracujá,Maracujá,Maracujazeiro
190,,Passiflora incarnata,Passiflora incarnata L.,486617,Passiflora incarnata,https://pt.wikipedia.org/wiki/Passiflora_incarnata,Maypop,maracujazeiro vermelho,"Passiflora incarnata, flor-da-paixão",flor-da-paixão,Maracujazeiro vermelho
7,,Persea americana,Persea americana Mill.,596888,Abacate,https://pt.wikipedia.org/wiki/Abacate,Avocado,abacate,abacate,"Abacateiro, abacado, loiro-abacate, louro-abacate",Abacateiro
532,,Persicaria hydropiper,Persicaria hydropiper (L.) Opiz,586677,,https://pt.wikipedia.org/wiki/Polygonum_hydropiper,Water pepper,"Erva-pessegueira, Erva-de-bicho, Persicária",,,Persicária-picante
457,,Petroselinum crispum,Petroselinum crispum (Mill.) Nyman,581421,Salsa (planta),https://pt.wikipedia.org/wiki/Salsa_(planta),Garden parsley,Salsa,"salsa, salsinha, perrexil","salsa, salsinha, perrexil",Salsa
1119,8,Phanera variegata,,,Casco-de-vaca-lilás,https://pt.wikipedia.org/wiki/Casco-de-vaca-lil%C3%A1s,Camel's foot tree,,"Casco-de-vaca-lilás, unha-de-vaca-lilás",,Casco-de-vaca-lilás
64,,Phaseolus vulgaris,,,Vagem,https://pt.wikipedia.org/wiki/Vagem,Green bean,,Vagem,Feijão,Vagem
1173,,Phoenix,,,,https://pt.wikipedia.org/wiki/Phoenix_(planta),Date palm,,,"tamareira, datileira",Tamareira
1015,8,Phoenix canariensis,,,Palmeira-das-canárias,https://pt.wikipedia.org/wiki/Palmeira-das-can%C3%A1rias,Canary island date palm,,Palmeira-das-canárias,,Palmeira-das-canárias
315,8,Phoenix dactylifera,,,Tamareira,https://pt.wikipedia.org/wiki/Tamareira,Common date palm,,"tamareira, datileira",,Datileira
1123,8,Phoenix reclinata,,,Tamareira-do-senegal,https://pt.wikipedia.org/wiki/Tamareira-do-senegal,Senegal date palm,,Tamareira-do-senegal,,Tamareira-do-senegal
1111,8,Phoenix roebelenii,,,Tamareira-anã,https://pt.wikipedia.org/wiki/Tamareira-an%C3%A3,Pygmy date palm,,,,Tamareira-anã
569,6,Pinus,,,Pinheiro,https://pt.wikipedia.org/wiki/Pinheiro,Pine,,Pinheiro,pinheiro,Pinheiro
974,8,Pinus halepensis,,,Pinheiro-de-alepo,https://pt.wikipedia.org/wiki/Pinheiro-de-alepo,Aleppo pine,,pinheiro-de-alepo,,Pinheiro-de-alepo
269,,Pinus pinea,Pinus pinea L.,999491,Pinheiro-manso,https://pt.wikipedia.org/wiki/Pinheiro-manso,Stone pine,pinheiro manso,pinheiro-manso,pinheiro-manso,Pinheiro-manso
1054,8,Pinus sylvestris,Pinus sylvestris,1059929,Pinheiro-da-escócia,https://pt.wikipedia.org/wiki/Pinheiro-da-esc%C3%B3cia,Scots pine,"Pinheiro-da-escócia, pinheiro-silvestre","pinho-de-riga, pinheiro-silvestre, pinheiro-da-escócia, pinho-nórdico, casquinha-nórdica, casquinha",,Pinheiro-da-escócia
71,,Pistacia vera,Pistacia vera L.,483483,Pistache,https://pt.wikipedia.org/wiki/Pistache,Pistachio,"alfónsico, pistacheira, pistácia","pistache, pistáchio, pistácia, alfostigueiro, alfóstico, alfóstigo, pistácio, pistacho, alfóstica","pistache, pistáchio",Pistáchio
538,,Plantago lanceolata,Plantago lanceolata,579215,Plantago lanceolata,https://pt.wikipedia.org/wiki/Plantago_lanceolata,English plantain,Língua-de-ovelha,Língua de ovelha,Língua de ovelha,Língua-de-ovelha
598,,Plantago major,,,Plantago major,https://pt.wikipedia.org/wiki/Plantago_major,Common plantain,,tanchagem,"tanchagem, transagem, tansagem",Tanchagem
780,,Pleurotus ostreatus,,,Shimeji-preto,https://pt.wikipedia.org/wiki/Shimeji-preto,Pearl oyster mushroom,,"shimeji-preto, cogumelo ostra","shimeji-preto, cogumelo ostra",Shimeji-preto
1167,8,Plumeria rubra,,,Jasmim-manga,https://pt.wikipedia.org/wiki/Jasmim-manga,Common frangipani,,"Jasmim-manga, Frangipani",,Jasmim-manga
766,,Populus nigra,,,Populus nigra,https://pt.wikipedia.org/wiki/Populus_nigra,Black poplar,,"álamo, álamo-negro, choupo negro","álamo, álamo-negro, choupo negro",Choupo-preta
236,,Portulaca oleracea,,,Portulaca oleracea,https://pt.wikipedia.org/wiki/Portulaca_oleracea,Common purslane,,"beldroega comum, onze-horas, caaponga, salada-de-negro","beldroega comum, onze-horas, ora-pro-nobis, caaponga, salada-de-negro",Beldroega-comum
51,,Pouteria lucuma,,,Lúcuma,https://pt.wikipedia.org/wiki/L%C3%BAcuma,Lucuma,,lúcuma,,Lúcuma
807,,Prosopis,,,Mesquite,https://pt.wikipedia.org/wiki/Mesquite,Mesquite,,Mesquite,algarobeira,Mesquite
62,,Prunus,,,,,Cherry,,,cerejeira,Cerejeira
285,,Prunus,,,,https://pt.wikipedia.org/wiki/Prunus,Stone fruit,,,árvore de fruta com caroço,Árvore de fruta com caroço
68,8,Prunus amygdalus,Amygdalus communis auct.,231567,Amendoeira,https://pt.wikipedia.org/wiki/Amendoeira,Almond,Amêndoa,"amendoeira, amêndoa-de-coco, amêndoa-durázio, amêndoa-molar, amêndoa",,Amendoeira
79,8,Prunus armeniaca,,,Damasqueiro,https://pt.wikipedia.org/wiki/Damasqueiro,Apricot,,damasqueiro,damasqueiro,Damasqueiro
121,8,Prunus cerasus,,,Ginja,https://pt.wikipedia.org/wiki/Ginja,Sour cherry,,"Ginja, cereja ácida, amarena","Ginja, cereja ácida, amarena",Ginja
441,8,Prunus domestica,,,Prunus domestica,https://pt.wikipedia.org/wiki/Prunus_domestica,European plum,,ameixeira-europeia,ameixeira-europeia,Ameixeira-europeia
237,8,Prunus mahaleb,Prunus mahaleb L.,628570,,https://pt.wikipedia.org/wiki/Prunus_mahaleb,Mahaleb cherry,"Abrunheiro-bravo, Esgana-cão;",,,Abrunheiro-bravo
154,8,Prunus padus,,,Prunus padus,https://pt.wikipedia.org/wiki/Prunus_padus,European bird cherry,,"azereiro-dos-danados, pado, pado-do-alvão","azereiro-dos-danados, pado, pado-do-alvão",Azereiro-dos-danados
52,8,Prunus persica,Prunus persica (L.) Siebold & Zucc.,631649,Pessegueiro,https://pt.wikipedia.org/wiki/Pessegueiro,Peach,Pessegueiro,pessegueiro,pessegueiro,Pessegueiro
54,9,Prunus persica var. nucipersica,,,Pessegueiro,https://pt.wikipedia.org/wiki/Pessegueiro,Nectarine,,pessegueiro,,Nectarina
406,8,Prunus salicina,,,Prunus salicina,https://pt.wikipedia.org/wiki/Prunus_salicina,Japanese plum,,ameixeira-japonesa,ameixeira-japonesa ,Ameixeira-japonesa
168,8,Prunus serotina,,,Cerejeira-negra,https://pt.wikipedia.org/wiki/Cerejeira-negra,Black cherry,,Cerejeira negra,Cerejeira negra ,Cerejeira-negra
388,8,Prunus spinosa,,,Prunus spinosa,https://pt.wikipedia.org/wiki/Prunus_spinosa,Blackthorn,,abrunheiro,abrunheiro,Abrunheiro
76,,Psidium,,,,https://pt.wikipedia.org/wiki/Psidium,Guava,,,goiabeira,Goiabeira
58,,Psidium cattleianum,Psidium cattleianum Afzel. ex Sabine,2508592,Araçá-rosa,https://pt.wikipedia.org/wiki/Ara%C3%A7%C3%A1-rosa,Strawberry guava,"araça, araca da praia, araca de coroa, araca vermelho, araça amarelo","Araçá-rosa, araçá-amarelo, araçá-vermelho, araçá-de-comer, araçá-comum, araçá-de-coroa, araçá-da-praia, araçá-do-campo, araçazeiro, araçaeiro, araçá","araçaeiro, araçá",Araçá-rosa
458,,Psidium guajava,Psidium guajava L.,2508593,Goiabeira,https://pt.wikipedia.org/wiki/Goiabeira,Common guava,"araçá, araçá goiaba, araçá-uaçu, goiaba, goiabeira, goiabeira branca, goiabeira pera, goiabeira vermelha, guaiaba",goiabeira,goiabeira comum,Goiabeira-comum
103,,Pueraria lobata,,,Pueraria lobata,https://pt.wikipedia.org/wiki/Pueraria_lobata,Kudzu,,kudzu,,Kudzu
13,,Punica granatum,Punica granatum L.,582971,Romã,https://pt.wikipedia.org/wiki/Rom%C3%A3,Pomegranate,"Romãzeira, Romã",romã,,Romãzeira
733,,Pyracantha coccinea,,,Pyracantha coccinea,https://pt.wikipedia.org/wiki/Pyracantha_coccinea,Scarlet firethorn,,"Piricanto, piracanta",,Piricanto
15,6,Pyrus,,,Pera,https://pt.wikipedia.org/wiki/Pera,Pear,,pera,,Pera
286,,Pyrus communis,Pyrus communis L.,414311,,,European pear,Pereira,,,Pera-comum
124,,Pyrus pyrifolia,,,Pera-nashi,https://pt.wikipedia.org/wiki/Pera-nashi,Asian pear,,"pêra-nashi, náxi, pêra-japonesa, pêra-coreana, pêra-de-taiwan, pêra-maçã",,Pera-nashi
72,6,Quercus,,,Carvalho,https://pt.wikipedia.org/wiki/Carvalho,Oak,,Carvalho,,Carvalho
955,8,Quercus acutissima,,,Quercus acutissima,https://pt.wikipedia.org/wiki/Quercus_acutissima,Sawtooth oak,,Quercus acutissima,,Carvalho-do-Japão
274,,Quercus ilex,Quercus ilex L.,1151536,Azinheira,https://pt.wikipedia.org/wiki/Azinheira,Holm oak,"azinheira, azinheiro, azinho",azinheiras,,Azinheira
249,,Quercus robur,,,Carvalho-roble,https://pt.wikipedia.org/wiki/Carvalho-roble,English oak,,"carvalho-vermelho, carvalho-roble, carvalho-alvarinho",,Carvalho-roble
129,,Quercus suber,,,Sobreiro,https://pt.wikipedia.org/wiki/Sobreiro,Cork oak,,"sobreiro, sobro, sobreira, chaparro",,Sobreiro
1611,8,Ranunculus ficaria,Ranunculus ficaria L.,473789,,https://pt.wikipedia.org/wiki/Ranunculus_ficaria,Lesser celandine,"Ficária, Celidónia-menor",,,Ficária
849,8,Raphanus sativus,,,Rabanete,https://pt.wikipedia.org/wiki/Rabanete,Radish,,Rabanete,,Rabanete
1017,8,Rhamnus alaternus,Rhamnus alaternus L.,5533509,Rhamnus alaternus,https://pt.wikipedia.org/wiki/Rhamnus_alaternus,Italian buckthorn,"Sanguinho-das-sebes, Aderno-bastardo","aderno-bastardo, aderno-bravo, espinheiro-cerval, sanguinho-das-sebes",,Aderno-bastardo
909,8,Rhamnus cathartica,Rhamnus cathartica L.,582356,,,Common buckthorn,"Espinheiro-cerval, Tamuje",,,Espinheiro-cerval
24,,Rheum rhabarbarum,,,Ruibarbo,https://pt.wikipedia.org/wiki/Ruibarbo,Rhubarb,,ruibarbo,,Ruibarbo
910,,Rhododendron,,,Rododendro,https://pt.wikipedia.org/wiki/Rododendro,Azalea,,rododendro,,Rododendro
106,6,Ribes,,,Ribes,https://pt.wikipedia.org/wiki/Ribes,Currant,,groselha,,Groselheira
630,,Ribes nigrum,,,Cassis,https://pt.wikipedia.org/wiki/Cassis,Blackcurrant,,"cassis, groselheira-preta",,Groselheira-preta
432,,Ribes rubrum,,,,,Redcurrant,,,,Groselheira-vermelha
126,,Ribes uva-crispa,,,Groselheira,https://pt.wikipedia.org/wiki/Groselheira,Gooseberry,,groselheira,,Groselheira-espinosa
82,6,Rosa,,,Rosa,https://pt.wikipedia.org/wiki/Rosa,Rose,,rosa,,Rosa
10,,Rosmarinus officinalis,Rosmarinus officinalis L.,579379,Alecrim,https://pt.wikipedia.org/wiki/Alecrim,Rosemary,"Alecrim, alecrim-do-jardim, erva-coroada, rosa-marinha, rosmarinho",alecrim,,Alecrim-do-jardim
1135,8,Roystonea regia,,,Roystonea regia,https://pt.wikipedia.org/wiki/Roystonea_regia,Cuban royal palm,,palmeira-real-de-cuba,,Palmeira-real-de-cuba
122,,Rubus,,,Framboesa,https://pt.wikipedia.org/wiki/Framboesa,Raspberry,,framboesa,,Framboesa
566,,Rubus × loganobaccus,,,Rubus x loganobaccus,https://pt.wikipedia.org/wiki/Rubus_x_loganobaccus,Loganberry,,"baga-de-logan, loganberry",,Baga-de-logan
420,,Rubus chamaemorus,,,Rubus chamaemorus,https://pt.wikipedia.org/wiki/Rubus_chamaemorus,Cloudberry,,"amora-branca-silvestre, amora-ártica, framboesa-amarela",,Amora-branca-silvestre
437,,Rumex acetosa,,,Rumex acetosa,https://pt.wikipedia.org/wiki/Rumex_acetosa,Common sorrel,,azeda,,Azeda
872,6,Salix,,,Salgueiro,https://pt.wikipedia.org/wiki/Salgueiro,Willow,,"Salgueiro, chorão, sinceiro, vime, vimeiro, salso",,Salgueiro
967,8,Salix babylonica,,,Salgueiro-chorão,https://pt.wikipedia.org/wiki/Salgueiro-chor%C3%A3o,Babylon willow,,"chorão, salgueiro-chorão, salso-chorão",,Salgueiro-chorão
912,,Salix discolor,,,Salix discolor,https://pt.wikipedia.org/wiki/Salix_discolor,American willow,,"Salix discolor, salgueiro-gato",,Salgueiro-gato
213,,Salix nigra,,,Salix nigra,https://pt.wikipedia.org/wiki/Salix_nigra,Black willow,,Salix nigra,,Salgueiro-negro
9,,Salvia,,,Salvia,https://pt.wikipedia.org/wiki/Salvia,Sage,,"Salva, Sálvia",,Sálvia
322,8,Sambucus nigra,Sambucus nigra L.,488731,,https://pt.wikipedia.org/wiki/Sambucus_nigra,Black elderberry,sabugueiro,,,Sabugueiro-preto
1511,8,Sanguisorba minor,Sanguisorba minor Scop.,626892,,https://pt.wikipedia.org/wiki/Sanguisorba_minor,Salad burnet,Pimpinela,,,Pimpinela
987,8,Sapindus saponaria,,,Fruta-de-sabão,https://pt.wikipedia.org/wiki/Fruta-de-sab%C3%A3o,Western soapberry,,"árvore-do-sabão, fruta-de-sabão, ibaró, jequiri, jequiriti, jequitiguaçu, pau-de-sabão, pau-sabão, sabão-de-macaco, sabão-de-mico, sabão-de-soldado, sabãozinho, saboeiro, saboneteira, saboneteiro, salta-martim, saponária",,Árvore-do-sabão
147,,Sassafras albidum,Sassafras albidum (Nutt.) Nees,596911,,https://pt.wikipedia.org/wiki/Sassafras_albidum,Sassafras,Sassafrás,,,Sassafrás norte-americano
762,,Satureja,,,Satureja,https://pt.wikipedia.org/wiki/Satureja,Satureja species,,"segurelhas, saturejas",,Segurelha
421,,Satureja hortensis,Satureja hortensis,579694,,https://pt.wikipedia.org/wiki/Satureja_hortensis,Summer savory,"segurelha, Segurelha-das-hortas, Segurelha-das-montanhas*",,,Segurelha-das-hortas
262,,Schinus terebinthifolius,Schinus terebinthifolius Raddi,582274,Aroeira-vermelha,https://pt.wikipedia.org/wiki/Aroeira-vermelha,Brazilian pepper,"Pimenta-rosa, Mansa, aroeira, aroeira pimenteira, aroeira vermelha","Aroeira-vermelha, aroeira-pimenteira, poivre-rose",,Aroeira-vermelha
427,,Sciurus carolinensis,,,Esquilo-cinzento,https://pt.wikipedia.org/wiki/Esquilo-cinzento,Eastern gray squirrel,,esquilo-cinzento,,Esquilo-cinzento
518,,Sechium edule,Sechium edule (Jacq.) Sw.,584297,Chuchu,https://pt.wikipedia.org/wiki/Chuchu,Chayote,"chahiota, pepinello","chuchu, machucho, caiota, pimpinela",,Chuchu
933,8,Silybum marianum,Silybum marianum (L.) Gaertn.,509366,,https://pt.wikipedia.org/wiki/Silybum_marianum,Milk thistle,Cardo-mariano,,,Cardo-mariano
695,,Sinapis alba,Sinapis alba L.,583812,Sinapis alba,https://pt.wikipedia.org/wiki/Sinapis_alba,White mustard,"Mostarda-branca, Mostarda branca",mostarda-branca,,Mostarda-branca
614,,Smyrnium olusatrum,Smyrnium olusatrum L.,482116,,,Alexanders,"Salsa-de-cavalo, salsa de cavalo",,,Salsa-de-cavalo
862,5,Solanaceae,Solanaceae,4437,Solanaceae,https://pt.wikipedia.org/wiki/Solanaceae,Nightshade,Solanacée,"Solanaceae, fumo",,Solanacée
470,,Solanum betaceum,Solanum betaceum Cav.,486416,Tamarilho,https://pt.wikipedia.org/wiki/Tamarilho,Tamarillo,tomate Francés,"Tamarilho, tomate-japonês, tomate-maracujá, tomate-inglês, tomate-arbóreo",,Tamarilho
61,,Solanum lycopersicum,,,Tomate,https://pt.wikipedia.org/wiki/Tomate,Tomato,,"tomate, tomateiro",,Tomateiro
732,,Solanum melongena,,,Beringela,https://pt.wikipedia.org/wiki/Beringela,Eggplant,,"beringela, berinjela",,Beringela
638,,Solanum tuberosum,Solanum tuberosum,482935,Batata,https://pt.wikipedia.org/wiki/Batata,Potato,batateira,"Batata, batata-inglesa, batatinha, escorva, papa, semilha",,Batata-inglesa
278,,Sorbus aucuparia,,,Sorbus aucuparia,https://pt.wikipedia.org/wiki/Sorbus_aucuparia,European rowan,,tramazeira,,Tramazeira
411,,Sorbus domestica ,,,Sorva,https://pt.wikipedia.org/wiki/Sorva,True service tree,,"Sorva, sorveira",,Sorveira
1147,8,Spathodea campanulata,,,Bisnagueira,https://pt.wikipedia.org/wiki/Bisnagueira,African tulip tree,,"bisnagueira, tulipeira-do-gabão, chama-da-floresta",,Bisnagueira
930,8,Spinacia oleracea,,,Espinafre,https://pt.wikipedia.org/wiki/Espinafre,Spinach,,Espinafre,,Espinafre
740,,Spondias mombin,Spondias mombin L.,582279,Cajá,https://pt.wikipedia.org/wiki/Caj%C3%A1,Yellow mombin,"acaja zeira, acaíba, cajazeira, cajá, cajá mirim, cajá pequeno, imbuseiro, mandiplo, taperebá",cajá,,Cajá
229,,Stellaria media,,,Morugem,https://pt.wikipedia.org/wiki/Morugem,Common chickweed,,"morugem, morugem-branca, morugem-verdadeira, esparguta, morugem vulgar",,Morugem-branca
273,,Syagrus romanzoffiana,Syagrus romanzoffiana (Cham.) Glassman,1129524,Jerivá,https://pt.wikipedia.org/wiki/Jeriv%C3%A1,Queen palm,"Palmeira-rainha, Cabeçudo, guariroba, jeribá","jerivá, baba-de-boi, coco-catarro, coqueiro, coqueiro-jerivá, coquinho-de-cachorro, jeribá",,Jerivá
454,,Syzygium cumini,,,Jamelão,https://pt.wikipedia.org/wiki/Jamel%C3%A3o,Jambul,,"jamelão, jambo, jambolão, baguaçu, jalão, joão-bolão, manjelão, azeitona-preta, baga-de-freira, brinco-de-viúva, guapê",,Jamelão
265,,Syzygium paniculatum,,,Syzygium paniculatum,https://pt.wikipedia.org/wiki/Syzygium_paniculatum,Magenta lilly pilly,,"mirtilo-da-nova-zelândia, mirtilo-vermelho, mirtilo-magenta",,Mirtilo-da-nova-zelândia
453,,Tamarindus indica,Tamarindus indica L.,639027,,https://pt.wikipedia.org/wiki/Tamarindus,Tamarind,"tamarindeiro, Tamarindo, tambarina",,,Tamarindeiro
543,,Tanacetum vulgare,,,Catinga-de-mulata,https://pt.wikipedia.org/wiki/Catinga-de-mulata,Common tansy,,catinga-de-mulata,,Catinga-de-mulata
726,,Theobroma grandiflorum,Theobroma grandiflorum (Willd. ex Spreng.) K. Schum.,482162,,https://pt.wikipedia.org/wiki/Cupua%C3%A7u,Cupuaçu,"copoaçú, cupuassú, cupuaçú, pupu, pupuaçú",,,Cupuaçu
163,6,Tilia,,,Tilia,https://pt.wikipedia.org/wiki/Tilia,Linden,,tília,,Tília
253,,Tilia cordata,Tilia cordata,486446,,,Small-leaved linden,Tília-de-folhas-pequenas,,,Tília-de-folhas-pequenas
1507,9,Trachemys scripta elegans,Trachemys scripta elegans (WIED 1838),1242026,Tartaruga-do-ouvido-vermelho,https://pt.wikipedia.org/wiki/Tartaruga-do-ouvido-vermelho,Red-eared slider,Tartaruga-da-Flórida,tartaruga-do-ouvido-vermelho,,Tartaruga-do-ouvido-vermelho
950,8,Triadica sebifera,Triadica sebifera (L.) Small,1149652,,,Chinese tallow tree,"Sapium sebiferum, árvore do sebo",,,
728,,Trifolium pratense,Trifolium pratense L.,703430,Trifolium pratense,https://pt.wikipedia.org/wiki/Trifolium_pratense,Red clover,Trevo-violeta,Trevo vermelho,,Trevo-vermelho
589,,Ulex,,,Tojo,https://pt.wikipedia.org/wiki/Tojo,Gorse,,"Tojo, mato",,Tojo
1395,8,Ursus americanus,,,Ursus americanus,https://pt.wikipedia.org/wiki/Ursus_americanus,American black bear,,urso-negro,,Urso-negro
232,,Urtica dioica,,,Urtica dioica,https://pt.wikipedia.org/wiki/Urtica_dioica,Stinging nettle,,Urtiga comum,,Urtiga-comum
223,,Vaccinium,,,Oxicoco,https://pt.wikipedia.org/wiki/Oxicoco,Cranberry,,Oxicoco,,Oxicoco
425,,Vaccinium vitis-idaea,,,Vaccinium vitis-idaea,https://pt.wikipedia.org/wiki/Vaccinium_vitis-idaea,Lingonberry,,Vaccinium vitis-idaea,,
415,,Viburnum lentago,,,Viburnum lentago,https://pt.wikipedia.org/wiki/Viburnum_lentago,Nannyberry,,Viburnum lentago,,
607,,Viburnum opulus,,,Viburnum opulus,https://pt.wikipedia.org/wiki/Viburnum_opulus,Guelder rose,,Virbunum opulus Kalyna,,
355,,Viburnum prunifolium,,,Viburnum prunifolium,https://pt.wikipedia.org/wiki/Viburnum_prunifolium,Blackhaw,,Viburnum prunifolium,,
176,8,Viburnum trilobum,,,Lonicera pileata,https://pt.wikipedia.org/wiki/Lonicera_pileata,American cranberrybush,,Lonicera pileata,,
506,,Vicia faba,Vicia faba L.,703202,Vicia faba,https://pt.wikipedia.org/wiki/Vicia_faba,Fava bean,Fava,"fava, fava-comum, feijão-fava, fava silvestre, fava-italiana",,Fava-comum
923,,Vicia sativa,Vicia sativa L.,703227,,https://pt.wikipedia.org/wiki/Vicia_sativa,Spring vetch,Ervilhaca-vulgar,,,Ervilhaca-vulgar
866,9,Vigna unguiculata subsp. unguiculata,Vigna unguiculata subsp. unguiculata (L.)Walp.,1231417,Vigna unguiculata,https://pt.wikipedia.org/wiki/Vigna_unguiculata,Black-eyed pea,feijoa frade,"feijão-miúdo, feijão-de-corda, feijão-fradinho, feijão-frade, feijão-macáçar",,Feijão-frade
424,,Viola,,,Viola (planta),https://pt.wikipedia.org/wiki/Viola_(planta),Violet,,"violetas, amores-perfeitos",,Violeta
336,,Vitex agnus-castus,Vitex agnus-castus L.,579727,Vitex agnus-castus,https://pt.wikipedia.org/wiki/Vitex_agnus-castus,Chaste tree,"Anho-casto, Agno casto, Flor da castidade, Pimenteiro silvestre, Árvore da castidade, Árvore-da-castidade","vitex, agno-casto, Liamba, anho-casto, agno-puro, árvore-da-castidade, pimenteiro-silvestre",,Anho-casto
16,6,Vitis,,,Vitis,https://pt.wikipedia.org/wiki/Vitis,Grape,,"Videira, vite, vinha, vinhal, vinhedo, parreira",,Videira
629,,Vitis vinifera,Vitis vinifera L.,582304,,https://pt.wikipedia.org/wiki/Vitis_vinifera,Common grape,"Videira, vinha, vinho",,,
325,,Washingtonia robusta,,,Washingtonia robusta,https://pt.wikipedia.org/wiki/Washingtonia_robusta,Mexican fan palm,,Washingtonia robusta,,
645,,Zea mays,Zea mays L.,1115259,Milho,https://pt.wikipedia.org/wiki/Milho,Corn,Milho,"milho, abati, auati, avati",,Milho
931,8,Zingiber officinale,Zingiber officinale Roscoe,987032,Gengibre,https://pt.wikipedia.org/wiki/Gengibre,Ginger,Gengibre,"gengibre, Mangarataia",,Gengibre
104,,Ziziphus jujuba,,,Jujuba,https://pt.wikipedia.org/wiki/Jujuba,Jujube,,"Jujuba, açofeifeira, jujubeira, açofeifa, açofaifa, açofaita",,Jujuba
89,,,,,Cogumelo,https://pt.wikipedia.org/wiki/Cogumelo,Mushroom,,Cogumelo,,Cogumelo
161,,,,,Bambu,https://pt.wikipedia.org/wiki/Bambu,Bamboo,,Bambu,,Bambu
211,,,,,Colmeia,https://pt.wikipedia.org/wiki/Colmeia,Beehive,,Colmeia,,Colmeia
234,,,,,Árvore frutífera,https://pt.wikipedia.org/wiki/%C3%81rvore_frut%C3%ADfera,Fruit tree,,árvore frutífera,,Árvore frutífera
1386,,,,,,,Mango,,,mangueira,Mangueira
384,,,,,Noz,https://pt.wikipedia.org/wiki/Noz,Nut tree,,fruto de casca rija,,Noz
508,,,,,Agricultura urbana,https://pt.wikipedia.org/wiki/Agricultura_urbana,Urban farm,,Agricultura urbana,,Agricultura urbana
517,,,,,Hortaliça,https://pt.wikipedia.org/wiki/Hortali%C3%A7a,Vegetable,,"Hortaliças legumes, verduras",,Hortaliça
533,,,,,Poço (água),https://pt.wikipedia.org/wiki/Po%C3%A7o_(%C3%A1gua),Water well,,poço,,Poço
534,,,,,Peixe,https://pt.wikipedia.org/wiki/Peixe,Fish,,"peixes, PeixesPeríodo fóssil: Cambriano Médio–RecentePreЄЄOSDCPTJKPgN",,Peixe
562,,,,,Nascente (hidrografia),https://pt.wikipedia.org/wiki/Nascente_(hidrografia),Water spring,,"nascente, cabeceira, olho-d'água, exsurgência, mina de água, fonte",,Nascente
611,,,,,Pomar,https://pt.wikipedia.org/wiki/Pomar,Orchard,,pomar,,Pomar
641,,,,,Jardinagem de guerrilha,https://pt.wikipedia.org/wiki/Jardinagem_de_guerrilha,Guerilla garden,,Jardinagem de guerrilha,,Jardinagem de guerrilha
663,,,,,Balanço (playground),https://pt.wikipedia.org/wiki/Balan%C3%A7o_(playground),Tree swing,,"balanço, baloiço",,Balanço
674,,,,,Agricultura urbana,https://pt.wikipedia.org/wiki/Agricultura_urbana,Growing space,,Agricultura urbana,,
687,,,,,Fruto,https://pt.wikipedia.org/wiki/Fruto,Fruit,,fruto,,Fruto
688,,,,,Lagostim,https://pt.wikipedia.org/wiki/Lagostim,Crayfish,,Lagostim,,Lagostim
694,,,,,Lista de plantas medicinais,https://pt.wikipedia.org/wiki/Lista_de_plantas_medicinais,Medicinal plant,,"Plantas medicinais, Medicamento Fitoterápico",,Planta medicinal
712,,,,,Coelho,https://pt.wikipedia.org/wiki/Coelho,Rabbit,,coelhos,,Coelho
735,,,,,Fontanário,https://pt.wikipedia.org/wiki/Fontan%C3%A1rio,Drinking fountain,,"fontanário, chafariz, fonte",,Fontanário
745,,,,,Samambaia,https://pt.wikipedia.org/wiki/Samambaia,Fern,,"fetos fetas, samambaias",,Samambaia
750,,,,,Plantae,https://pt.wikipedia.org/wiki/Plantae,Plant,,"Reino Plantae, Metaphyta, Vegetabilia, Vegetal",,Planta
751,,,,,Palha,https://pt.wikipedia.org/wiki/Palha,Straw,,Palha,,Palha
763,,,,,Cactaceae,https://pt.wikipedia.org/wiki/Cactaceae,Cactus,,"Cactaceae, cactos",,Cacto
843,,,,,Freeganismo,https://pt.wikipedia.org/wiki/Freeganismo,Freegan,,freeganismo,,Freeganismo
846,,,,,Refeição,https://pt.wikipedia.org/wiki/Refei%C3%A7%C3%A3o,Meal,,Refeição,,Refeição
848,,,,,Banco (mobiliário),https://pt.wikipedia.org/wiki/Banco_(mobili%C3%A1rio),Public bench,,Banco,Banco público,Banco público
1479,,,,,Bomba de bicicleta,https://pt.wikipedia.org/wiki/Bomba_de_bicicleta,Bicycle pump,,bomba de bicicleta,,Bomba de bicicleta
1485,,,,,Estacionamento,https://pt.wikipedia.org/wiki/Estacionamento,Public parking,,Estacionamento,,Estacionamento público